"","beta.1","beta.2","beta.3","beta.4","beta.5","beta.6","beta.7","beta.8","sigma2","delta"
"1",7.4882412159892,2.63696650462089e-07,1.23456517784191e-06,0.0228394531418025,6.74486416325424e-05,0.224623175645575,0.447386588353594,0.0133601662639494,0.570921744588861,0
