beta.1,beta.2,beta.3,beta.4,beta.5,beta.6,beta.7,beta.8,sigma2,delta
2.241834705624612123e-01,4.872213931317025526e+03,4.453415648241719282e+03,5.841013848907934403e+00,7.672581853767986104e+03,6.386725114409331994e+00,3.795614950189431624e+00,1.169759810662081101e+01,5.388052255592602258e+00,8.067667009256630794e-07
