"","beta.1","beta.2","beta.3","beta.4","beta.5","beta.6","beta.7","beta.8","sigma2","delta"
"1",5.93277760199421,0.000959471621385852,1e-10,0.00814037442105253,3.8935032909544e-07,0.00811601052767663,0.187883872823858,0.00577000067643533,3.97859823181333,1.73592115581903e-07
