"","beta.1","beta.2","beta.3","beta.4","beta.5","beta.6","beta.7","beta.8","sigma2","delta"
"1",13.4477453549509,4.71169558052529e-07,4.71156113116277e-18,0.0113951300706835,5.5265009934421e-13,0.00630631523797902,0.0435551648700605,0.0151165730841639,4.05800247244851,8.32156002045161e-17
