beta.1,beta.2,beta.3,beta.4,beta.5,beta.6,beta.7,beta.8,sigma2,delta
2.952179037092329539e-01,1.288276094619553987e+04,2.524148770207653288e+05,1.371427337150828230e+01,2.737605958013762574e+03,1.423548182786720240e+01,5.961713120162882795e+00,1.066132494576868339e+01,1.842006476722598762e+01,6.432201296717661001e-06
