"","beta.1","beta.2","beta.3","beta.4","beta.5","beta.6","beta.7","beta.8","sigma2","delta"
"1",6.45581128012488,5.24105304259099e-10,4.59473254447527e-08,0.00739058986682275,0.00189444080015203,0.0143610731061468,0.00627671067943315,0.00146765461081607,12.9180084631883,4.26517307456967e-06
