"","beta.1","beta.2","beta.3","beta.4","beta.5","beta.6","beta.7","beta.8","sigma2","delta"
"1",10.7753234920736,2.00336274648993e-07,1e-10,0.0196076264264705,1.69656337723402e-07,0.0183333794912067,0.0388613951133613,0.00414627407949132,3.48436489908612,1.47504999949429e-07
