"","beta.1","beta.2","beta.3","beta.4","beta.5","beta.6","beta.7","beta.8","sigma2","delta"
"1",5.36580364765245,1e-10,1e-10,0.00198267285976214,1e-10,0.00186690043723294,0.0102823253647021,0.00335949371719806,31.5438281294141,1.96209551457332e-07
