beta.1,beta.2,beta.3,beta.4,beta.5,beta.6,beta.7,beta.8,sigma2,delta
3.506124251203768694e+00,3.363709770065391058e+04,4.074793539982074435e+04,1.038257078842965200e+02,3.556622926781680144e+04,1.259811512112591885e+02,1.462943996282971604e+01,8.747748805721781196e+01,3.442350985622294047e+03,5.562684646268136855e-309
