"","beta.1","beta.2","beta.3","beta.4","beta.5","beta.6","beta.7","beta.8","sigma2","delta"
"1",10.7007543478888,0.000669145796842753,8.0632738972834e-09,0.0115443483335643,0.0027560081586133,0.0162729442293523,0.0885236771517807,0.00378603592580611,1.830300719138,0
