"","beta.1","beta.2","beta.3","beta.4","beta.5","beta.6","beta.7","beta.8","sigma2","delta"
"1",0.244454566383714,1.9875,1.9875,1.72430312408267,1.9875,1.9605465035158,1.9875,1.9875,0.043788051174621,4.3788051832526e-10
