"","beta.1","beta.2","beta.3","beta.4","beta.5","beta.6","beta.7","beta.8","beta.9","beta.10","beta.11","beta.12","beta.13","beta.14","beta.15","beta.16","beta.17","beta.18","beta.19","beta.20","beta.21","beta.22","beta.23","beta.24","beta.25","beta.26","beta.27","beta.28","beta.29","beta.30","beta.31","beta.32","beta.33","beta.34","beta.35","beta.36","beta.37","beta.38","beta.39","beta.40","beta.41","beta.42","beta.43","beta.44","sigma2","delta"
"1",0.433517136757194,0.241294853372542,0.0303732936939213,-0.0154967761050276,-0.00171484727557786,0.0152898631314414,-0.0743564213026905,0.0560948006879853,-0.0536898283311052,0.201545899293203,0.248143626128202,-0.0749270438151697,0.00351109727262226,-0.0184599443632345,-0.0301811766487635,-0.00632661336393543,-0.0340658132729895,-0.0107146363900845,0.00918767579824073,0.0354311361466408,-0.00931241837651585,-0.257822243457711,-0.00147519555651122,0.00667992415511688,-0.0210586705549211,0.0272822034773682,-0.0536516948100178,-0.199002344764899,-0.197898122141969,0.0215357246885928,0.0360192170843549,-0.130633446403122,-0.0188355432215017,0.0780506289739397,0.119844785114756,0.0605449591114952,0.025031502611655,-0.00855058154005029,0.025735286538632,0.026131984082349,-0.018351731427112,-0.090653824027038,-0.0233313681125706,0.0666773938633546,0.000768462440062863,0
