"","beta.1","beta.2","beta.3","beta.4","beta.5","beta.6","beta.7","beta.8","beta.9","beta.10","beta.11","beta.12","beta.13","beta.14","beta.15","beta.16","beta.17","beta.18","beta.19","beta.20","beta.21","beta.22","beta.23","beta.24","beta.25","beta.26","beta.27","beta.28","beta.29","beta.30","beta.31","beta.32","beta.33","beta.34","beta.35","beta.36","beta.37","beta.38","beta.39","beta.40","beta.41","beta.42","beta.43","beta.44","sigma2","delta"
"1",0.248109532356196,0.202795591812442,-0.0177229724524867,0.07791229001836,0.0142665355465707,0.101994637289418,0.017178854359426,-0.0397382192893192,-0.00067877178143143,0.113378849717781,0.265887843068284,0.00206083270184565,-0.0835342742252988,-0.0140679344734488,0.0256625627993793,-0.0104203505675747,0.0358115434752881,-0.00831281031850882,0.00534153101922408,-0.0177814311575547,-0.0330461289643279,-0.309134321836295,-0.0307336834758205,-0.0185728694918254,-0.0601927034646562,-0.0335905621406975,0.0502740365374624,-0.117438295189028,-0.155924611793236,-0.0203834332921218,-0.0529612630996894,-0.0438617986283761,-0.0109799206078268,0.0844071381648435,0.0614647216331645,-0.0178766626360536,0.111011261927982,0.00447789637980225,-0.0214310382363691,0.066397168514442,0.0446887220400156,-0.0307773929281897,-0.0523863472764304,0.0452195094721517,0.000800860750996903,0
