"","beta.1","beta.2","beta.3","beta.4","beta.5","beta.6","beta.7","beta.8","sigma2","delta"
"1",1.51641169534158,1.06790477086726e-10,1.15879396161911e-10,0.0183439241838059,1e-10,0.0148829247411209,0.0165652375097996,0.00555296751783336,0.903587293438255,0
