beta.1,beta.2,beta.3,beta.4,beta.5,beta.6,beta.7,beta.8,sigma2,delta
9.766623915779076626e+00,1.121294422186908406e+02,1.381623652711050585e+06,1.191390318644803585e+02,1.548747516563168727e+06,1.148443001909391370e+02,5.595222662630838784e+01,1.126295960428054315e+02,1.218909187416008564e+02,5.562684646268136855e-309
