beta.1,beta.2,beta.3,beta.4,beta.5,beta.6,beta.7,beta.8,sigma2,delta
3.868139502745489455e+00,1.824974304230796406e+05,1.708281725616617769e+05,1.163745470720542983e+02,2.075632625129801745e+05,1.399087294399703580e+02,6.028849948160652161e+01,1.432530225559689256e+02,2.050077480597706381e+04,5.562684646268136855e-309
