"","beta.1","beta.2","beta.3","beta.4","beta.5","beta.6","beta.7","beta.8","sigma2","delta"
"1",0.348220224685297,1.9875,1.9875,1.9875,1.9875,1.9875,1.61033772277765,1.9875,0.0793042842625661,1.09400973216525e-05
