"","beta.1","beta.2","beta.3","beta.4","beta.5","beta.6","beta.7","beta.8","sigma2","delta"
"1",7.34072348093813,3.74691330184809e-06,0.000257353565272435,0.0790872690512455,0.00217751107148905,0.0206252298406599,0.0196260086558939,0.00264377680426526,2.01816807115297,3.31091718739308e-06
