beta.1,beta.2,beta.3,beta.4,beta.5,beta.6,beta.7,beta.8,sigma2,delta
8.390096433068164217e+00,1.891367014193020295e+05,2.358908608011326578e+05,1.134329391940873961e+02,2.128740702696913213e+05,1.059682695777653691e+02,5.255756318523810222e+01,1.198828824453575805e+02,1.366089442753437027e+02,5.562684646268136855e-309
