"","beta.1","beta.2","beta.3","beta.4","beta.5","beta.6","beta.7","beta.8","sigma2","delta"
"1",0.525211199971937,1.9875,1.9875,1.9875,1.9875,1.9875,1.98692403380942,1.9875,0.0376036918517177,3.76036924167041e-10
