"","beta.1","beta.2","beta.3","beta.4","beta.5","beta.6","beta.7","beta.8","sigma2","delta"
"1",0.430429073769237,1.9875,1.9875,1.85687091114469,1.9875,1.9875,1.9875,1.9875,0.0270376528692798,2.7037653275514e-10
