"","beta.1","beta.2","beta.3","beta.4","beta.5","beta.6","beta.7","beta.8","sigma2","delta"
"1",0.425258028469023,1.9875,1.9875,1.9875,1.9875,1.9875,1.9875,1.9875,0.025648168236444,0
