"","beta.1","beta.2","beta.3","beta.4","beta.5","beta.6","beta.7","beta.8","sigma2","delta"
"1",0.649837599667002,1.9875,1.9875,1.9875,1.9875,1.9875,1.9875,1.9875,0.020699871040956,2.06998713519666e-10
