beta.1,beta.2,beta.3,beta.4,beta.5,beta.6,beta.7,beta.8,sigma2,delta
3.880290405661965814e+00,1.135884046411436575e+05,1.284050016610953899e+05,8.212409794111862027e+01,9.588760814861781546e+04,1.428026887056907981e+02,6.211006971000454513e+01,9.231138037791788520e+01,1.355087124342942479e+04,5.562684646268136855e-309
