"","beta.1","beta.2","beta.3","beta.4","beta.5","beta.6","beta.7","beta.8","sigma2","delta"
"1",0.231241470709494,1.9875,1.9875,1.9875,1.9875,1.9875,1.78461148471183,1.9875,0.0437775889324671,4.37775895902148e-10
