beta.1,beta.2,beta.3,beta.4,beta.5,beta.6,beta.7,beta.8,sigma2,delta
1.955813709002713618e-01,3.783144573451634642e+03,4.482685466908969829e+03,7.929119229187704398e+00,2.824973958252326156e+03,9.320129013504143245e+00,3.731417060081639647e+00,6.179973680052291307e+00,5.815663572571946105e+00,5.562684646268136855e-309
