beta.1,beta.2,beta.3,beta.4,beta.5,beta.6,beta.7,beta.8,sigma2,delta
2.403243959570726951e-01,1.356868849914989283e+01,2.479291164116009895e+03,1.122440670014434616e+01,1.498983962708794024e+03,1.124132960059804098e+01,2.799471813767290040e+00,1.239370123789256795e+01,6.649903841887238265e+00,3.011277452140138025e-07
