"","beta.1","beta.2","beta.3","beta.4","beta.5","beta.6","beta.7","beta.8","sigma2","delta"
"1",0.16531119839848,4.106640625,4.106640625,4.106640625,4.106640625,3.8017181640084,4.106640625,4.106640625,0,0.00136686750052348
