"","beta.1","beta.2","beta.3","beta.4","beta.5","beta.6","beta.7","beta.8","sigma2","delta"
"1",0.521326669655962,0.00474598306923306,-0.0109139608336941,0.188374111506335,0.00973168018692167,-0.221208949070625,-0.207597770761433,0.118376390965176,0.00214271220614101,0
