"","beta.1","beta.2","beta.3","beta.4","beta.5","beta.6","beta.7","beta.8","sigma2","delta"
"1",0.0959957746246263,42.1455246344626,64,24.7762701748901,64,16.0993320781521,12.5266842380643,56.0077156008193,0,"1e-06"
