"","beta.1","beta.2","beta.3","beta.4","beta.5","beta.6","beta.7","beta.8","sigma2","delta"
"1",0.52520638523431,1.9875,1.9875,1.9875,1.9875,1.9875,1.98687896644426,1.9875,0.0376030110174403,0
