"","beta.1","beta.2","beta.3","beta.4","beta.5","beta.6","beta.7","beta.8","sigma2","delta"
"1",1.15714020781631,1.90327459569156e-10,1e-10,0.0211569288457046,1e-10,0.0349081879297284,0.0662992365062489,0.00926394750514864,0.577369815971486,0
