"","beta.1","beta.2","beta.3","beta.4","beta.5","beta.6","beta.7","beta.8","sigma2","delta"
"1",7.63109928189621,7.58908414552261e-15,1.22583439862199e-07,0.006627870407669,2.91423201704593e-12,0.00637696825558103,0.012179717486844,0.00127271155138213,29.2446341134798,1.3682375125633e-06
