"","beta.1","beta.2","beta.3","beta.4","beta.5","beta.6","beta.7","beta.8","sigma2","delta"
"1",0.240612155488563,1.9875,1.9875,1.9875,1.9875,1.9875,1.78370704560683,1.9875,0.0471685726579105,4.71685733666069e-10
