"","beta.1","beta.2","beta.3","beta.4","beta.5","beta.6","beta.7","beta.8","sigma2","delta"
"1",1.36810806893241,1e-10,1.11544042938082e-10,0.0287895550242755,1e-10,0.0284587919386183,0.0336793994895555,0.0108927336620555,0.450961534534831,0
