"","beta.1","beta.2","beta.3","beta.4","beta.5","beta.6","beta.7","beta.8","sigma2","delta"
"1",6.25658505597382,1.17078076411142e-18,6.90692749283996e-06,0.00735354680373214,3.06653083055544e-55,0.00936695860230299,0.0395678733268014,0.00416112305932114,3.68773058606168,1.61543328933921e-05
