"","beta.1","beta.2","beta.3","beta.4","beta.5","beta.6","beta.7","beta.8","sigma2","delta"
"1",13.1329446914498,5.98174470538104e-08,5.57539249326163e-17,0.0113670993747708,3.35262778346862e-06,0.00974823125916351,0.0558797955984996,0.008436796461128,3.60736367227987,0
