"","beta.1","beta.2","beta.3","beta.4","beta.5","beta.6","beta.7","beta.8","sigma2","delta"
"1",0.244452669641742,1.9875,1.9875,1.7331653869488,1.9875,1.9875,1.9875,1.9875,0.0441786045699371,0
