"","beta.1","beta.2","beta.3","beta.4","beta.5","beta.6","beta.7","beta.8","sigma2","delta"
"1",0.184573361798937,3.8030859375,3.8030859375,3.8030859375,3.8030859375,3.8030859375,3.2303125949666,3.8030859375,0,0.000252281826270685
