"","beta.1","beta.2","beta.3","beta.4","beta.5","beta.6","beta.7","beta.8","sigma2","delta"
"1",0.649837668406,1.9875,1.9875,1.9875,1.9875,1.9875,1.9875,1.9875,0.0206998780013176,0
