"","beta.1","beta.2","beta.3","beta.4","beta.5","beta.6","beta.7","beta.8","sigma2","delta"
"1",0.179632873271144,64,64,48.8425201643035,64,54.6422771216529,19.4190200433552,57.3140937312619,0,"1e-06"
