beta.1,beta.2,beta.3,beta.4,beta.5,beta.6,beta.7,beta.8,sigma2,delta
2.678249618704753310e-01,1.378430857167447243e+01,1.311101972922247342e+03,6.621882675964204878e+00,1.016964357282780611e+03,6.685665081779792907e+00,1.592328194343078485e+00,8.161898554051491672e+00,2.551467888790971195e+00,5.562684646268136855e-309
