"","beta.1","beta.2","beta.3","beta.4","beta.5","beta.6","beta.7","beta.8","sigma2","delta"
"1",0.537987075924113,-0.00475871658346257,-0.00461793930433201,0.237707600666606,-0.0210531221793936,-0.202100037683507,-0.202973759947417,0.0912876499929375,0.00249234659027357,0
