"","beta.1","beta.2","beta.3","beta.4","beta.5","beta.6","beta.7","beta.8","sigma2","delta"
"1",1.90420757782576,0.000504145593752606,1e-10,0.0390487015320973,6.27095483340141e-05,0.0395991274541878,0.0316510989408156,0.0136686761119829,0.376136070496018,0
