"","beta.1","beta.2","beta.3","beta.4","beta.5","beta.6","beta.7","beta.8","sigma2","delta"
"1",0.591233809449652,-0.0161984511208287,-0.00913245321306693,0.239711706222376,-0.00282064500122345,-0.232205307275493,-0.240558460079943,0.109405973619583,0.0017185234743274,0
