"","beta.1","beta.2","beta.3","beta.4","beta.5","beta.6","beta.7","beta.8","sigma2","delta"
"1",0.158415287990605,64,64,13.179303352108,64,17.4514303492743,3.05475024923198,63.9999836805779,0,"1e-06"
