"","beta.1","beta.2","beta.3","beta.4","beta.5","beta.6","beta.7","beta.8","sigma2","delta"
"1",10.9599898743926,3.22458569013953e-07,2.68644756814581e-07,0.0230884320790281,1.66110947503009e-18,0.0379275086861989,0.0446641935535491,0.0347252050284967,1.66280074140227,0
