beta.1,beta.2,beta.3,beta.4,beta.5,beta.6,beta.7,beta.8,sigma2,delta
1.719149774866430169e+00,2.033531534307891775e+01,1.116071116723127716e+03,3.631871004214693244e+01,1.007647240098048314e+03,3.212151642379309635e+01,1.363509179446773345e+01,3.479808315192380519e+01,5.051556148005876423e+01,3.624356087431542202e-12
