"","beta.1","beta.2","beta.3","beta.4","beta.5","beta.6","beta.7","beta.8","sigma2","delta"
"1",0.594441087837828,0.0215216679751354,0.000155836910425376,0.230952378006971,-0.0170176495543725,-0.232872930153505,-0.229835583990799,0.0932214723873615,0.00237883901689787,0
