"","beta.1","beta.2","beta.3","beta.4","beta.5","beta.6","beta.7","beta.8","sigma2","delta"
"1",0.461880384566733,0.0125128682168712,-0.00139373411651019,0.17899764203349,0.00698720770328841,-0.194904079689224,-0.178469200568333,0.0872269204955777,0.00241206103203344,0
