beta.1,beta.2,beta.3,beta.4,beta.5,beta.6,beta.7,beta.8,sigma2,delta
7.534042943904394107e+00,1.303736638472584775e+06,1.511443770001957193e+06,9.052719385797784923e+01,1.281512147156079300e+06,1.116113227931385126e+02,7.309071743940967281e+01,1.192480430459371661e+02,1.442077379752711863e+02,5.562684646268136855e-309
