"","beta.1","beta.2","beta.3","beta.4","beta.5","beta.6","beta.7","beta.8","sigma2","delta"
"1",0.535508332791051,1.9875,1.9875,1.9875,1.9875,1.9875,1.9875,1.9875,0.0183725889882742,0
