"","beta.1","beta.2","beta.3","beta.4","beta.5","beta.6","beta.7","beta.8","sigma2","delta"
"1",0.153256117129824,4.236328125,4.236328125,3.31622770363309,4.236328125,3.94384635189632,4.236328125,4.236328125,0,0.000299817675817362
