"","beta.1","beta.2","beta.3","beta.4","beta.5","beta.6","beta.7","beta.8","sigma2","delta"
"1",5.8364740523132,1e-10,1e-10,0.00994434642134627,1e-10,0.00936424322367735,0.00803518066252031,0.00975811661863405,14.1459747255004,1.90121039711912e-07
