"","beta.1","beta.2","beta.3","beta.4","beta.5","beta.6","beta.7","beta.8","sigma2","delta"
"1",0.409595129488779,1.9875,1.9875,1.9875,1.9875,1.9875,1.9875,1.9875,0.0273393706002622,2.73393710110297e-10
