"","beta.1","beta.2","beta.3","beta.4","beta.5","beta.6","beta.7","beta.8","sigma2","delta"
"1",0.234992546448536,1.9875,1.9875,1.9875,1.9875,1.79453290117763,1.76496320225925,1.9875,0.0416533210783375,2.79787927674904e-07
