beta.1,beta.2,beta.3,beta.4,beta.5,beta.6,beta.7,beta.8,sigma2,delta
7.930867427982872364e+00,1.403483316254001809e+06,1.732737451685889391e+06,8.846791210678941297e+01,1.315550416792819509e+06,8.615500362925367028e+01,5.278760150204634982e+01,9.995359688461829251e+01,9.844773300258421500e+01,5.096116734052982606e-76
