"","beta.1","beta.2","beta.3","beta.4","beta.5","beta.6","beta.7","beta.8","sigma2","delta"
"1",9.53266026278245,0.0038187258206183,1e-10,0.00608855026458758,8.74107759254855e-07,0.00605464677353048,0.0721788641174994,0.00457846583467963,3.33773208481358,1.37652565394169e-07
