"","beta.1","beta.2","beta.3","beta.4","beta.5","beta.6","beta.7","beta.8","sigma2","delta"
"1",0.0971263197808849,3.9184375,3.9184375,3.9184375,3.9184375,3.9184375,3.62206964091281,3.9184375,0,0.000160317549967324
