"","beta.1","beta.2","beta.3","beta.4","beta.5","beta.6","beta.7","beta.8","sigma2","delta"
"1",0.231241937628488,1.9875,1.9875,1.9875,1.9875,1.9875,1.78461797372768,1.9875,0.0437779121731759,0
