"","beta.1","beta.2","beta.3","beta.4","beta.5","beta.6","beta.7","beta.8","sigma2","delta"
"1",0.100475460153929,64,64,20.4068694349396,64,18.7951993534219,13.9386555542977,39.6953212484791,0,"1e-06"
