"","beta.1","beta.2","beta.3","beta.4","beta.5","beta.6","beta.7","beta.8","sigma2","delta"
"1",0.430433193248721,1.9875,1.9875,1.85685911681612,1.9875,1.9875,1.9875,1.9875,0.0270378633660415,0
