"","beta.1","beta.2","beta.3","beta.4","beta.5","beta.6","beta.7","beta.8","beta.9","beta.10","beta.11","beta.12","beta.13","beta.14","beta.15","beta.16","beta.17","beta.18","beta.19","beta.20","beta.21","beta.22","beta.23","beta.24","beta.25","beta.26","beta.27","beta.28","beta.29","beta.30","beta.31","beta.32","beta.33","beta.34","beta.35","beta.36","beta.37","beta.38","beta.39","beta.40","beta.41","beta.42","beta.43","beta.44","sigma2","delta"
"1",0.532833195718552,0.177905250786189,0.075254352465167,-0.0466131989458135,0.00299366581627203,0.0363237027825148,-0.0534067528487868,-0.00836803730185392,-0.0302807011878085,-0.000939983966773105,0.181915269785306,0.00217883190209234,0.0772867152572824,0.0774375434722398,-0.0530258666923779,0.0547892311899832,-0.00350371308453279,0.022692802965016,0.0289047963360204,0.00510827751708501,-0.176517609706212,-0.141043091364355,-0.0440604766130764,0.00392494494067398,0.0301012996105782,-0.0229349835585199,-0.0198436289859205,-0.177395123773862,-0.266460294773656,-0.0232237462762888,-0.0380470723877489,-0.0412986668808444,0.000907020314677439,0.11311247000651,0.094191182994318,0.130537062297357,0.0705480581292917,-0.0270415219798075,-0.034251007872817,0.0254700880121717,0.019323142262046,-0.0173926762100024,-0.0523397007906494,0.000786291175631779,0.000712060199010552,0
