"","beta.1","beta.2","beta.3","beta.4","beta.5","beta.6","beta.7","beta.8","sigma2","delta"
"1",9.7425539199699,0.00341806222469421,1.07596634838453e-09,0.0154200675671505,2.82824059712322e-06,0.0107654894325461,0.0545866155457746,0.00303153854249312,3.03625884524046,0
