"","beta.1","beta.2","beta.3","beta.4","beta.5","beta.6","beta.7","beta.8","sigma2","delta"
"1",0.234906470173347,1.9875,1.9875,1.9875,1.9875,1.79280673696159,1.7636175089532,1.9875,0.0417296892034133,0
