beta.1,beta.2,beta.3,beta.4,beta.5,beta.6,beta.7,beta.8,sigma2,delta
5.147719938282356189e+00,3.039987576541618910e+05,4.369462191238470259e+05,2.239509946969976397e+02,3.804356917677444872e+05,2.491572106554969537e+02,9.087251699764361490e+01,1.833834439834186867e+02,9.698978946943132905e+04,5.562684646268136855e-309
