"","beta.1","beta.2","beta.3","beta.4","beta.5","beta.6","beta.7","beta.8","sigma2","delta"
"1",0.352886322545334,1.9875,1.9875,1.9875,1.9875,1.9875,1.52231910774764,1.9875,0.0885882480708271,0
