"","beta.1","beta.2","beta.3","beta.4","beta.5","beta.6","beta.7","beta.8","beta.9","beta.10","beta.11","beta.12","beta.13","beta.14","beta.15","beta.16","beta.17","beta.18","beta.19","beta.20","beta.21","beta.22","beta.23","beta.24","beta.25","beta.26","beta.27","beta.28","beta.29","beta.30","beta.31","beta.32","beta.33","beta.34","beta.35","beta.36","beta.37","beta.38","beta.39","beta.40","beta.41","beta.42","beta.43","beta.44","sigma2","delta"
"1",0.575658003189565,0.205028985639684,-0.0426342678264747,-0.0428786042464994,0.0212075741901618,0.0464587142328081,0.0397962737387742,0.0313598781661475,-0.0156209155753683,0.150670190445623,0.176421711615811,0.0306043484848653,0.000498984589200317,-0.00590966762516863,0.0337597958943382,-0.10291623709409,-0.0385238551350221,-0.0249854671213032,-0.0242043675063096,-0.0191975637729194,-0.0359346285640636,-0.249185640650167,-0.0169350900144337,0.0126471142551791,-0.0432807921378067,-0.0415333897787049,-0.0443946316845305,-0.240053877744008,-0.208974035182473,0.0361126324836404,-0.0141676372346001,-0.017902629309745,0.0594326144067826,0.0746358797320701,0.0704415308741419,0.0390382613192277,0.0415042037621443,0.0645414997568542,-0.0922967392520561,0.0619205818807864,0.113635795484318,-0.0285329098991928,-0.0547185593534305,0.00290827425774454,0.00086025758180728,0
