"","beta.1","beta.2","beta.3","beta.4","beta.5","beta.6","beta.7","beta.8","beta.9","beta.10","beta.11","beta.12","beta.13","beta.14","beta.15","beta.16","beta.17","beta.18","beta.19","beta.20","beta.21","beta.22","beta.23","beta.24","beta.25","beta.26","beta.27","beta.28","beta.29","beta.30","beta.31","beta.32","beta.33","beta.34","beta.35","beta.36","beta.37","beta.38","beta.39","beta.40","beta.41","beta.42","beta.43","beta.44","sigma2","delta"
"1",0.340295449854509,0.203904075179162,0.0220428894078194,0.0364275297578805,0.0377925243490671,0.00514788435055636,-0.0521775403835015,0.00547291841370256,-0.000965206846287184,0.110825289272554,0.162145285910812,0.0200335602650036,0.0126795105308182,0.00531271907665638,0.0697229996389746,0.0295510056552729,-0.0682306246158725,-0.000132831629071327,-0.0537013511741284,-0.0124136204643209,-0.124118829303889,-0.187164593438726,-0.0559856212058077,0.0168964949472333,-0.00153790686606208,-0.00642361584457518,0.00270628486823146,-0.134545852386167,-0.230692961815687,-0.0496063791832597,0.00574026435836489,-0.00365364148702035,0.0149573424963801,0.085592706976868,0.0411948671772329,-0.01018531001384,0.1731676352413,0.0151798252036354,-0.0200626576957818,0.0265937889739639,-0.0212877273968933,-0.024505688324576,-0.032048374672338,0.0561770169210439,0.000694905765487468,0
