beta.1,beta.2,beta.3,beta.4,beta.5,beta.6,beta.7,beta.8,sigma2,delta
8.798856628530819179e+00,1.709422737564971249e+04,1.887441654466827094e+04,8.634029720416248210e+01,1.918765557217927199e+04,7.280016320632726945e+01,3.967081880464127153e+01,1.306743729500794586e+02,9.982017252536812180e+01,5.562684646268136855e-309
