"","beta.1","beta.2","beta.3","beta.4","beta.5","beta.6","beta.7","beta.8","sigma2","delta"
"1",0.535507961644596,1.9875,1.9875,1.9875,1.9875,1.9875,1.9875,1.9875,0.0183725767069615,1.83725769830051e-10
