"","beta.1","beta.2","beta.3","beta.4","beta.5","beta.6","beta.7","beta.8","sigma2","delta"
"1",1.42671878769193,1e-10,1e-10,0.0223087841768857,2.25970047235895e-10,0.0235206635378972,0.0434575243338935,0.0142610259235999,0.417756012229395,0
