"","beta.1","beta.2","beta.3","beta.4","beta.5","beta.6","beta.7","beta.8","sigma2","delta"
"1",0.173400081606901,64,64,15.6065821376646,64,4.85386882204459,16.155865295762,38.1246550961056,0,"1e-06"
