"","beta.1","beta.2","beta.3","beta.4","beta.5","beta.6","beta.7","beta.8","sigma2","delta"
"1",0.189009231099575,4.0489453125,4.0489453125,3.41021555103784,4.0489453125,3.79514894755164,3.95280754863197,4.0489453125,0,0.000410856702169246
