"","beta.1","beta.2","beta.3","beta.4","beta.5","beta.6","beta.7","beta.8","sigma2","delta"
"1",0.42525814070302,1.9875,1.9875,1.9875,1.9875,1.9875,1.9875,1.9875,0.0256481454723309,2.56481458576881e-10
