"","beta.1","beta.2","beta.3","beta.4","sigma2","delta"
"1",0.372579826281988,1.66901684227539,1.95,1.63177160536404,0.190561558633566,0
