"","beta.1","beta.2","beta.3","beta.4","sigma2","delta"
"1",0.573288369131064,1.95,1.95,1.95,0.0463193208796806,0
