"","beta.1","beta.2","beta.3","beta.4","sigma2","delta"
"1",0.650027322221062,1.95,1.95,1.95,0.0635144075487979,6.35144085030866e-10
