"","beta.1","beta.2","beta.3","beta.4","sigma2","delta"
"1",8.25398051317632,1.00920035413802e-08,0.000167865222463886,0.023957831333881,2.19539305227887,2.16822922399684e-06
