"","beta.1","beta.2","beta.3","beta.4","sigma2","delta"
"1",14.7510936951252,9.70744075424542e-07,1.44574859182122e-06,0.0527383608489956,1.63633601290027,0
