"","beta.1","beta.2","beta.3","beta.4","beta.5","beta.6","beta.7","beta.8","beta.9","beta.10","beta.11","beta.12","beta.13","beta.14","sigma2","delta"
"1",0.671400956770576,0.320794743102606,-0.0440870258964104,-0.0363123391334566,0.0475186054377111,0.0281245866538846,-0.0245900707413508,-0.132139714724957,0.0370226956808703,-0.300637485837452,-0.496136928219009,0.0824700010366335,-0.0122151777934376,0.227231682709892,0.00121430648657746,0
