"","beta.1","beta.2","beta.3","beta.4","sigma2","delta"
"1",0.296444354183348,1.95,1.95,1.03616009038868,0.154766441986965,0
