beta.1,beta.2,beta.3,beta.4,sigma2,delta
3.372198216352138900e+00,6.275240423086975934e+05,6.013936079048179090e+05,2.405029735142757019e+01,1.511668599582572448e+01,3.420087655019538513e-145
