"","beta.1","beta.2","beta.3","beta.4","sigma2","delta"
"1",0.326415999838573,5.34713277243818,16,7.5184730303166,0,"1e-06"
