"","beta.1","beta.2","beta.3","beta.4","sigma2","delta"
"1",0.47894580581837,1.95,1.95,1.95,0.0679393071360093,0
