beta.1,beta.2,beta.3,beta.4,sigma2,delta
2.552611793765911519e-01,2.848583577831589992e+03,3.489749316775333909e+02,2.070356948575324818e+00,2.006112088770389157e+00,5.562684646268136855e-309
