beta.1,beta.2,beta.3,beta.4,sigma2,delta
3.715494921928191197e+00,6.590202224212988513e+05,1.233823268111975864e+02,2.879832164304617947e+01,1.162096726956112924e+01,5.562684646268136855e-309
