"","beta.1","beta.2","beta.3","beta.4","sigma2","delta"
"1",0.236216018165223,1.95,1.95,1.22132555776149,0.093259740124308,0
