"","beta.1","beta.2","beta.3","beta.4","sigma2","delta"
"1",0.633637722225524,0.000237446268626011,0.00501942009226959,-0.250214995815518,0.00276662087096263,0
