beta.1,beta.2,beta.3,beta.4,sigma2,delta
2.471262944303291298e-01,1.311190568807339587e+05,5.616611569303395157e+01,4.332457919993929707e+00,2.293154610332854393e+00,2.288210846590141114e-06
