"","beta.1","beta.2","beta.3","beta.4","sigma2","delta"
"1",0.338151021845182,1.95,1.95,1.95,0.240782010106128,0
