"","beta.1","beta.2","beta.3","beta.4","sigma2","delta"
"1",0.466562559069953,1.95,1.95,1.68642778178871,0.0940258878737609,0
