"","beta.1","beta.2","beta.3","beta.4","sigma2","delta"
"1",0.800298060407693,0.0088257266586245,0.0241618709330084,-0.302038839637763,0.00291690510063652,0
