"","beta.1","beta.2","beta.3","beta.4","sigma2","delta"
"1",0.618712595556174,1.95,1.95,1.95,0.069633549692611,0
