"","beta.1","beta.2","beta.3","beta.4","sigma2","delta"
"1",7.78541635691879,3.35487881930492e-44,5.40704863907075e-40,0.0269789099644555,5.39325928312431,6.06134615261019e-06
