"","beta.1","beta.2","beta.3","beta.4","sigma2","delta"
"1",0.713791599078032,-0.0714881497737685,0.010693625044421,-0.27480648185236,0.00227824385052931,0
