"","beta.1","beta.2","beta.3","beta.4","sigma2","delta"
"1",1.64273070760943,1e-10,0.00313808073753458,0.0320565348801413,0.359430397604305,0
