"","beta.1","beta.2","beta.3","beta.4","sigma2","delta"
"1",0.5123156615531,1.95,1.95,1.95,0.10336674908005,4.43327420443144e-05
