"","beta.1","beta.2","beta.3","beta.4","sigma2","delta"
"1",0.508121995252426,1.95,1.95,1.95,0.0923663295337938,0
