"","beta.1","beta.2","beta.3","beta.4","sigma2","delta"
"1",0.830197115306652,0.0193029825959053,0.000373055720753241,-0.285831105737585,0.00256754749723639,0
