"","beta.1","beta.2","beta.3","beta.4","sigma2","delta"
"1",0.334056498403965,2.09059106283637,2.29625,1.31475389647844,0,0.00026730902938198
