"","beta.1","beta.2","beta.3","beta.4","sigma2","delta"
"1",0.614425622758565,1.95,1.95,1.95,0.0447715620123219,0
