"","beta.1","beta.2","beta.3","beta.4","sigma2","delta"
"1",0.737063079339265,-0.00689712128729473,0.00875369593673535,-0.286083212645684,0.00229438092803863,0
