"","beta.1","beta.2","beta.3","beta.4","sigma2","delta"
"1",0.495014945381502,1.95,1.95,1.95,0.121770226769654,1.21770228599222e-09
