"","beta.1","beta.2","beta.3","beta.4","sigma2","delta"
"1",0.352760873606892,1.95,1.95,1.91638072899451,0.166738091007006,1.8796433926935e-05
