"","beta.1","beta.2","beta.3","beta.4","sigma2","delta"
"1",0.340423175696036,1.95,1.95,1.51851378384009,0.179075526274484,0
