beta.1,beta.2,beta.3,beta.4,sigma2,delta,mu
0.7937,0.012402,0.00048828,0.0049216,0.22523,0,1.861
