beta.1,beta.2,beta.3,beta.4,sigma2,delta
1.281055988582204597e+00,5.540134380120349815e+05,7.722474793315137731e+01,1.266447908253435806e+01,1.435156361689285731e+01,5.562684646268136855e-309
