beta.1,beta.2,beta.3,beta.4,sigma2,delta,mu
0.94387,0.0014579,0.0001,0.001613,1.5506,0,5.4562
