"","beta.1","beta.2","beta.3","beta.4","sigma2","delta"
"1",8.22836820442741,8.86766146773367e-13,8.45734203162001e-12,0.0238057660413829,3.92908867288762,8.6920289692284e-06
