beta.1,beta.2,beta.3,beta.4,sigma2,delta
5.238549074677778528e+00,1.112123423006914090e+06,1.097409160480240826e+06,2.429661186038675424e+01,1.844590189844124595e+01,5.562684646268136855e-309
