beta.1,beta.2,beta.3,beta.4,sigma2,delta
1.773910194662875695e+00,5.778244369731633014e+03,7.566312527609587960e+03,9.964408075999147130e+00,2.987699545216966257e+01,3.711378791920681487e-13
