"","beta.1","beta.2","beta.3","beta.4","sigma2","delta"
"1",10.2692961675688,6.35709246377196e-08,8.0441659525826e-07,0.0168810181197206,7.45498349245372,3.80128836974271e-08
