"","beta.1","beta.2","beta.3","beta.4","sigma2","delta"
"1",16.1291667515508,9.12425444781098e-28,1.50534967937912e-06,0.116772493066421,1.06080733025979,0
