beta.1,beta.2,beta.3,beta.4,sigma2,delta,mu
1.2599,0.00029033,0.00054808,0.0058528,0.45264,0,2.3367
