"","beta.1","beta.2","beta.3","beta.4","sigma2","delta"
"1",0.618712419872789,1.95,1.95,1.95,0.0696334930538507,6.96334941000772e-10
