"","beta.1","beta.2","beta.3","beta.4","sigma2","delta"
"1",2.39804033102636,3.69464926511229e-06,1e-10,0.184325446811302,0.195904131389888,0
