"","beta.1","beta.2","beta.3","beta.4","beta.5","beta.6","beta.7","beta.8","beta.9","beta.10","beta.11","beta.12","beta.13","beta.14","sigma2","delta"
"1",0.524839985863732,0.253746027059854,-0.079973899458339,0.0435032550447942,0.085338980306146,-0.00410673191827844,0.0433481137835824,0.0454153026797179,-0.0169327961970803,-0.140903608858603,-0.334180892385841,-0.0924000844627929,-0.00807711768915033,0.0882334119653799,0.00127210226908587,0
