"","beta.1","beta.2","beta.3","beta.4","sigma2","delta"
"1",11.4006638555921,1.54737738480021e-06,0.00306351416734524,0.0345377776238259,1.58935045194846,0
