"","beta.1","beta.2","beta.3","beta.4","sigma2","delta"
"1",0.495015344035643,1.95,1.95,1.95,0.12177070295606,0
