"","beta.1","beta.2","beta.3","beta.4","beta.5","beta.6","beta.7","beta.8","beta.9","beta.10","beta.11","beta.12","beta.13","beta.14","sigma2","delta"
"1",0.747989153721794,0.22969206943912,-0.316181934360369,0.098443720965,0.197475691100017,0.0314478911451522,-0.0498416552131963,-0.0021894069731705,0.050139391781979,-0.263803618576261,-0.325640013065286,0.164266510977305,-0.0845574155501296,0.107406236405567,0.00150324027068191,0
