beta.1,beta.2,beta.3,beta.4,sigma2,delta
1.163298073152442269e+00,1.779443213135428095e+03,6.951845374624350598e+02,1.167009430849914864e+01,1.750120941100960437e+01,5.562684646268136855e-309
