beta.1,beta.2,beta.3,beta.4,sigma2,delta
1.366505629204555650e+00,5.751486546007847210e+04,4.356170651919995435e+06,1.337825017613397982e+01,4.365639505244222818e+01,2.010905294333100445e-76
