"","beta.1","beta.2","beta.3","beta.4","sigma2","delta"
"1",0.634556183048043,1.95,1.95,1.95,0.0592172224770291,5.92172233667536e-10
