"","beta.1","beta.2","beta.3","beta.4","sigma2","delta"
"1",0.140947223487163,2.5825,2.5825,2.22445800282286,0,0.00118360974741806
