"","beta.1","beta.2","beta.3","beta.4","sigma2","delta"
"1",0.573288244567789,1.95,1.95,1.95,0.0463192925567628,4.6319293252699e-10
