beta.1,beta.2,beta.3,beta.4,sigma2,delta
4.159271171066213135e+00,4.948383424014373304e+03,4.202563645331716543e+03,2.980369194233653829e+01,2.451981353563203925e+01,5.562684646268136855e-309
