"","beta.1","beta.2","beta.3","beta.4","sigma2","delta"
"1",0.0975017160831889,16,16,4.28032619918403,0,"1e-06"
