"","beta.1","beta.2","beta.3","beta.4","sigma2","delta"
"1",0.614426226049194,1.95,1.95,1.95,0.0447715957777085,4.4771596450391e-10
