beta.1,beta.2,beta.3,beta.4,sigma2,delta
3.253550597906798902e+00,5.633965835445706034e+05,5.605472428564763395e+05,2.812363438824885264e+01,1.681646055457057543e+01,5.562684646268136855e-309
