"","beta.1","beta.2","beta.3","beta.4","sigma2","delta"
"1",0.134022470505366,2.21625,2.21625,2.21625,0,0.000740721598354539
