"","beta.1","beta.2","beta.3","beta.4","sigma2","delta"
"1",0.133171423333867,1.98625,1.98625,1.20887811667227,0,0.00100241653802295
