"","beta.1","beta.2","beta.3","beta.4","sigma2","delta"
"1",0.634556392417031,1.95,1.95,1.95,0.0592172645135273,0
