"","beta.1","beta.2","beta.3","beta.4","sigma2","delta"
"1",7.49437551597312,1e-10,7.11267758605533e-07,0.0945750491230812,2.37717673100706,4.26912576340956e-08
