"","beta.1","beta.2","beta.3","beta.4","beta.5","beta.6","beta.7","beta.8","beta.9","beta.10","beta.11","beta.12","beta.13","beta.14","sigma2","delta"
"1",0.670720139041671,0.303062904815749,0.151211461134642,-0.175887579125798,-0.0587135214475425,-0.092178325816177,0.188652247170851,-0.107323143486599,0.103994900001741,-0.270493982930826,-0.336781418371252,0.111232766474114,-0.0294358508457093,0.0729559927731547,0.00144457292756121,0
