"","beta.1","beta.2","beta.3","beta.4","sigma2","delta"
"1",0.323340356375481,1.95,1.95,1.95,0.163660849888504,9.58372638880476e-06
