"","beta.1","beta.2","beta.3","beta.4","sigma2","delta"
"1",0.650027343353336,1.95,1.95,1.95,0.0635144512643871,0
