beta.1,beta.2,beta.3,beta.4,sigma2,delta
2.479415729087793285e-01,1.628477652261928015e+05,1.244411101513595786e+05,4.398283878009027426e+00,4.231400103243740496e+00,8.437303115286347175e-06
