"","beta.1","beta.2","beta.3","beta.4","sigma2","delta"
"1",0.174430715056512,2.215625,2.215625,1.69192436754041,0,0.000352325757151018
