beta.1,beta.2,beta.3,beta.4,sigma2,delta
1.260291114305100102e+00,2.024301627665978740e+05,3.596156644725708757e+05,1.601438776342760306e+01,4.770416376223783317e+01,5.562684646268136855e-309
