"","beta.1","beta.2","beta.3","beta.4","sigma2","delta"
"1",7.97615333949077,1.04629732286233e-12,9.102656590698e-07,0.104753932747614,1.64297040875771,1.49541924879805e-07
