"","beta.1","beta.2","beta.3","beta.4","sigma2","delta"
"1",9.45303885117796,0.000135318602947351,0.00190802241956453,0.050151187998975,0.786625705347879,0
