"","beta.1","beta.2","beta.3","beta.4","sigma2","delta"
"1",0.461970719128912,1.95,1.95,1.95,0.0741403376686949,0
