"","beta.1","beta.2","beta.3","beta.4","sigma2","delta"
"1",1.06952950044611,1e-10,6.87951218995089e-07,0.0147395914135484,1.10605247117656,0
