"","beta.1","beta.2","beta.3","beta.4","sigma2","delta"
"1",0.317169134294834,1.95,1.95,1.95,0.116622970418111,4.68239671835442e-05
