"","beta.1","beta.2","beta.3","beta.4","sigma2","delta"
"1",2.09759011427212,1e-10,1.62855099146446e-05,0.0611943490944493,0.522848090003594,0
