"","beta.1","beta.2","beta.3","beta.4","sigma2","delta"
"1",0.125208995694085,16,13.9822975865111,3.88754229704654,0,"1e-06"
