"","beta.1","beta.2","beta.3","beta.4","sigma2","delta"
"1",9.45332396245044,0.000135335166347075,0.00190803246489152,0.0501540464689341,0.786541718469721,0
