"","beta.1","beta.2","beta.3","beta.4","sigma2","delta"
"1",0.296459179022837,1.95,1.95,1.0317682014471,0.154117020586668,1.54117022902239e-09
