"","beta.1","beta.2","beta.3","beta.4","sigma2","delta"
"1",0.478944066753849,1.95,1.95,1.95,0.067938844561028,6.79388455817928e-10
