"","beta.1","beta.2","beta.3","beta.4","sigma2","delta"
"1",0.463911108529846,1.95,1.95,1.95,0.0736829735692398,3.42447640352651e-06
