"","beta.1","beta.2","beta.3","beta.4","sigma2","delta"
"1",11.7557012990834,1.23405738522985e-07,2.14826978907996e-06,0.0265702925155852,3.02680869108003,4.24341201325744e-07
