"","beta.1","beta.2","beta.3","beta.4","sigma2","delta"
"1",1.09796094197702,1e-10,3.81394289418467e-05,0.0201178687267771,1.06885691759775,0
