beta.1,beta.2,beta.3,beta.4,sigma2,delta
2.121818812999081705e-01,2.857050202917131173e+03,6.483220777255543226e+02,4.441985744174939299e+00,4.240789480470635198e+00,3.605395047915874131e-07
