"","beta.1","beta.2","beta.3","beta.4","sigma2","delta"
"1",11.4006384611875,1.5471576632368e-06,0.00306346339680101,0.0345375983041755,1.58938621667341,0
