"","beta.1","beta.2","beta.3","beta.4","sigma2","delta"
"1",0.298207018421821,1.95,1.95,1.48612893423218,0.128242422305354,6.12254578675705e-05
