"","beta.1","beta.2","beta.3","beta.4","sigma2","delta"
"1",0.123527187461897,16,16,5.65802365336136,0,"1e-06"
