"","beta.1","beta.2","beta.3","beta.4","beta.5","beta.6","beta.7","beta.8","beta.9","beta.10","beta.11","beta.12","beta.13","beta.14","sigma2","delta"
"1",0.539566140537783,0.324539315129724,0.0445126729372891,-0.0707689754180001,0.0484253497794163,-0.272305351581982,0.0694715828585908,-0.0112433044457372,0.302406466951556,-0.101318154477667,-0.240442880304363,-0.0892205709013265,-0.091556979769322,-0.00617751858125589,0.000910370043796672,0
