"","beta.1","beta.2","beta.3","beta.4","sigma2","delta"
"1",5.53454447215511,0.000105808720593217,0.0539339909217887,0.0680918670300546,0.901624728449769,0
