beta.1,beta.2,beta.3,beta.4,sigma2,delta
4.271485189787394554e-01,4.733359934080602471e+01,2.346266620166773009e+00,2.798505395544443441e+00,1.458992684488273017e+00,3.546794300427572218e-06
