"","beta.1","beta.2","beta.3","beta.4","sigma2","delta"
"1",8.21191355244963,9.57252383497405e-08,6.46654804025633e-06,0.151541504553029,1.3214844662379,0
