"","beta.1","beta.2","beta.3","beta.4","sigma2","delta"
"1",0.508121203750273,1.95,1.95,1.95,0.0923658751295628,9.23658765173378e-10
