beta.1,beta.2,beta.3,beta.4,beta.5,beta.6,beta.7,beta.8,beta.9,beta.10,beta.11,beta.12,beta.13,beta.14,beta.15,beta.16,beta.17,beta.18,beta.19,beta.20,sigma2,delta
1.851805926220166709e+00,2.658102361663306379e+00,1.174561577486678221e+00,2.367203943356507523e+00,7.330937301422770780e-01,3.523405578227106538e+00,4.919441553062587680e+00,2.600250578396180856e+01,1.881732209252682608e+01,2.681667227731103154e+01,8.268693310157630094e+01,4.747710687069941287e+02,1.369789377324575526e+02,1.948637420280247454e+02,7.051019927744403049e+01,6.556932921600220254e+01,1.494760408772582139e+02,7.589496630610227612e+01,2.746782332907046253e+01,4.181328780004524788e+02,3.205240276195788329e+00,2.420081942903501567e-04
