beta.1,beta.2,beta.3,beta.4,beta.5,beta.6,beta.7,beta.8,beta.9,beta.10,beta.11,beta.12,beta.13,beta.14,beta.15,beta.16,beta.17,beta.18,beta.19,beta.20,sigma2,delta
1.554391237049171615e+01,1.863896250968206303e+01,1.369134063403921076e+01,1.755785492031965234e+01,1.131921676155694989e+01,2.327630971078350086e+01,3.942515869388474670e+01,1.533981357244903165e+02,1.253196830870553100e+02,1.265147924154494348e+02,2.906978852773485869e+03,3.222357001908707844e+03,1.463323350788594325e+03,5.245450076057319393e+02,5.923902592069127877e+02,1.180655151795196076e+02,7.116846179836126112e+02,3.242516409077368735e+03,1.838124677666233538e+03,1.815688872211826265e+03,4.074155386119520728e+01,7.759178372037210768e-21
