"","beta.1","beta.2","beta.3","beta.4","beta.5","beta.6","beta.7","beta.8","beta.9","beta.10","beta.11","beta.12","beta.13","beta.14","beta.15","beta.16","beta.17","beta.18","beta.19","beta.20","sigma2","delta"
"1",1.05418737404157,1.12823925410913,1.18341884747869,0.983378750310016,0.937461103665658,1.44641624181472,3.59368308960578,7.36312386154375,7.28239177982452,7.7362125,7.7362125,7.7362125,7.7362125,7.7362125,7.7362125,7.7362125,7.7362125,7.7362125,7.7362125,7.7362125,0,0.000834248394741643
