"","beta.1","beta.2","beta.3","beta.4","beta.5","beta.6","beta.7","beta.8","beta.9","beta.10","beta.11","beta.12","beta.13","beta.14","beta.15","beta.16","beta.17","beta.18","beta.19","beta.20","sigma2","delta"
"1",0.431084264098734,0.25598020130052,1.33518677833562,0.417427597359589,1.00461188422692,0.152341933989165,0.0653494818842528,0.0102989196732047,0.00815140874242345,0.0115155286906673,0.0060796986997805,0.00327679080627809,0.0340995183536462,3.53360695270876e-08,0.000345696310137557,0.000275865509209758,0.00010405680776404,0.000276478145411628,1.51736890385766e-07,0.00813963401949219,0.231582219337424,0
