beta.1,beta.2,beta.3,beta.4,beta.5,beta.6,beta.7,beta.8,beta.9,beta.10,beta.11,beta.12,beta.13,beta.14,beta.15,beta.16,beta.17,beta.18,beta.19,beta.20,sigma2,delta
3.445861431761651605e+00,3.559111070935078391e+00,9.516411789788563613e-01,3.112909877908038414e+00,9.321268324754279355e-01,4.588915013779057972e+00,6.597457114130829581e+00,3.601937244716859254e+01,5.294950163231881390e+01,5.899919012054265721e+01,4.250168932487252960e+02,2.609693765734096473e+02,3.602798437333312904e+02,9.504733933178682719e+02,6.552476654744872349e+02,6.975642373710107904e+02,1.390098513423035911e+03,1.148032971687494864e+03,1.110650792544174692e+03,8.552032973390292909e+02,1.170918448961110769e+01,1.968079389554847763e-04
