"","beta.1","beta.2","beta.3","beta.4","beta.5","beta.6","beta.7","beta.8","beta.9","beta.10","beta.11","beta.12","beta.13","beta.14","beta.15","beta.16","beta.17","beta.18","beta.19","beta.20","sigma2","delta"
"1",0.380029637990278,0.266891468493114,1.3118256358814,0.357225732821248,1.377578407293,0.21085300372048,0.0859154362056104,0.016168842519656,0.0122006795688738,0.0230952669985052,0.00284753610468867,0.000712929816585025,0.00263818653106212,0.000352685100646629,0.000402549882924404,0.00655764838152884,6.92402988887004e-05,0.0010370084943903,0.000494258674962245,0.000426740570676265,0.168130849617063,0
