"","beta.1","beta.2","beta.3","beta.4","beta.5","beta.6","beta.7","beta.8","beta.9","beta.10","beta.11","beta.12","beta.13","beta.14","beta.15","beta.16","beta.17","beta.18","beta.19","beta.20","sigma2","delta"
"1",-0.129999600796479,-0.121324493007274,-0.0316510766384308,-0.150802547311477,-0.0409372896887345,-0.122234811624162,0.0914800523980797,0.131269478206178,0.0998730882475916,0.0818797974576336,0.0155066897421668,0.00144209421615161,-0.0124792634306744,-0.00609981879549559,0.00827315171240166,-0.00756492241481098,-0.01349120814574,-0.0200069059385012,0.0304078707326643,0.0412418403352886,0.0101617019214325,0
