"","beta.1","beta.2","beta.3","beta.4","beta.5","beta.6","beta.7","beta.8","beta.9","beta.10","beta.11","beta.12","beta.13","beta.14","beta.15","beta.16","beta.17","beta.18","beta.19","beta.20","sigma2","delta"
"1",0.790569710629924,0.729959433195525,0.748756137980184,0.741564872097255,0.738829015080321,0.951223905660002,1.63307885937937,1.995,1.995,1.995,1.995,1.995,1.995,1.995,1.995,1.995,1.995,1.995,1.995,1.995,0.0192827332353518,1.92827335250702e-10
