beta.1,beta.2,beta.3,beta.4,beta.5,beta.6,beta.7,beta.8,beta.9,beta.10,beta.11,beta.12,beta.13,beta.14,beta.15,beta.16,beta.17,beta.18,beta.19,beta.20,sigma2,delta
7.442280512367919876e+00,9.793992437356346059e+00,3.925399967515170729e+00,8.988522948008306201e+00,3.170064600853432779e+00,1.272918798550638542e+01,1.855874660966586731e+01,1.114352891322659502e+02,8.855753067058826389e+01,1.332658455645054971e+02,2.463425137359790540e+02,8.852696894545293844e+02,8.902711588259004429e+02,8.652430111645192028e+02,8.251616119178511326e+02,2.018145734359277128e+02,9.934881492930376226e+02,1.009054480076025584e+03,6.858082191299650958e+02,1.104758108107892440e+03,6.453167707343854431e+01,1.222684872607461852e-04
