"","beta.1","beta.2","beta.3","beta.4","beta.5","beta.6","beta.7","beta.8","beta.9","beta.10","beta.11","beta.12","beta.13","beta.14","beta.15","beta.16","beta.17","beta.18","beta.19","beta.20","sigma2","delta"
"1",1.17316045623512,1.05047056864274,1.16070004951024,1.09322740023951,1.16848091625662,1.70165023254797,4.36797331339487,7.50833260626778,6.13064254092164,7.01378911764759,7.90549375,7.90549375,7.90549375,7.90549375,7.90549375,7.90549375,7.90549375,7.90549375,7.90549375,7.90549375,0,0.00118767016065918
