"","beta.1","beta.2","beta.3","beta.4","beta.5","beta.6","beta.7","beta.8","beta.9","beta.10","beta.11","beta.12","beta.13","beta.14","beta.15","beta.16","beta.17","beta.18","beta.19","beta.20","sigma2","delta"
"1",1.17086981915834,0.82095284660223,0.192842593049169,0.764282133675318,0.41796109453898,0.580536785786342,0.00380934491783139,0.00255714131025174,0.0292395025642542,0.00667948290649815,0.000376957729746091,0.000716241804032407,0.000605622476998335,0.0145664323149893,0.000473124603599212,0.000627022006970948,0.00602026588663512,2.50261023943251e-05,0.000386685706850353,0.0035407579613737,0.494785267251375,0
