"","beta.1","beta.2","beta.3","beta.4","beta.5","beta.6","beta.7","beta.8","beta.9","beta.10","beta.11","beta.12","beta.13","beta.14","beta.15","beta.16","beta.17","beta.18","beta.19","beta.20","sigma2","delta"
"1",2.7350187800842,4.49318723657009,0.687324318631298,3.53463423852152,1.12760067316586,6.41628422369856,12.6291731628006,301.565081718987,260.50663477596,284.784257717524,346.476816892931,369.357474829614,320.122028803512,354.676348391759,389.051024111599,351.513019815965,374.296897165353,390.08757150294,393.902421495886,400,0,"1e-06"
