"","beta.1","beta.2","beta.3","beta.4","beta.5","beta.6","beta.7","beta.8","beta.9","beta.10","beta.11","beta.12","beta.13","beta.14","beta.15","beta.16","beta.17","beta.18","beta.19","beta.20","sigma2","delta"
"1",0.256171549093849,0.221161330664419,1.0459820917797,0.305828382005031,1.26048043578207,0.185100350863675,0.0751921105840623,0.0311055700171459,0.0132495459574822,0.0132934544360419,0.0013657678562573,0.00376459336586353,3.04587417296854e-05,0.00124324662217416,0.0107339752752562,0.000525450327090218,0.00109126465934032,0.00262880771268515,0.00024780385987322,0.00786210358077221,0.204637836131699,0
