"","beta.1","beta.2","beta.3","beta.4","beta.5","beta.6","beta.7","beta.8","beta.9","beta.10","beta.11","beta.12","beta.13","beta.14","beta.15","beta.16","beta.17","beta.18","beta.19","beta.20","sigma2","delta"
"1",0.14615098537626,0.163649400049288,0.698586185663603,0.181771052049821,0.500119725504665,0.120478925767501,0.034044687169105,0.00309497799110698,0.00297265460832753,0.00398182615199455,8.94261452579987e-07,0.000719461230092087,6.9702021722337e-08,4.93360394608577e-05,0.000117304768254242,0.000533276776121739,5.97997543141698e-05,0.00196745331565215,4.01214570372148e-05,0.000307183284370875,0.343250236778355,0
