"","beta.1","beta.2","beta.3","beta.4","beta.5","beta.6","beta.7","beta.8","beta.9","beta.10","beta.11","beta.12","beta.13","beta.14","beta.15","beta.16","beta.17","beta.18","beta.19","beta.20","sigma2","delta"
"1",1.85436169737278,3.42038448187639,1.27203383039425,2.68767233667551,0.647705879736055,3.09626719147332,7.97257347413792,80.1119043931523,45.1738678383005,55.6052904813813,77.172694120109,129.906459302991,101.990717429792,103.899601788781,129.92013976011,105.306817486575,117.405993179957,140.130182223429,104.53105681085,85.6602735367334,0,"1e-06"
