"","beta.1","beta.2","beta.3","beta.4","beta.5","beta.6","beta.7","beta.8","beta.9","beta.10","beta.11","beta.12","beta.13","beta.14","beta.15","beta.16","beta.17","beta.18","beta.19","beta.20","sigma2","delta"
"1",1.77182026316314,0.7669587667428,1.36930109324301,1.17098025904144,0.440481675130125,0.247294588585482,0.194863608765363,0.0840694113056692,0.0274091833986359,0.0278885431686292,0.00177172390750032,0.00836881171917839,0.000100494317483751,0.00147370010700345,0.00123528270976837,0.000832874275709459,0.00190724528718494,0.00159392232596226,0.00344544641481115,0.0178642250379052,0.0560045523833657,0
