"","beta.1","beta.2","beta.3","beta.4","beta.5","beta.6","beta.7","beta.8","beta.9","beta.10","beta.11","beta.12","beta.13","beta.14","beta.15","beta.16","beta.17","beta.18","beta.19","beta.20","sigma2","delta"
"1",0.84080760330724,0.868433622555808,0.95460680965349,0.843550295831152,0.993951697053183,1.06280647358692,1.995,1.995,1.995,1.995,1.995,1.995,1.995,1.995,1.995,1.995,1.995,1.995,1.995,1.995,0.0115937253001205,1.15937254743135e-10
