beta.1,beta.2,beta.3,beta.4,beta.5,beta.6,beta.7,beta.8,beta.9,beta.10,beta.11,beta.12,beta.13,beta.14,beta.15,beta.16,beta.17,beta.18,beta.19,beta.20,sigma2,delta
3.882955491160536354e+01,3.698301046262456282e+01,2.286431049901149493e+01,3.187705448836411293e+01,2.332023590813576774e+01,4.717460220913856972e+01,8.212202366401999143e+01,4.248553562184363273e+02,4.210042596952535519e+02,4.334925367808959891e+02,2.855924773303569509e+03,2.935024339869854884e+03,1.299720801530775680e+04,1.397387757294126095e+04,3.376662322739976389e+03,1.255060250537779029e+04,1.637159602810097931e+04,1.586097276914803479e+04,1.748990746023683823e+04,1.786124826800413211e+04,2.842706286861997569e+02,5.562684646268136855e-309
