"","beta.1","beta.2","beta.3","beta.4","beta.5","beta.6","beta.7","beta.8","beta.9","beta.10","beta.11","beta.12","beta.13","beta.14","beta.15","beta.16","beta.17","beta.18","beta.19","beta.20","sigma2","delta"
"1",-0.132933072171111,-0.135462038666689,-0.0407987678873746,-0.13573244337102,-0.0614290998283575,-0.124777032909753,0.0548672484726531,0.11698018364936,0.149802259302883,0.0931698513975702,0.0243480771850016,0.000739517758438457,0.00888846531382311,0.0325348131783734,-0.0345442744319233,0.0157466849418113,0.0209255621943394,0.0114530727972919,-0.0209194619567775,0.005712116622679,0.0128198667076437,0
