"","beta.1","beta.2","beta.3","beta.4","beta.5","beta.6","beta.7","beta.8","beta.9","beta.10","beta.11","beta.12","beta.13","beta.14","beta.15","beta.16","beta.17","beta.18","beta.19","beta.20","sigma2","delta"
"1",0.931217411477439,1.18434236714504,1.46482287150884,0.99698133506275,1.09795755369692,1.51612574458565,4.74178615110035,7.22785,5.26380686868602,7.22785,7.22785,7.22785,7.22785,7.22785,7.22785,7.22785,7.22785,7.22785,7.22785,7.22785,0,0.00138401432747457
