"","beta.1","beta.2","beta.3","beta.4","beta.5","beta.6","beta.7","beta.8","beta.9","beta.10","beta.11","beta.12","beta.13","beta.14","beta.15","beta.16","beta.17","beta.18","beta.19","beta.20","sigma2","delta"
"1",-0.149705558159899,-0.161905689939247,-0.0227651607548724,-0.138095471459726,-0.0487795379773209,-0.106503980756017,0.0614030580444511,0.08084590600391,0.112623164350987,0.0862177471134883,0.00554300693384061,-0.00380851997771424,-0.00235590939177724,-0.0358325504207607,0.0254843919254287,-0.0216912289013874,0.0342410028825745,0.0230703356438135,-0.0110147071825879,-0.0142592686270053,0.0104231718335047,0
