"","beta.1","beta.2","beta.3","beta.4","beta.5","beta.6","beta.7","beta.8","beta.9","beta.10","beta.11","beta.12","beta.13","beta.14","beta.15","beta.16","beta.17","beta.18","beta.19","beta.20","sigma2","delta"
"1",3.37662738457189,3.49730520138005,1.04619126895627,3.78278572689557,0.825450270800863,6.79242037657575,16.1064954426489,166.161622334098,129.895029649041,164.258347740265,223.127937409496,216.031222946055,214.918692134442,207.541855136623,216.399591656945,192.345303005013,200.419198850223,206.1708453184,191.643571371715,201.18374032685,0,"1e-06"
