"","beta.1","beta.2","beta.3","beta.4","beta.5","beta.6","beta.7","beta.8","beta.9","beta.10","beta.11","beta.12","beta.13","beta.14","beta.15","beta.16","beta.17","beta.18","beta.19","beta.20","sigma2","delta"
"1",0.273043351531578,0.179719519024982,0.550089160168642,0.200313527019281,0.870124630397753,0.105580376173765,0.0333050741351797,0.00406019781515445,0.0123466692193099,0.00594512464376833,0.000275922861666954,1.30692098415753e-08,0.000185222927204801,0.000297381709283838,0.000181419896013029,0.00024551452196057,0.000128632733403268,0.000776231151748744,0.00181711907308706,2.64502556463647e-05,0.391160729075348,0
