beta.1,beta.2,beta.3,beta.4,beta.5,beta.6,beta.7,beta.8,beta.9,beta.10,beta.11,beta.12,beta.13,beta.14,beta.15,beta.16,beta.17,beta.18,beta.19,beta.20,sigma2,delta
1.906283380921949089e+01,1.921950104189526343e+01,6.358180331784487826e+00,1.843445203830395229e+01,6.252971767352492272e+00,2.474449412508609214e+01,3.730656462729676548e+01,5.048556382023813853e+02,5.514001130736022560e+02,2.550174665360939059e+02,3.805876724871221086e+03,7.629713783438215614e+03,6.042294974126037232e+03,7.143540959820877106e+03,6.732344089083475410e+03,3.688777917334008180e+03,7.015168843866073075e+03,7.416765341745266596e+03,7.194240692242675323e+03,6.753734606008413721e+03,7.602066426632097773e+02,1.402367688314904868e-04
