"","beta.1","beta.2","beta.3","beta.4","beta.5","beta.6","beta.7","beta.8","beta.9","beta.10","beta.11","beta.12","beta.13","beta.14","beta.15","beta.16","beta.17","beta.18","beta.19","beta.20","sigma2","delta"
"1",0.124105101456599,0.133378654521631,0.324127862901977,0.138797411091821,0.466323663433513,0.101971968999055,0.0188919985414174,0.00137945460861703,0.00301562818820813,0.00304821849750041,0.00156442190815996,2.19485556801709e-05,0.000277742080891051,3.52891755665159e-05,4.26662692103487e-05,0.000867345913825625,6.2231091971053e-09,5.3780513302271e-05,0.000959314559379926,5.23818480037578e-05,0.604325762847408,0
