"","beta.1","beta.2","beta.3","beta.4","beta.5","beta.6","beta.7","beta.8","beta.9","beta.10","beta.11","beta.12","beta.13","beta.14","beta.15","beta.16","beta.17","beta.18","beta.19","beta.20","sigma2","delta"
"1",0.861362240416031,0.81898296185055,1.1340046524301,0.722553399677944,0.626568062622221,0.647719907144671,0.119905924933004,0.439231133841866,0.0735363124436447,0.0449583467419876,0.000542754758910892,0.000386074489202605,0.003955101357092,0.00912983408641421,1.2013873691437e-08,0.00782615211460786,4.72543715161813e-08,0.0116211140933056,0.0198012539299632,0.014686969314456,0.0392281149067828,5.80664527146018e-14
