"","beta.1","beta.2","beta.3","beta.4","beta.5","beta.6","beta.7","beta.8","beta.9","beta.10","beta.11","beta.12","beta.13","beta.14","beta.15","beta.16","beta.17","beta.18","beta.19","beta.20","sigma2","delta"
"1",2.30853505123245,2.4782771528588,0.412155421293954,1.26998779841825,0.475560035523821,0.411888722042418,0.0205798142006783,0.0203701956267804,0.0159404762861359,0.0495306627376206,0.0154483103535394,0.027419693992798,0.0290211850130154,0.00327109906662017,0.0157475222655282,0.0065225656862813,0.00273253912712424,0.00343246523004951,0.00363682104862112,0.00815758776711101,0.0606452456174397,0
