"","beta.1","beta.2","beta.3","beta.4","beta.5","beta.6","beta.7","beta.8","beta.9","beta.10","beta.11","beta.12","beta.13","beta.14","beta.15","beta.16","beta.17","beta.18","beta.19","beta.20","sigma2","delta"
"1",1.01436997371095,1.06424544568852,1.3868762273763,1.12472007448963,1.14403707030144,1.58516377327997,3.73740768137753,7.266475,6.47315892812517,7.266475,7.266475,7.266475,7.266475,7.266475,7.266475,7.266475,7.266475,7.266475,7.266475,7.266475,0,0.000660661043662088
