"","beta.1","beta.2","beta.3","beta.4","beta.5","beta.6","beta.7","beta.8","beta.9","beta.10","beta.11","beta.12","beta.13","beta.14","beta.15","beta.16","beta.17","beta.18","beta.19","beta.20","sigma2","delta"
"1",1.44708221695492,1.98400106549954,0.638934056067903,6.16485607842413,0.546487161100775,0.65272080252455,0.321575935133952,0.0439046282190026,0.102488120872841,0.0552334103735004,0.00853944727246146,0.0277807542936882,0.00501531949234931,0.0063118497198368,0.120734436422023,0.00040543496625666,0.000812784933695493,0.00125702755021176,0.00205175709497078,0.00136330657888407,0.0287491011156909,5.19539391264924e-16
