"","beta.1","beta.2","beta.3","beta.4","beta.5","beta.6","beta.7","beta.8","beta.9","beta.10","beta.11","beta.12","beta.13","beta.14","beta.15","beta.16","beta.17","beta.18","beta.19","beta.20","sigma2","delta"
"1",0.831329657970181,0.842806225284284,0.97422985533519,0.77805078675819,0.862223272796256,1.00998361509393,1.995,1.995,1.995,1.995,1.995,1.995,1.995,1.995,1.995,1.995,1.995,1.995,1.995,1.995,0.0103923622940283,0
