beta.1,beta.2,beta.3,beta.4,beta.5,beta.6,beta.7,beta.8,beta.9,beta.10,beta.11,beta.12,beta.13,beta.14,beta.15,beta.16,beta.17,beta.18,beta.19,beta.20,sigma2,delta
3.234153199500262144e+00,3.239005473919363887e+00,9.498272433757579680e-01,2.991593053758337284e+00,1.596469112575831018e+00,3.762673464386936839e+00,5.568518160862016231e+00,4.597828890884381536e+01,3.086760452631470386e+01,4.693997893098265450e+01,5.500987786682811276e+01,1.429550962094698150e+02,4.901551691456635353e+02,2.326741166698178063e+02,4.860252883908526087e+02,3.491713622838430524e+02,1.561677474392798217e+02,3.836911602369890488e+02,4.760820951470448108e+02,5.783915162895019648e+02,5.474747085682128755e+00,2.388048530767955232e-04
