"","beta.1","beta.2","beta.3","beta.4","beta.5","beta.6","beta.7","beta.8","beta.9","beta.10","beta.11","beta.12","beta.13","beta.14","beta.15","beta.16","beta.17","beta.18","beta.19","beta.20","sigma2","delta"
"1",1.20405721379715,1.03917346146287,0.21131245161524,1.22956075084087,0.216273720997177,0.41029033147016,0.0119196364906719,0.0638265722563046,0.0842677829739215,0.0618076494530517,0.00595224059932588,0.0197656873546914,0.0189484843054156,0.0222699015689669,0.0099614584026522,0.0110713613338571,0.0216298739656088,0.00151420036925701,0.00273918666698032,0.00980445249420395,0.133667514713144,0
