"","beta.1","beta.2","beta.3","beta.4","beta.5","beta.6","beta.7","beta.8","beta.9","beta.10","beta.11","beta.12","beta.13","beta.14","beta.15","beta.16","beta.17","beta.18","beta.19","beta.20","sigma2","delta"
"1",0.428445650331555,0.210026222799243,1.10451864394057,0.333959906502248,1.21876622291586,0.226990741303771,0.113131452740716,0.006211185268844,0.0124109928279106,0.0139657004798599,0.0119557029320667,7.51911469603843e-05,0.00774133374625159,0.00085527754017324,0.0011583083141877,0.000736933034906476,0.000275830888012351,0.00153990060182734,0.0025833278384312,0.00067430966715178,0.281662312642325,0
