beta.1,beta.2,beta.3,beta.4,beta.5,beta.6,beta.7,beta.8,beta.9,beta.10,beta.11,beta.12,beta.13,beta.14,beta.15,beta.16,beta.17,beta.18,beta.19,beta.20,sigma2,delta
3.973462638001781499e+01,3.940159746192480839e+01,2.040644720364185716e+01,3.753105849141355321e+01,2.598454376120311338e+01,4.409109911344189925e+01,7.323349046331655643e+01,4.455863254160386191e+02,3.948230251221058325e+02,5.285779519473944674e+02,3.246055407063843086e+04,9.103583676604032007e+03,2.646838966009400247e+04,3.048010949350432838e+03,4.691411175305721372e+03,3.013734337839008367e+04,2.078568855450922456e+03,6.508466699384611275e+03,2.139614303271990502e+04,2.822372987964732965e+04,2.260548765723965232e+02,8.913841336427124104e-202
