beta.1,beta.2,beta.3,beta.4,beta.5,beta.6,beta.7,beta.8,beta.9,beta.10,beta.11,beta.12,beta.13,beta.14,beta.15,beta.16,beta.17,beta.18,beta.19,beta.20,sigma2,delta,mu
0.46213,0.7613,0.16696,0.10668,0.060323,0.039308,0.12724,0.014484,0.0087923,0.0053371,0.7283,0.035204,0.0010279,0.00061783,0.00037136,0.00022322,0.00013417,0.0001,0.0001,0.0049719,0.018347,0,-0.29465
