beta.1,beta.2,beta.3,beta.4,beta.5,beta.6,beta.7,beta.8,beta.9,beta.10,beta.11,beta.12,beta.13,beta.14,beta.15,beta.16,beta.17,beta.18,beta.19,beta.20,sigma2,delta
7.511751687118753296e+00,7.679862137189966909e+00,2.470503003041594425e+00,7.136605715530518701e+00,3.453365249416750604e+00,8.416022852043624880e+00,1.286174688705806091e+01,8.673048378340551778e+01,9.203584543049211675e+01,1.221560171742363963e+02,1.275606422663560579e+03,5.310295637638688504e+02,1.229073882462410666e+03,1.001841663132648591e+03,9.656636484180274920e+02,1.697423418859684432e+02,1.006510302361083262e+02,1.196788346762898072e+03,1.031493041812294393e+02,1.411028191418514098e+03,1.744315543513379296e+01,3.510489782285019904e-05
