"","beta.1","beta.2","beta.3","beta.4","beta.5","beta.6","beta.7","beta.8","beta.9","beta.10","beta.11","beta.12","beta.13","beta.14","beta.15","beta.16","beta.17","beta.18","beta.19","beta.20","sigma2","delta"
"1",1.1868006455403,1.21931902676012,1.14271839430987,1.21712483721394,1.17880982874674,1.71949902631668,4.77326805892174,7.3427625,6.77714774089311,7.3427625,7.3427625,7.3427625,7.3427625,7.3427625,7.3427625,7.3427625,7.3427625,7.3427625,7.3427625,7.3427625,0,0.000798920821995609
