"","beta.1","beta.2","beta.3","beta.4","beta.5","beta.6","beta.7","beta.8","beta.9","beta.10","beta.11","beta.12","beta.13","beta.14","beta.15","beta.16","beta.17","beta.18","beta.19","beta.20","sigma2","delta"
"1",1.45366590132864,3.52731058927014,0.784914447152269,1.36251808814603,0.964688290362657,0.757954760044668,0.0890252664320555,0.0440276261989015,0.623080422446638,0.0884827815857418,0.0188983450453264,0.00262385513269698,0.0744600965434342,0.128536013737339,0.00869408551945061,0.0530493362326995,0.0385980321577064,0.161628517197477,0.00312960543426986,0.02897147327083,0.0221045922240066,8.66774908704456e-15
