beta.1,beta.2,beta.3,beta.4,beta.5,beta.6,beta.7,beta.8,beta.9,beta.10,beta.11,beta.12,beta.13,beta.14,beta.15,beta.16,beta.17,beta.18,beta.19,beta.20,sigma2,delta
2.486783837403036657e+00,2.671324668889868637e+00,1.000925404076742575e+00,2.727112598202936056e+00,9.081372094159980701e-01,3.615687463983570105e+00,5.278687253599752438e+00,2.846997297233128421e+01,3.281512405087532613e+01,1.990281479658855446e+01,3.784913082740697519e+02,3.347896879004490529e+02,3.810422192444070220e+02,3.365025640225038615e+02,3.295369898889111937e+02,2.255881424593576696e+02,2.224658919614190040e+02,2.574547043696654214e+02,2.856640475647358244e+02,3.460207239553995464e+02,3.129178354000574203e+00,2.030331413292515573e-04
