beta.1,beta.2,beta.3,beta.4,beta.5,beta.6,beta.7,beta.8,beta.9,beta.10,beta.11,beta.12,beta.13,beta.14,beta.15,beta.16,beta.17,beta.18,beta.19,beta.20,sigma2,delta
2.353543457365287139e+01,2.630516898537548087e+01,8.197172893773311486e+00,2.199476062881801752e+01,7.775097548473000053e+00,3.070256714828534683e+01,5.028609193198021643e+01,6.840834408265172897e+02,8.454903230381961521e+02,8.658170798783564805e+02,7.833115657670336986e+03,9.242765687544420871e+03,9.782734004806685334e+03,1.072995257497785133e+04,8.738336271225623932e+03,9.819697149247984271e+03,1.138780647703201430e+04,1.083868450142766960e+04,1.208977709554605099e+04,1.041174006195287802e+04,3.252237736821036833e+03,1.286019140733702423e-04
