beta.1,beta.2,beta.3,beta.4,beta.5,beta.6,beta.7,beta.8,beta.9,beta.10,beta.11,beta.12,beta.13,beta.14,beta.15,beta.16,beta.17,beta.18,beta.19,beta.20,sigma2,delta
3.028798401354430680e+01,3.182535243277920145e+01,1.924715863188475851e+01,2.999741209545735643e+01,2.067159296674512348e+01,3.713879549174281891e+01,5.503644082414633232e+01,3.469433131666763757e+02,3.112857813942916323e+02,3.241858275805686276e+02,9.698188196082299328e+03,1.734806147322894276e+03,6.869663436020552581e+03,3.087447518451729593e+03,2.861082403184153918e+03,7.873726050721261345e+03,8.041461437543651300e+03,4.539445800321686875e+03,2.410932180910412626e+03,6.653368354690844171e+03,1.317660557920093254e+02,5.562684646268136855e-309
