"","beta.1","beta.2","beta.3","beta.4","beta.5","beta.6","beta.7","beta.8","beta.9","beta.10","beta.11","beta.12","beta.13","beta.14","beta.15","beta.16","beta.17","beta.18","beta.19","beta.20","sigma2","delta"
"1",2.5121768794173,0.796448333286529,0.869916281091859,0.813782239234419,1.90180890906514,0.521061295192087,0.451977991393688,0.0702554333182089,0.108598650006371,0.079213120876022,0.0121009495402881,0.00298750055466395,0.00247947332413701,0.000308063375564469,0.00423271270661738,0.00141951480580436,0.0311980990639841,0.00127987340658231,0.0118683619063619,0.00125468257479019,0.0242423058029824,7.27709417912366e-16
