"","beta.1","beta.2","beta.3","beta.4","beta.5","beta.6","beta.7","beta.8","beta.9","beta.10","beta.11","beta.12","beta.13","beta.14","beta.15","beta.16","beta.17","beta.18","beta.19","beta.20","sigma2","delta"
"1",3.13379099774912,0.87549461246478,0.428534823413756,2.12582113609391,0.297025432995692,0.703630201609905,0.0853568815062234,0.81230392269803,0.0654907462952913,0.0264658809204279,0.00223551660510535,0.0134931100465825,0.00815684808231131,0.00481146497309128,0.0335825267390944,0.0223819913298233,0.0179208607803844,0.00946387415474982,0.012690752284325,0.00906998517767735,0.0357861223807528,0
