"","beta.1","beta.2","beta.3","beta.4","beta.5","beta.6","beta.7","beta.8","beta.9","beta.10","beta.11","beta.12","beta.13","beta.14","beta.15","beta.16","beta.17","beta.18","beta.19","beta.20","sigma2","delta"
"1",0.701024621316012,0.798583742499477,0.841214941806206,0.735327978445266,0.729001838890569,0.898760868772075,1.65662484153888,1.995,1.995,1.995,1.995,1.995,1.995,1.995,1.995,1.995,1.995,1.995,1.995,1.995,0.0218056841169419,2.1805684444567e-10
