"","beta.1","beta.2","beta.3","beta.4","beta.5","beta.6","beta.7","beta.8","beta.9","beta.10","beta.11","beta.12","beta.13","beta.14","beta.15","beta.16","beta.17","beta.18","beta.19","beta.20","sigma2","delta"
"1",1.07973948450385,3.00043669859313,0.69909881801486,1.17911155513483,0.879062058707731,0.837758261773278,0.163767898182022,0.0801670921267871,0.0521215549767681,0.0365656989579823,0.000330058241572791,0.000415066974669883,0.00126121345800315,0.00277793013390924,0.0157439730337295,0.0168588119797952,3.2910486038411e-05,0.00319256400970351,0.222414908408798,0.00865109666170008,0.0265923926027444,4.50219950291061e-17
