"","beta.1","beta.2","beta.3","beta.4","beta.5","beta.6","beta.7","beta.8","beta.9","beta.10","beta.11","beta.12","beta.13","beta.14","beta.15","beta.16","beta.17","beta.18","beta.19","beta.20","sigma2","delta"
"1",4.0458424060967,4.26764697314443,0.593837722479859,3.62452346913609,1.12892652710969,5.5072785139078,13.9826861755962,313.933434715303,306.219288496235,258.506711640659,328.214901078489,331.840674545791,303.62712887792,370.559857306491,332.906644040569,315.493366334731,334.774589245416,400,320.630900127413,315.5196164353,0,"1e-06"
