beta.1,beta.2,beta.3,beta.4,beta.5,beta.6,beta.7,beta.8,beta.9,beta.10,beta.11,beta.12,beta.13,beta.14,beta.15,beta.16,beta.17,beta.18,beta.19,beta.20,sigma2,delta
2.149196718763714209e+00,2.333964300382347812e+00,7.085584285795346604e-01,2.276883800852621320e+00,9.384568397953200192e-01,2.506109400138967214e+00,3.859655842285425020e+00,2.090587450259964797e+01,2.045643025826717221e+01,2.492386418356376865e+01,4.564659938290773198e+02,7.328948819877784615e+01,2.919172108455122157e+02,1.426546657826443152e+02,1.773118755272124645e+02,3.222095872418815361e+02,2.796054335503448485e+01,3.299646138113328107e+02,2.452626245267079526e+02,4.425596126936307542e+02,1.290224496474283056e+00,1.474025327015346940e-04
