"","beta.1","beta.2","beta.3","beta.4","beta.5","beta.6","beta.7","beta.8","beta.9","beta.10","beta.11","beta.12","beta.13","beta.14","beta.15","beta.16","beta.17","beta.18","beta.19","beta.20","sigma2","delta"
"1",0.191317635119278,0.237115392227261,2.28039837075823,0.269061683851949,1.07052298413502,0.17034668193165,0.0797413192002772,0.00503829308226,0.00549187501679083,0.00451221534206855,0.00100830567477076,0.000344265828110123,1.70518263854709e-08,0.000316852711377448,0.000257365961408938,0.000715521976919938,0.00145142474233035,0.000559395062561922,0.00734022545888424,2.94215963553745e-06,0.26346653773857,0
