"","beta.1","beta.2","beta.3","beta.4","beta.5","beta.6","beta.7","beta.8","beta.9","beta.10","beta.11","beta.12","beta.13","beta.14","beta.15","beta.16","beta.17","beta.18","beta.19","beta.20","sigma2","delta"
"1",4.86594889624912,6.26247867253933,0.763020246502693,4.39808599363215,0.906734778583542,6.47516243294487,15.2427900459762,245.137717807588,226.502156132853,300.448228628872,386.911755317821,399.999523134537,376.530138269444,392.565355084349,349.524513914696,377.073309912454,374.271363536264,381.423710315585,383.199669933972,343.222815159921,0,"1e-06"
