beta.1,beta.2,beta.3,beta.4,beta.5,beta.6,beta.7,beta.8,beta.9,beta.10,beta.11,beta.12,beta.13,beta.14,beta.15,beta.16,beta.17,beta.18,beta.19,beta.20,sigma2,delta
1.355399941863614721e+01,1.542307926731370138e+01,5.198580011917013799e+00,1.364912132271619605e+01,5.835983290254435296e+00,1.768766503441088034e+01,2.456776945689409075e+01,3.612975206725736825e+02,2.395444162572156301e+02,2.901929999193650929e+02,3.524542273415412183e+03,1.885508853342070097e+03,2.518397226117471291e+03,3.802067417361750813e+03,3.095329285811357749e+03,2.830548607059484311e+03,1.396417130749716080e+03,3.650139063634001559e+03,5.948451481122721816e+03,5.411752135662190085e+03,2.275756896120319936e+02,1.577703725639451374e-04
