"","beta.1","beta.2","beta.3","beta.4","beta.5","beta.6","beta.7","beta.8","beta.9","beta.10","beta.11","beta.12","beta.13","beta.14","beta.15","beta.16","beta.17","beta.18","beta.19","beta.20","sigma2","delta"
"1",-0.124625116532838,-0.143821313029112,-0.0639066418850914,-0.141901242890824,-0.0304165875084941,-0.128671102510566,0.0323048709561423,0.103891676690461,0.118566515772197,0.105285484516631,0.00614155830042958,0.00390610362607203,-0.0210060695610843,-0.00737902479383555,0.0443071911279851,-0.0590883424562825,0.0179208216547422,0.0073417297445487,0.01844758789185,0.00863403746890405,0.0108181825385317,0
