"","beta.1","beta.2","beta.3","beta.4","beta.5","beta.6","beta.7","beta.8","beta.9","beta.10","beta.11","beta.12","beta.13","beta.14","beta.15","beta.16","beta.17","beta.18","beta.19","beta.20","sigma2","delta"
"1",-0.130857142032476,-0.14912901362586,-0.0414650358974817,-0.16165650133242,-0.0556731741339975,-0.129384452904351,0.0775874934112427,0.0915118958562612,0.128367410307339,0.117053278438538,0.00177998722676752,-0.0389736673024912,-0.00012287289817959,-0.0424753208799897,-0.00303148433913964,0.0180868143638032,0.0346871318621195,0.0205590577696051,0.0153889041669991,-0.0391899362204249,0.0127531274090813,0
