beta.1,beta.2,beta.3,beta.4,beta.5,beta.6,beta.7,beta.8,beta.9,beta.10,beta.11,beta.12,beta.13,beta.14,beta.15,beta.16,beta.17,beta.18,beta.19,beta.20,sigma2,delta
3.116132028327670511e+01,3.331998153736899582e+01,2.315555014672277068e+01,3.306801372155022278e+01,2.185807277717118779e+01,4.592263310405095922e+01,6.708458117239344176e+01,3.973125399669629019e+02,3.982391000010237008e+02,2.900898052604354120e+02,1.369081280572395735e+04,6.815153983172564949e+03,1.394216229003600529e+04,3.691999596596419906e+03,3.595440471015967432e+03,1.430900560183718335e+04,5.095309370326189310e+03,4.072724787393702627e+03,2.933076256355152964e+03,2.491717450078468573e+03,1.874648051233456556e+02,9.891387321708757572e-51
