"","beta.1","beta.2","beta.3","beta.4","beta.5","beta.6","beta.7","beta.8","beta.9","beta.10","beta.11","beta.12","beta.13","beta.14","beta.15","beta.16","beta.17","beta.18","beta.19","beta.20","sigma2","delta"
"1",0.1963643218068,0.11567157845398,0.471918688329096,0.188856005162984,0.33789234225117,0.0553729276777167,0.0154507080636857,0.00227947727382577,0.00189437558168808,0.00121421537889502,0.000812080763649164,0.000259663167120717,9.72142340467808e-09,4.84296571766435e-06,0.000206355478019364,0.000112042004761268,1.67559538757791e-08,1.80390385108409e-05,7.01508574647286e-09,3.36841117444145e-05,0.812332030181152,0
