beta.1,beta.2,beta.3,beta.4,beta.5,beta.6,beta.7,beta.8,beta.9,beta.10,beta.11,beta.12,beta.13,beta.14,beta.15,beta.16,beta.17,beta.18,beta.19,beta.20,sigma2,delta,mu
0.57616,0.34091,0.20171,0.11935,0.070616,0.056473,0.024722,0.014628,0.012533,0.0081664,0.00303,0.0017928,0.0010608,0.00062764,0.00037136,0.00021973,0.00013001,0.0001,0.0001,0.00010189,0.014301,0,-0.52654
