"","beta.1","beta.2","beta.3","beta.4","beta.5","beta.6","beta.7","beta.8","beta.9","beta.10","beta.11","beta.12","beta.13","beta.14","beta.15","beta.16","beta.17","beta.18","beta.19","beta.20","sigma2","delta"
"1",0.165722989454442,0.128607006370563,0.338076286465998,0.16825053626572,0.328831806802466,0.0817413872035101,0.0296608707322738,0.00151469156055708,0.00255500471751622,0.0020330198833041,0.000149996498052773,0.000900068077031053,0.00067523272695614,2.53174451736674e-09,0.00120908161532662,0.000557147017286529,0.00199055531749045,0.000133372369531436,3.86716464494039e-05,2.79815161629531e-05,0.558892420616394,0
