"","beta.1","beta.2","beta.3","beta.4","sigma2","delta"
"1",177.849043460216,1.66710819755453e-06,9.43347349581377e-07,0.236167750849878,69409.6719408123,0.000113348151586967
