"","beta.1","beta.2","beta.3","beta.4","sigma2","delta"
"1",64.395561440139,0.0004994230800548,1.32969774275212e-08,0.0153160252998748,1874431.98678073,0.00145898150520678
