"","beta.1","beta.2","beta.3","beta.4","beta.5","beta.6","beta.7","beta.8","beta.9","beta.10","beta.11","beta.12","beta.13","beta.14","sigma2","delta"
"1",63.0650638975815,29.5684453524597,3.10727148585363,-0.849389133553992,-3.0140804022354,-0.620648364700387,6.2409086905348,-0.759990834065313,2.57750308537566,-27.6893816749868,-34.235050553777,-0.490762781416329,-5.33545327415761,17.9248560481812,23.8775380673519,0
