"","beta.1","beta.2","beta.3","beta.4","sigma2","delta"
"1",87.3844257065449,5.90441762804128e-11,0.0011600874134666,0.026393148835244,1918830.63962967,1.73675587720658e-05
