beta.1,beta.2,beta.3,beta.4,sigma2,delta,mu
5.0397,0.027841,0.039373,0.017538,802.26,0,0.49731
