"","beta.1","beta.2","beta.3","beta.4","sigma2","delta"
"1",78.380409923161,1.6003673069993,-0.0249357259705181,-29.5653066178453,39.8114821390577,0
