"","beta.1","beta.2","beta.3","beta.4","sigma2","delta"
"1",0.0289015558345832,3.04619524536093,3.04619524536093,3.04619524536093,0,1.06544178429095e-06
