beta.1,beta.2,beta.3,beta.4,sigma2,delta
9.823980686619928626e-01,1.893213572930859540e-02,1.000000000000000048e-04,1.074607828321317432e-02,2.648838611827224959e+06,2.220446049250313081e-15
