"","beta.1","beta.2","beta.3","beta.4","sigma2","delta"
"1",78.2003177693721,-0.594168481679052,2.04965053760713,-29.8126547633634,39.3956276178318,0
