beta.1,beta.2,beta.3,beta.4,sigma2,delta,mu
1.8877,0.0061119,0.068157,0.012951,8331.1,0,3.2691
