"","beta.1","beta.2","beta.3","beta.4","beta.5","beta.6","beta.7","beta.8","beta.9","beta.10","beta.11","beta.12","beta.13","beta.14","sigma2","delta"
"1",62.0605791370616,29.466024073761,4.45204502874983,0.36678344861585,-1.95718254524461,4.11494293490658,2.86197139387376,-0.396785522473113,-3.31295980810122,-28.6063270458399,-30.1152480025899,-3.05212541030848,-2.36522122337965,17.110978378088,23.6752584797082,0
