beta.1,beta.2,beta.3,beta.4,sigma2,delta
5.244015837233450411e-02,4.697081760323418393e+02,6.708022031764584199e+02,1.389774655621333954e+00,5.353427202445566945e+04,1.127765134947069389e-04
