"","beta.1","beta.2","beta.3","beta.4","beta.5","beta.6","beta.7","beta.8","beta.9","beta.10","beta.11","beta.12","beta.13","beta.14","sigma2","delta"
"1",59.952949305249,29.1965540019055,7.14319327298251,-3.37891613141422,-2.78996292996625,-6.31942532227308,10.2503935435624,-6.31531763375394,4.56094400317653,-23.5057517026176,-29.0613117529504,-0.366924696884267,1.78344685314703,8.16595057394793,22.9117062662216,0
