"","beta.1","beta.2","beta.3","beta.4","sigma2","delta"
"1",7.13321351290991,1.20988824231843e-05,5.7232126680832e-07,0.0108946101557859,15676.0982314615,0
