beta.1,beta.2,beta.3,beta.4,sigma2,delta
6.780946680061224197e-02,5.816667527491931833e+04,1.381664669807123119e+03,2.110100809827791579e+00,4.684176621957073803e+05,2.178184396339505758e-04
