"","beta.1","beta.2","beta.3","beta.4","sigma2","delta"
"1",0.0249140122341553,16,9.23797436195357,5.58497030277032,0,"1e-06"
