"","beta.1","beta.2","beta.3","beta.4","sigma2","delta"
"1",54.2989803114289,0.000626501658493411,0.0689175295011769,0.092599390821064,32199.1648223701,0
