beta.1,beta.2,beta.3,beta.4,sigma2,delta
7.647360912649192599e-02,4.236163026343507227e+03,4.503492309245233400e+02,4.894568830279840688e-01,2.317472580780064891e+04,5.570113195940870317e-04
