"","beta.1","beta.2","beta.3","beta.4","sigma2","delta"
"1",197.02892825683,1e-10,1.34441634921264e-05,0.343017486511237,5712.778855519,7.32227446756166e-08
