"","beta.1","beta.2","beta.3","beta.4","beta.5","beta.6","beta.7","beta.8","beta.9","beta.10","beta.11","beta.12","beta.13","beta.14","sigma2","delta"
"1",63.9805455099388,31.1293401780927,0.763531008577585,0.544661930302066,0.543688980985953,-3.13076942706025,0.556691714606463,2.23986691721609,-0.155653732840798,-20.7151374979327,-34.6350561349418,-3.32685351575784,4.19121473330442,6.81261282061863,26.3624667766346,0
