"","beta.1","beta.2","beta.3","beta.4","sigma2","delta"
"1",0.0366443514986128,2.9692868662809,2.9692868662809,2.9692868662809,0,3.48551933155006e-07
