beta.1,beta.2,beta.3,beta.4,sigma2,delta,mu
1.5874,0.0049216,0.15749,0.019686,5479.8,0,1.9357
