beta.1,beta.2,beta.3,beta.4,sigma2,delta
1.155165315883428301e+00,3.086753527513305118e-01,4.381285583138562478e-02,1.076778963833483795e-02,2.836048081091772474e+03,2.220446049250313081e-15
