"","beta.1","beta.2","beta.3","beta.4","sigma2","delta"
"1",0.0519243440171871,2.91503879711228,2.91503879711228,2.91503879711228,0,7.85331321856554e-07
