"","beta.1","beta.2","beta.3","beta.4","sigma2","delta"
"1",0.0128191127742934,16,16,7.77308450345097,0,"1e-06"
