beta.1,beta.2,beta.3,beta.4,sigma2,delta
7.568642093088284728e-01,8.914706127128328370e-03,5.902116973627233310e-02,2.234997044273621253e-02,5.672700365290810441e+04,2.220446049250313081e-15
