beta.1,beta.2,beta.3,beta.4,sigma2,delta
5.725919850999937333e-02,2.600751299715252571e+02,1.377851207213153657e+03,3.586475137086041709e+00,1.887069126001019904e+05,4.061537738531794794e-04
