"","beta.1","beta.2","beta.3","beta.4","sigma2","delta"
"1",152.972968387329,4.62411105276776e-09,0.000304952694667457,0.319292154571048,26381.2955633401,0
