"","beta.1","beta.2","beta.3","beta.4","sigma2","delta"
"1",0.0329158804210352,3.18051397876453,3.18051397876453,3.18051397876453,0,1.97634502238491e-06
