"","beta.1","beta.2","beta.3","beta.4","sigma2","delta"
"1",78.1369426061302,-0.719651458406082,1.05847244300818,-28.777895556928,35.8867770350654,0
