"","beta.1","beta.2","beta.3","beta.4","sigma2","delta"
"1",104.981524991499,0.00364376735514543,9.38084096883272e-07,0.0742833911099472,26154.6580788217,1.03551031349001e-07
