"","beta.1","beta.2","beta.3","beta.4","sigma2","delta"
"1",77.9751918602735,1.37286648485102,-0.0402760427104336,-30.1948165123679,41.7027965927637,0
