"","beta.1","beta.2","beta.3","beta.4","sigma2","delta"
"1",177.614890367582,0.000924877209699308,0.00533461320590447,0.117303483709338,7475.54677777051,7.6801575910047e-08
