"","beta.1","beta.2","beta.3","beta.4","sigma2","delta"
"1",123.573259066714,7.69087799218885e-22,1.14793768443521e-06,0.153664205936843,157003.917279805,0.000174882885718245
