beta.1,beta.2,beta.3,beta.4,sigma2,delta
6.915620019367539617e-02,1.523597109560365789e+04,2.979598159331394491e+00,2.474494322168134808e+00,8.531135124063726107e+04,2.332267629550104701e-15
