"","beta.1","beta.2","beta.3","beta.4","sigma2","delta"
"1",0.0171803422630941,16,16,5.40853988965387,0,"1e-06"
