"","beta.1","beta.2","beta.3","beta.4","sigma2","delta"
"1",209.992179533214,3.85828302256937e-05,2.31614141973373e-06,0.114728332886587,11332.7539808236,7.34497708109846e-08
