"","beta.1","beta.2","beta.3","beta.4","sigma2","delta"
"1",0.00932510362844802,16,16,15.9950438931073,0,"1e-06"
