"","beta.1","beta.2","beta.3","beta.4","sigma2","delta"
"1",70.318956791273,4.54351446180366e-08,0.0618626989066897,0.13902219387341,127923.817877871,6.4507934994222e-07
