"","beta.1","beta.2","beta.3","beta.4","sigma2","delta"
"1",42.6117805445951,1e-10,0.0560967990103158,0.0990154343921201,78491.703873355,1.56491631121508e-07
