"","beta.1","beta.2","beta.3","beta.4","sigma2","delta"
"1",172.74145538963,6.02282362217359e-06,0.000239170235624709,0.19832010979878,45679.1964479246,0
