"","beta.1","beta.2","beta.3","beta.4","sigma2","delta"
"1",18.7971078009987,1e-10,1.96471745972036e-05,0.140035320084817,1577.3493242692,0
