"","beta.1","beta.2","beta.3","beta.4","sigma2","delta"
"1",0.0181595548229422,16,16,6.65560157670074,0,"1e-06"
