"","beta.1","beta.2","beta.3","beta.4","sigma2","delta"
"1",0.05631833785384,3.34410915700633,3.34410915700633,3.34410915700633,0,1.92293449906386e-06
