"","beta.1","beta.2","beta.3","beta.4","sigma2","delta"
"1",77.8589773373958,0.964746900391099,0.488753789170571,-29.1348701271136,35.9842439728318,0
