"","beta.1","beta.2","beta.3","beta.4","sigma2","delta"
"1",8.58522783874048,1e-10,6.91924477153953e-06,0.0548075470263384,2975.2994335818,0
