"","beta.1","beta.2","beta.3","beta.4","sigma2","delta"
"1",163.494126261374,0.00814466533985879,8.0148567483112e-06,0.0876485337325888,38960.29172997,0
