beta.1,beta.2,beta.3,beta.4,sigma2,delta
1.108494630495064470e+00,1.000000000000000048e-04,1.893021161129215257e-01,9.356278164218027188e-03,5.623818752940280683e+04,2.220446049250313081e-15
