"","beta.1","beta.2","beta.3","beta.4","beta.5","beta.6","beta.7","beta.8","beta.9","beta.10","beta.11","beta.12","beta.13","beta.14","sigma2","delta"
"1",65.3978363086359,30.2705341848624,-0.600998032619341,4.95924713925413,0.209186157945582,-2.49983604400697,-6.81612307759499,-0.334983559106889,6.04696490945452,-20.8360244633859,-32.946035802115,-1.3051048492573,0.889483958791743,7.67778452629001,25.202140154624,0
