"","beta.1","beta.2","beta.3","beta.4","sigma2","delta"
"1",4.93043372301551,1e-10,1.82057665525795e-06,0.00632469667001527,13912.1727026218,2.00936382527721e-13
