"","beta.1","beta.2","beta.3","beta.4","sigma2","delta"
"1",133.906981641458,7.75291315096382e-16,0.00411816757696624,0.102547385756667,89013.3510376485,0
