beta.1,beta.2,beta.3,beta.4,sigma2,delta
2.889676451075227970e+00,9.177966842530948513e-04,1.106484443782143612e-01,2.774694890154782642e-02,3.853053747601690702e+03,2.220446049250313081e-15
