"","beta.1","beta.2","beta.3","beta.4","sigma2","delta"
"1",4.3780495153026,2.1892480486713e-07,8.62088214643752e-06,0.0107685737558344,10349.5085461415,0
