"","beta.1","beta.2","beta.3","beta.4","sigma2","delta"
"1",0.497473607677135,0.497556102958969,0.479344383607784,0.46016667291772,0.0352929317926852,0
