"","beta.1","beta.2","beta.3","beta.4","sigma2","delta"
"1",0.318360976599096,0.347717042708349,0.3440929863628,0.339944961158224,0.0355493908355246,0
