"","beta.1","beta.2","beta.3","beta.4","beta.5","beta.6","beta.7","beta.8","beta.9","beta.10","beta.11","beta.12","beta.13","beta.14","sigma2","delta"
"1",0.556999872979473,0.00755443089134653,-0.0130888358582344,-0.326358382805558,-0.122355816306147,0.258328884467924,-0.187017352445023,-0.0591570031297866,-0.0573375983703327,-0.435392543407677,-0.184850701797919,0.340999522534638,-0.0138269883859081,0.19658221627022,0.0138370607697832,0
