beta.1,beta.2,beta.3,beta.4,sigma2,delta
1.230481980497740713e+00,1.432158248165330994e+00,1.406068392264441913e+00,1.413382680126162416e+00,3.323590017152345255e-01,1.749632690607543506e-11
