beta.1,beta.2,beta.3,beta.4,sigma2,delta
7.739632835128545940e-01,8.368247567111979368e-01,8.230643443542531301e-01,7.988419094361752792e-01,2.258560538838661480e-01,3.135516085171609477e-11
