"","beta.1","beta.2","beta.3","beta.4","sigma2","delta"
"1",5.09728838506741,3.9450458931949,6.87190605372408,5.14001367086413,0.0306048464442113,0
