beta.1,beta.2,beta.3,beta.4,sigma2,delta,mu
0.35355,0.2973,0.39685,0.47194,0.03854,0,-0.31945
