beta.1,beta.2,beta.3,beta.4,sigma2,delta
9.592722432092226637e-01,1.066248957141223030e+00,1.009926260143351406e+00,9.513143624681953403e-01,1.677852603486315874e-01,1.774921265512627047e-11
