"","beta.1","beta.2","beta.3","beta.4","sigma2","delta"
"1",0.60319661007668,0.395919987483819,0.307167566087215,0.412191605509383,0,0.00541741295993518
