"","beta.1","beta.2","beta.3","beta.4","sigma2","delta"
"1",4.23967977290829,3.89423248788404,3.90917674338971,5.81545082872226,0.0395511485092231,0
