"","beta.1","beta.2","beta.3","beta.4","sigma2","delta"
"1",0.271763897584284,0.417727890432209,0.192744248339715,0.278193866817765,0,"1e-06"
