"","beta.1","beta.2","beta.3","beta.4","sigma2","delta"
"1",0.486809751733922,0.495059092448589,0.439887958306131,0.489649519135832,0.0272419549897597,0
