"","beta.1","beta.2","beta.3","beta.4","sigma2","delta"
"1",0.558357396096735,0.58156991097086,0.503530715636874,0.491486559556902,0.0360445020808362,3.60445026223962e-10
