"","beta.1","beta.2","beta.3","beta.4","sigma2","delta"
"1",0.275732428876165,0.291360468510974,0.406549536199137,0.381807760124194,0,"1e-06"
