beta.1,beta.2,beta.3,beta.4,sigma2,delta,mu
0.47194,0.36391,0.35355,0.28884,0.036075,0,0.71616
