"","beta.1","beta.2","beta.3","beta.4","sigma2","delta"
"1",0.390530539030108,0.468971026704799,0.366668020868642,0.42190858192589,0.0331604088253707,0
