"","beta.1","beta.2","beta.3","beta.4","sigma2","delta"
"1",0.261864467300441,0.463839754179272,0.230312122943298,0.264336066968181,0,0.00179027182283464
