"","beta.1","beta.2","beta.3","beta.4","beta.5","beta.6","beta.7","beta.8","beta.9","beta.10","beta.11","beta.12","beta.13","beta.14","sigma2","delta"
"1",0.421887632017537,-0.659355928329349,0.305514920319477,0.226552465213517,0.176500763667587,0.706909453194439,-0.237492728293093,-0.692678521584974,-0.107283231212855,0.68490916064112,0.510784305079133,-0.275448049300493,-0.195590361838868,-0.701413264905544,0.00700673552008285,0
