"","beta.1","beta.2","beta.3","beta.4","sigma2","delta"
"1",4.80769652705384,3.44346382094582,5.75478555564224,4.56686622446261,0.0301725632845766,0
