"","beta.1","beta.2","beta.3","beta.4","sigma2","delta"
"1",0.274593471609526,0.361329078839546,0.322706992722082,0.331495536456198,0,"1e-06"
