"","beta.1","beta.2","beta.3","beta.4","sigma2","delta"
"1",0.313969167880036,0.39029620327304,0.336576715716574,0.24913396709504,0,0.00053429775841534
