"","beta.1","beta.2","beta.3","beta.4","sigma2","delta"
"1",0.186585194787885,0.173350443436159,0.048503942067862,0.0745767745418348,0.0165794030701453,0
