beta.1,beta.2,beta.3,beta.4,sigma2,delta
1.297353354098771616e+00,1.414897107181490865e+00,1.328299261893642891e+00,1.299535642818194781e+00,3.171518720233237332e-01,3.484974880977554124e-11
