beta.1,beta.2,beta.3,beta.4,sigma2,delta,mu
0.39685,0.28884,0.33371,0.34349,0.043921,0,0.53748
