"","beta.1","beta.2","beta.3","beta.4","sigma2","delta"
"1",4.24076688157161,3.89572003916019,3.90979094832271,5.81563877347091,0.0395324631931445,2.83797900143581e-10
