"","beta.1","beta.2","beta.3","beta.4","sigma2","delta"
"1",0.0343564517709362,0.122803745392567,0.0379069747156481,0.000785451651337741,0.0196807197978021,0
