beta.1,beta.2,beta.3,beta.4,sigma2,delta
4.025159977846175519e-01,4.333432532501153567e-01,3.792873336181004085e-01,3.705031948012295073e-01,1.084517634211462633e-01,2.209880624037041921e-05
