"","beta.1","beta.2","beta.3","beta.4","sigma2","delta"
"1",0.558364653013175,0.58156463508155,0.503537541394812,0.491480989643968,0.0360446677118134,0
