"","beta.1","beta.2","beta.3","beta.4","sigma2","delta"
"1",4.56956313594923,4.52639179736471,3.61815534363239,3.57525449158386,0.0385275082736997,0
