beta.1,beta.2,beta.3,beta.4,sigma2,delta
4.315287801535950263e-01,3.391701145820060770e-01,5.750710226013650006e-01,4.308570495431241487e-01,2.972312460373758777e-02,2.220446049250313081e-15
