beta.1,beta.2,beta.3,beta.4,sigma2,delta,mu
0.37458,0.40848,0.56123,0.48577,0.023684,0,-0.53512
