"","beta.1","beta.2","beta.3","beta.4","sigma2","delta"
"1",0.30606672265179,0.37450875397273,0.271343000256341,0.305302373144384,0.0312468169443052,3.12468174137812e-10
