"","beta.1","beta.2","beta.3","beta.4","sigma2","delta"
"1",4.25095559418897,3.83573639900298,4.43528692076238,5.1612355065224,0.0396952007020257,0
