"","beta.1","beta.2","beta.3","beta.4","sigma2","delta"
"1",3.61805197238051,3.62827857130212,3.71947973431159,4.110835111664,0.0349042037449809,0
