"","beta.1","beta.2","beta.3","beta.4","sigma2","delta"
"1",0.430592477382247,0.447001233793231,0.496832974680567,0.478253142026136,0.0406311793826004,0
