"","beta.1","beta.2","beta.3","beta.4","sigma2","delta"
"1",0.271527136009789,0.267305262314736,0.365257124036629,0.369011051124151,0,"1e-06"
