beta.1,beta.2,beta.3,beta.4,sigma2,delta
3.437401150878394152e-01,3.586910996662306950e-01,3.585189450999714533e-01,2.929431657698949865e-01,3.999607398849152479e-02,5.944920668882125805e-12
