"","beta.1","beta.2","beta.3","beta.4","sigma2","delta"
"1",-0.00378571608149143,0.130852499344936,0.0278733418370977,-0.344544524766996,0.0245708327473788,0
