"","beta.1","beta.2","beta.3","beta.4","sigma2","delta"
"1",0.486806941487477,0.49506411037108,0.43988390268582,0.489647433386584,0.0272417940873292,2.72417944966306e-10
