"","beta.1","beta.2","beta.3","beta.4","beta.5","beta.6","beta.7","beta.8","beta.9","beta.10","beta.11","beta.12","beta.13","beta.14","sigma2","delta"
"1",-1.0654687287948,0.458692302303165,-0.494646446723416,0.259013700242349,0.285501561908424,-1.0614132322405,0.704132914949074,0.0441913833064226,0.698366410670619,0.0751173411755738,0.109404178505376,0.034328713634718,-0.211878779601717,0.123497795781397,0.0121058481953771,0
