beta.1,beta.2,beta.3,beta.4,sigma2,delta
4.123382423076178416e-01,4.591296557686914692e-01,4.454951328342156014e-01,4.242795441500624154e-01,1.433845798642155445e-01,1.953786483576214824e-04
