beta.1,beta.2,beta.3,beta.4,sigma2,delta,mu
0.35355,0.2973,0.31498,0.47194,0.043899,0,-0.28473
