"","beta.1","beta.2","beta.3","beta.4","sigma2","delta"
"1",0.319997861270016,0.39553718032976,0.29396355834156,0.281530772335154,0,0.00062896557096901
