"","beta.1","beta.2","beta.3","beta.4","sigma2","delta"
"1",0.430669211745449,0.430481802625248,0.366057656466345,0.417150238686771,0.0283136967580456,2.83136971834521e-10
