"","beta.1","beta.2","beta.3","beta.4","sigma2","delta"
"1",0.430656827901184,0.430477608675709,0.366057099714119,0.417147181552303,0.0283126565542776,0
