"","beta.1","beta.2","beta.3","beta.4","sigma2","delta"
"1",0.267471805080625,0.368099109172745,0.342153116862376,0.32376630440858,0,"1e-06"
