"","beta.1","beta.2","beta.3","beta.4","sigma2","delta"
"1",0.180863139819196,0.167626507110683,0.0544276171180176,0.0705099310319428,0.0157250716702036,0
