"","beta.1","beta.2","beta.3","beta.4","sigma2","delta"
"1",4.23957566552191,3.89412387614914,3.90904503252718,5.81539840401431,0.0395532994976483,0
