"","beta.1","beta.2","beta.3","beta.4","sigma2","delta"
"1",0.327416829182782,0.320299721608352,0.26872158625754,0.291374230001197,0.0248462190361261,0
