beta.1,beta.2,beta.3,beta.4,sigma2,delta
3.345278491758394979e-01,3.390814639372716766e-01,3.821729548525426012e-01,3.784366042320967960e-01,4.362102215760887275e-02,4.186285581578281167e-11
