"","beta.1","beta.2","beta.3","beta.4","sigma2","delta"
"1",4.87858583313154,4.81380142043018,3.97051460671723,3.60362173148282,0.0369588617148672,0
