"","beta.1","beta.2","beta.3","beta.4","sigma2","delta"
"1",0.314672682485749,0.362978999372214,0.328934921349549,0.234391917509719,0,"1e-06"
