beta.1,beta.2,beta.3,beta.4,sigma2,delta
6.369525712013079932e-01,7.657599964729797648e-01,5.950694256244218883e-01,6.528360418910568175e-01,1.389416009718359712e-01,4.108673030500039074e-11
