"","beta.1","beta.2","beta.3","beta.4","sigma2","delta"
"1",5.06148227170144,3.99735679853904,4.06137078432833,4.35157805778017,0.036203892628455,2.95397726973086e-07
