"","beta.1","beta.2","beta.3","beta.4","sigma2","delta"
"1",4.93308413839294,4.13533509657255,4.22309781870762,4.32646592821548,0.0355506094241804,0
