beta.1,beta.2,beta.3,beta.4,sigma2,delta
3.478948877150109253e-01,3.068431314600859050e-01,3.239232994778954988e-01,4.789828038031713753e-01,4.166272613594183133e-02,2.220446049250313081e-15
