"","beta.1","beta.2","beta.3","beta.4","sigma2","delta"
"1",0.485870065016248,0.516644096560582,0.580783024024314,0.506676880746607,0.0348368819934154,0
