beta.1,beta.2,beta.3,beta.4,sigma2,delta
3.836154533706646053e-01,3.746540819871100325e-01,3.013033124709390553e-01,2.919658327923853602e-01,3.891884677556768646e-02,2.220446049250313081e-15
