"","beta.1","beta.2","beta.3","beta.4","sigma2","delta"
"1",4.66411582827198,4.87369549791637,6.92414186705935,5.88937179629829,0.0248460751523435,0
