"","beta.1","beta.2","beta.3","beta.4","sigma2","delta"
"1",0.432697004416267,0.49643830952501,0.418723567551792,0.471648476591297,0.0294110610219112,2.94110614638054e-10
