"","beta.1","beta.2","beta.3","beta.4","sigma2","delta"
"1",4.93321994809882,4.13539371947133,4.22297613713506,4.32665591279282,0.035549446831225,0
