"","beta.1","beta.2","beta.3","beta.4","sigma2","delta"
"1",5.09712290452527,3.9448742629743,6.87237646610917,5.13977757860368,0.0306056536906768,0
