beta.1,beta.2,beta.3,beta.4,sigma2,delta,mu
0.42045,0.33371,0.66742,0.42045,0.029107,0,-0.046686
