beta.1,beta.2,beta.3,beta.4,sigma2,delta
4.237378567612973268e-01,3.317049504764238987e-01,3.408211696092378062e-01,3.630901380455033300e-01,3.600644436292213535e-02,2.220446049250313081e-15
