beta.1,beta.2,beta.3,beta.4,sigma2,delta,mu
0.42045,0.37458,0.66742,0.5946,0.021806,0,-0.45561
