"","beta.1","beta.2","beta.3","beta.4","beta.5","beta.6","beta.7","beta.8","beta.9","beta.10","beta.11","beta.12","beta.13","beta.14","sigma2","delta"
"1",0.496643024888121,-0.664131310213166,0.274709306144688,0.279891471635422,0.160844730459793,0.710955385863212,-0.295621905368126,-0.711968844286317,-0.11349662035496,0.726350844316731,0.535736981935372,-0.292796604984268,-0.193719356096356,-0.70646740789,0.00784509373906766,0
