"","beta.1","beta.2","beta.3","beta.4","sigma2","delta"
"1",0.342959128487428,0.361044150917879,0.335757235432472,0.311251271658972,0.0396956702554374,3.96956708518553e-10
