"","beta.1","beta.2","beta.3","beta.4","sigma2","delta"
"1",0.257985432012621,0.459994840112868,0.196419561802635,0.25833813628286,0,"1e-06"
