"","beta.1","beta.2","beta.3","beta.4","sigma2","delta"
"1",4.21829844369072,4.98707411518613,6.42262223348017,5.87135266354857,0.0243628945332087,0
