"","beta.1","beta.2","beta.3","beta.4","sigma2","delta"
"1",0.342958657812384,0.361044327324433,0.3357561961617,0.311249155096444,0.0396951862916319,0
