"","beta.1","beta.2","beta.3","beta.4","sigma2","delta"
"1",4.87825403868314,4.81383611579043,3.9710662644414,3.6040269874321,0.0369548416062709,7.11436957452364e-11
