"","beta.1","beta.2","beta.3","beta.4","sigma2","delta"
"1",5.06436998668479,3.99454775359582,4.06264542527512,4.35285418453143,0.0362060895357936,0
