beta.1,beta.2,beta.3,beta.4,sigma2,delta
6.652406479499355374e-01,7.697770370449472654e-01,6.896306058166015163e-01,6.541306894516650816e-01,1.471201293465611293e-01,1.354753635952554270e-11
