"","beta.1","beta.2","beta.3","beta.4","sigma2","delta"
"1",4.93354424336623,4.13490821179257,4.22216366581642,4.32623147313685,0.0355563113741316,9.46172520341166e-10
