"","beta.1","beta.2","beta.3","beta.4","sigma2","delta"
"1",0.411391737979065,0.332291556213815,0.261190991892445,0.264976940281333,0,"1e-06"
