"","beta.1","beta.2","beta.3","beta.4","sigma2","delta"
"1",0.225153322297066,-0.154883325012374,0.0748784817441759,-0.160746986549207,0.0166289910986813,0
