"","beta.1","beta.2","beta.3","beta.4","sigma2","delta"
"1",0.497473581590896,0.49755213186171,0.479341262694596,0.460164486962982,0.035292499970468,3.52925005007293e-10
