beta.1,beta.2,beta.3,beta.4,sigma2,delta
3.602544882865358344e-01,4.816319058682781984e-01,3.333955155691777361e-01,3.614924345949385165e-01,1.017433754590499340e-01,1.214463272377733124e-04
