beta.1,beta.2,beta.3,beta.4,sigma2,delta
9.702251373832235792e-01,1.080983970470227984e+00,9.139796178994892273e-01,9.899833179419967877e-01,1.741308169939780326e-01,3.059020936284432565e-11
