"","beta.1","beta.2","beta.3","beta.4","sigma2","delta"
"1",0.227079578864145,-0.151809395380905,0.0687976914691313,-0.156172626473682,0.016668524641145,0
