"","beta.1","beta.2","beta.3","beta.4","sigma2","delta"
"1",0.390533164243207,0.468978762619917,0.366666532356608,0.421903302033791,0.0331605764029375,3.31605769011672e-10
