"","beta.1","beta.2","beta.3","beta.4","sigma2","delta"
"1",0.320142759835002,0.322285097423519,0.354858588490477,0.372488947778029,0.0369585464031906,0
