"","beta.1","beta.2","beta.3","beta.4","beta.5","beta.6","beta.7","beta.8","beta.9","beta.10","beta.11","beta.12","beta.13","beta.14","sigma2","delta"
"1",-0.387196209905428,0.201515491044865,-0.343955439008008,0.359242711900294,0.49957772743086,-0.468451789086288,0.0922077687227235,-0.175865278660141,0.406647288941535,-0.572256941229278,0.306683434841705,-0.147078668412294,0.325337603496967,0.404121016315191,0.00959165596394964,0
