"","beta.1","beta.2","beta.3","beta.4","sigma2","delta"
"1",0.448496716635832,0.46676145517799,0.438996199945425,0.413887480910622,0.0411950443575757,4.11950449765214e-10
