"","beta.1","beta.2","beta.3","beta.4","sigma2","delta"
"1",3.97746732926214,3.45983405791364,3.97541455189352,4.57455990262241,0.0362638755589335,0
