"","beta.1","beta.2","beta.3","beta.4","beta.5","beta.6","beta.7","beta.8","beta.9","beta.10","beta.11","beta.12","beta.13","beta.14","sigma2","delta"
"1",-0.666384171378175,0.474983949413556,0.835419936255302,-0.120670679380218,-0.413493163231263,0.291012044616178,0.405847786451954,-0.771087885275444,-0.227911273414114,-0.484297509140989,0.077428097798605,0.321093668486196,0.28767119496973,-0.196707260967284,0.0145659295458421,0
