"","beta.1","beta.2","beta.3","beta.4","sigma2","delta"
"1",5.33754262027192,3.56485842649218,6.79104804673799,5.36436084595496,0.0312463657891451,0
