"","beta.1","beta.2","beta.3","beta.4","sigma2","delta"
"1",0.432697185966602,0.496438437274872,0.418723240524201,0.471648526688758,0.0294110624995476,0
