"","beta.1","beta.2","beta.3","beta.4","sigma2","delta"
"1",0.620905471729532,0.374651562756211,0.36893246378452,0.387925917146048,0,0.00428022608622814
