"","beta.1","beta.2","beta.3","beta.4","beta.5","beta.6","beta.7","beta.8","beta.9","beta.10","beta.11","beta.12","beta.13","beta.14","sigma2","delta"
"1",-0.750573368928264,0.502826520289997,0.788195901210386,-0.0524802337738415,-0.380150539479644,0.329850696476052,0.416969611588973,-0.798004211610734,-0.23764062673998,-0.478532816798168,0.11429622754575,0.305724763106628,0.244996446516075,-0.192222322762329,0.0142211038581217,0
