"","beta.1","beta.2","beta.3","beta.4","sigma2","delta"
"1",0.316980155442995,0.328017577124464,0.418348486360297,0.413147456971554,0,0.000830811407990503
