"","beta.1","beta.2","beta.3","beta.4","sigma2","delta"
"1",0.408274385743064,0.276644325664862,0.235326519603056,0.26827370075083,0,"1e-06"
