beta.1,beta.2,beta.3,beta.4,sigma2,delta
3.519093933249777262e-01,4.173548538739901281e-01,5.311801006255106872e-01,4.945659569583912840e-01,2.426156992847888771e-02,2.220446049250313081e-15
