beta.1,beta.2,beta.3,beta.4,sigma2,delta,mu
0.5,0.28884,0.66742,0.51465,0.026474,0,-2.2039e-05
