"","beta.1","beta.2","beta.3","beta.4","sigma2","delta"
"1",4.25497361466134,4.66566306358864,6.58256405140466,5.15810266653469,0.026083924687749,0.000146111138500432
