"","beta.1","beta.2","beta.3","beta.4","sigma2","delta"
"1",4.56959321417772,4.52681246991677,3.61827857290061,3.57543434346906,0.0385232389715072,0
