"","beta.1","beta.2","beta.3","beta.4","sigma2","delta"
"1",5.09716325336813,3.94518650297538,6.87056703334771,5.13946370048959,0.0306094514814608,2.37195174506721e-10
