beta.1,beta.2,beta.3,beta.4,sigma2,delta
3.189266723125413483e-01,3.593534596136805925e-01,3.530196354094163880e-01,3.420191010186633962e-01,3.894682912455524337e-02,1.289328249526020694e-10
