beta.1,beta.2,beta.3,beta.4,sigma2,delta
7.432458232738712312e-01,8.235735942377629959e-01,8.399774578591339136e-01,8.670483404150306495e-01,2.294783341988304026e-01,1.315638876548800451e-11
