"","beta.1","beta.2","beta.3","beta.4","sigma2","delta"
"1",5.06416248143407,3.99453929700144,4.06269038050215,4.35286683707501,0.0362067203824359,0
