"","beta.1","beta.2","beta.3","beta.4","sigma2","delta"
"1",0.448497782484919,0.466756811471127,0.439003674937451,0.413887874451842,0.0411954038208692,0
