beta.1,beta.2,beta.3,beta.4,sigma2,delta,mu
0.42045,0.2847,0.34349,0.36921,0.039907,0,0.48739
