beta.1,beta.2,beta.3,beta.4,sigma2,delta
7.827140627106423665e-01,7.181135164826203399e-01,6.224449378261085464e-01,6.781388645225637779e-01,1.379142975223366374e-01,1.135317840444974219e-10
