beta.1,beta.2,beta.3,beta.4,sigma2,delta,mu
0.37458,0.28062,0.26487,0.22272,0.065332,0,0.94024
