"","beta.1","beta.2","beta.3","beta.4","sigma2","delta"
"1",4.21798123346454,4.9868372432334,6.42255903766987,5.87116251665079,0.0243649159362179,0
