"","beta.1","beta.2","beta.3","beta.4","beta.5","beta.6","beta.7","beta.8","beta.9","beta.10","beta.11","beta.12","beta.13","beta.14","sigma2","delta"
"1",0.476208814376883,-0.0247839357619464,0.00793992617732035,-0.419707235704754,-0.148019522861834,0.126273471548971,-0.00651093718305796,0.00383649216628839,-0.0450056077509505,-0.543656002098185,-0.042381834046274,0.382144565806937,-0.0211226647052161,0.22025184944837,0.0136610972086922,0
