"","beta.1","beta.2","beta.3","beta.4","sigma2","delta"
"1",4.66391973510064,4.87370703925967,6.92375571072814,5.88884338377946,0.0248483336217929,0
