beta.1,beta.2,beta.3,beta.4,sigma2,delta
3.136597390506289940e-01,3.555750047318729234e-01,2.696807206620191466e-01,3.125234515742089103e-01,3.068200172584018698e-02,3.050570816756642009e-11
