"","beta.1","beta.2","beta.3","beta.4","sigma2","delta"
"1",3.9795978780299,4.91624648827741,6.0625179589436,5.34109939111958,0.0251897366247682,9.42249994323042e-05
