"","beta.1","beta.2","beta.3","beta.4","sigma2","delta"
"1",0.321113507453616,0.362292803673377,0.284492387533387,0.266536649927876,0,"1e-06"
