"","beta.1","beta.2","beta.3","beta.4","sigma2","delta"
"1",0.115850260445184,0.0871439340448315,-0.00442989000844129,0.0405178169227723,0.0213727909544404,0
