"","beta.1","beta.2","beta.3","beta.4","sigma2","delta"
"1",0.485014340941128,0.475581940919419,0.453469948636626,0.4262332389079,0.0392558207107005,0
