"","beta.1","beta.2","beta.3","beta.4","sigma2","delta"
"1",5.33771332997702,3.56478230717644,6.79172416748695,5.36415171594214,0.0312451794360071,0
