"","beta.1","beta.2","beta.3","beta.4","sigma2","delta"
"1",-0.00454329080581548,0.131096519476574,0.0281863871574674,-0.344386668871463,0.0246435763245075,0
