beta.1,beta.2,beta.3,beta.4,sigma2,delta
3.591977553843755944e-01,3.244164886360575983e-01,2.944163917276400588e-01,3.130156465298085111e-01,2.767586148744906327e-02,1.151514257009776112e-04
