"","beta.1","beta.2","beta.3","beta.4","sigma2","delta"
"1",0.316587816487338,0.419498970383214,0.400302648286507,0.352822407383723,0,0.00126060066638837
