"","beta.1","beta.2","beta.3","beta.4","sigma2","delta"
"1",0.320152723286986,0.322278802520439,0.354857931818782,0.372469837003559,0.0369568031472534,3.69568037025204e-10
