"","beta.1","beta.2","beta.3","beta.4","sigma2","delta"
"1",4.25096445414181,3.83622873616636,4.43580297428768,5.16139085275656,0.0396888489122427,8.25633867298816e-12
