"","beta.1","beta.2","beta.3","beta.4","sigma2","delta"
"1",3.95858994881878,4.23603666452014,5.9063165229821,4.61763458650766,0.0261388846380314,0
