"","beta.1","beta.2","beta.3","beta.4","sigma2","delta"
"1",4.87847317499417,4.81382468797294,3.97063625896336,3.6036606041248,0.0369583772478963,0
