beta.1,beta.2,beta.3,beta.4,sigma2,delta
5.537866844233072516e-01,4.470403117643395596e-01,3.934704673093951666e-01,4.537678925587423917e-01,1.396925847870078286e-01,8.165377285751647092e-04
