"","beta.1","beta.2","beta.3","beta.4","sigma2","delta"
"1",4.26445347699209,3.93621250745201,3.47914342812938,3.28546512166334,0.0354439108488603,0
