"","beta.1","beta.2","beta.3","beta.4","sigma2","delta"
"1",0.318356170439953,0.347719960993803,0.344086520532269,0.339941435501491,0.035547891679842,3.55478922139406e-10
