"","beta.1","beta.2","beta.3","beta.4","sigma2","delta"
"1",4.56799216064936,4.52742832643911,3.61762692337841,3.57015001688233,0.0385638929176683,4.3859639636348e-08
