"","beta.1","beta.2","beta.3","beta.4","sigma2","delta"
"1",-0.084492002134298,-0.0577035562534175,-0.102483458220016,0.174531560784315,0.0228985865778763,0
