"","beta.1","beta.2","beta.3","beta.4","sigma2","delta"
"1",0.430591635727714,0.446994613382804,0.496827904101697,0.478245532307158,0.0406296504969435,4.06296511073942e-10
