"","beta.1","beta.2","beta.3","beta.4","sigma2","delta"
"1",0.304616969454986,0.322396430834541,0.375282403780123,0.413406572658392,0,0.00112749479558969
