"","beta.1","beta.2","beta.3","beta.4","beta.5","beta.6","beta.7","beta.8","beta.9","beta.10","beta.11","beta.12","beta.13","beta.14","sigma2","delta"
"1",-1.07324847212769,0.456244506816669,-0.480729591990494,0.250171683286668,0.281530720542032,-1.0489172355406,0.719182367880343,0.0364379737554723,0.695067044894443,0.0722825277759265,0.117416386242699,0.0267272945335579,-0.230116707456147,0.131609985372888,0.0124012277794481,0
