"","beta.1","beta.2","beta.3","beta.4","sigma2","delta"
"1",0.342785391346245,0.327354204850191,0.275606278804333,0.311322959376228,0.0260815319866888,0.000146075766129463
