"","beta.1","beta.2","beta.3","beta.4","sigma2","delta"
"1",4.25099427715864,3.83565577366106,4.43529771705739,5.16124026131299,0.0396953996753673,0
