beta.1,beta.2,beta.3,beta.4,sigma2,delta
1.167509805723412342e+00,1.110688486221190541e+00,9.868688616190325336e-01,1.053390103308475156e+00,1.679190062164147845e-01,3.940377980524062078e-11
