"","beta.1","beta.2","beta.3","beta.4","sigma2","delta"
"1",0.275147490141732,0.414508209331685,0.209971781668544,0.283772144647833,0,0.0010856600787613
