beta.1,beta.2,beta.3,beta.4,sigma2,delta
3.888589452775557676e-01,3.979848204094955655e-01,4.326788463031149834e-01,4.536889893710972510e-01,1.165917176253164766e-01,1.133279531350914903e-04
