"","beta.1","beta.2","beta.3","beta.4","sigma2","delta"
"1",5.33857188322718,3.56537944080857,6.79001807015322,5.36333247518175,0.0312464849504024,5.11607474142928e-10
