"","beta.1","beta.2","beta.3","beta.4","sigma2","delta"
"1",0.48501355135329,0.47558030002498,0.453471578637218,0.426233577389839,0.0392557944661478,3.92557950559566e-10
