"","beta.1","beta.2","beta.3","beta.4","sigma2","delta"
"1",-0.0815046547865816,-0.0554197959279322,-0.105876965333269,0.17858402200828,0.0224555275600891,0
