"","beta.1","beta.2","beta.3","beta.4","beta.5","beta.6","beta.7","beta.8","beta.9","beta.10","beta.11","beta.12","beta.13","beta.14","sigma2","delta"
"1",-0.407357947427218,0.204574086810734,-0.37709386697162,0.318817902329825,0.478540593450685,-0.477000717357552,0.0845326549798613,-0.0536740123914415,0.41734916671914,-0.543473676583525,0.39556741681845,-0.100779019831704,0.197587838447939,0.374447365436667,0.0110765441600929,0
