"","beta.1","beta.2","beta.3","beta.4","sigma2","delta"
"1",0.485875389374599,0.516635887368966,0.580784317482947,0.506679282350029,0.0348369301926393,3.48369307160558e-10
