"","beta.1","beta.2","beta.3","beta.4","sigma2","delta"
"1",0.342767060216815,0.42142485649048,0.396738315099479,0.360408071944096,0,0.00148707003669881
