beta.1,beta.2,beta.3,beta.4,beta.5,beta.6,sigma2,delta
1.541556152133758184e+00,2.903116964274814471e+00,1.519483210902820502e+01,1.808216220309949218e+00,3.418909281721697425e+03,5.203044368072882619e+00,1.769524567075934328e+03,2.324312604531389252e-08
