"","beta.1","beta.2","beta.3","beta.4","beta.5","beta.6","sigma2","delta"
"1",-2.72270830183248,2.51316699236903,1.06321847285831,-0.55520934832079,-0.0278997141505867,0.00365693688036651,0.0341624542280901,0
