"","beta.1","beta.2","beta.3","beta.4","beta.5","beta.6","sigma2","delta"
"1",0.157638951101254,0.140693626163611,0.0696300980383193,0.0756398842797847,1e-10,0.000210318661505567,1.36762214469948,0
