"","beta.1","beta.2","beta.3","beta.4","beta.5","beta.6","sigma2","delta"
"1",0.733374297593415,0.268959422406463,0.0647085649877806,0.286071094455526,5.0166089719225e-08,0.00213799493498462,3.52657878009615,6.69078079448955e-07
