beta.1,beta.2,beta.3,beta.4,beta.5,beta.6,sigma2,delta
3.866753473921557410e-02,1.516883906755672230e-02,2.391454428465406273e-03,1.790315977492739838e-02,1.000000000000000048e-04,2.205210237566440461e-03,7.650421356197038847e+01,2.220446049250313081e-15
