beta.1,beta.2,beta.3,beta.4,beta.5,beta.6,sigma2,delta,mu
0.10066,0.040526,0.029925,0.018581,0.0001,0.00048828,12.963,0,1.741
