beta.1,beta.2,beta.3,beta.4,beta.5,beta.6,sigma2,delta,mu
0.068157,0.012312,0.023075,0.061161,0.0001,0.00052106,17.811,0,0.78385
