beta.1,beta.2,beta.3,beta.4,beta.5,beta.6,sigma2,delta
1.729924883022400328e+00,3.131960948719687998e+00,1.614392143419283343e+01,1.858160364777248219e+00,3.047199182748183830e+03,1.270772128574313875e+01,2.147476525645405673e+03,1.774235192814592711e-07
