"","beta.1","beta.2","beta.3","beta.4","beta.5","beta.6","sigma2","delta"
"1",1.68940414387257,3.84206216189141,3.84206216189141,3.84206216189141,3.84206216189141,3.84206216189141,0,2.30879628974486e-08
