"","beta.1","beta.2","beta.3","beta.4","beta.5","beta.6","sigma2","delta"
"1",-2.72961928982884,2.52566984406019,1.03945897712609,-0.515391211839483,0.0184282938749889,0.0055901446418235,0.0353034096316609,0
