"","beta.1","beta.2","beta.3","beta.4","beta.5","beta.6","sigma2","delta"
"1",0.727095673251571,0.279986421469693,0.0707826535492197,0.293416762813345,1.0933331872771e-07,0.00222139703532319,3.78081441289971,6.67087020629312e-07
