"","beta.1","beta.2","beta.3","beta.4","beta.5","beta.6","sigma2","delta"
"1",1.76901897154068,4.27711502936352,4.27711502936352,4.27711502936352,4.27711502936352,4.27711502936352,0,2.40558552403319e-08
