"","beta.1","beta.2","beta.3","beta.4","beta.5","beta.6","sigma2","delta"
"1",0.417880195974054,0.134780465019782,0.0067489022052334,0.325164217982801,2.64068880797561e-07,0.100850793094019,116.989758773072,0
