"","beta.1","beta.2","beta.3","beta.4","beta.5","beta.6","beta.7","beta.8","beta.9","beta.10","beta.11","beta.12","beta.13","beta.14","beta.15","beta.16","beta.17","beta.18","beta.19","beta.20","beta.21","beta.22","beta.23","beta.24","beta.25","beta.26","beta.27","sigma2","delta"
"1",-4.21729519567051,1.92956598996816,3.75905982537999,-0.904097106257965,-0.815114347971979,1.44377680783209,0.00512714605968693,0.01657297476291,0.0102977066271484,-0.528322845117335,0.0109967705987576,0.00261315334527019,-0.763442481685395,0.392628277399349,0.0185329054473953,0.000192022338613275,0.00760062928117717,-0.013518177250813,-0.0288559147156331,-0.0155831264168909,-0.024779824969505,-0.00917207474884123,0.0259245843605725,-0.0336441674921899,-0.0077024819591684,0.024658591106875,0.0177884467004201,0.0010631668022042,0
