"","beta.1","beta.2","beta.3","beta.4","beta.5","beta.6","sigma2","delta"
"1",0.754328133363027,0.286163403007926,0.0645352863598359,0.310276565450072,4.96376407316936e-08,0.00296847835858142,3.43509766120267,6.62747341785785e-07
