beta.1,beta.2,beta.3,beta.4,beta.5,beta.6,sigma2,delta,mu
0.25,0.054883,0.020263,0.05985,0.00015831,0.00055605,1.6027,0,0.29185
