"","beta.1","beta.2","beta.3","beta.4","beta.5","beta.6","sigma2","delta"
"1",0.274318403761783,0.0902173297390149,0.00444096859316812,0.214751270802325,6.43921667527989e-10,0.00786410789044332,194.461697999736,2.42182434914839e-07
