"","beta.1","beta.2","beta.3","beta.4","beta.5","beta.6","sigma2","delta"
"1",0.506941178998019,0.159588331330622,0.0334253911249278,0.241962766365633,2.16788254118205e-05,0.0482078486554736,59.3060740226196,0
