beta.1,beta.2,beta.3,beta.4,beta.5,beta.6,sigma2,delta
3.682664110256322898e-02,8.240840041667814309e-03,3.727734060501793588e-03,7.985453946532512087e-03,1.000000000000000048e-04,2.570798091035445682e-03,2.501724733093072359e+02,2.220446049250313081e-15
