"","beta.1","beta.2","beta.3","beta.4","beta.5","beta.6","sigma2","delta"
"1",0.642131742380084,0.0925254940860903,0.00615673753751889,1.00817101469699,0.0126237370796757,0.0245700905748583,35.3728552260961,0
