"","beta.1","beta.2","beta.3","beta.4","beta.5","beta.6","sigma2","delta"
"1",0.740825818187089,0.282161371138113,0.0646125250157279,0.28269256449225,2.82662197929681e-08,0.00204960668252116,3.42914054383798,6.6747747909277e-07
