"","beta.1","beta.2","beta.3","beta.4","beta.5","beta.6","sigma2","delta"
"1",0.251030696556293,0.10751032887012,0.324168343902868,0.0620427890256935,0.000154292193734062,0.000523665885430945,152.371959568388,6.61916956259619e-07
