beta.1,beta.2,beta.3,beta.4,beta.5,beta.6,sigma2,delta
1.701622808038931511e+00,2.916767733105455118e+00,1.398314920985597709e+01,1.912519946237149382e+00,2.643806339854282214e+03,1.168902258660789428e+01,1.519580297946869223e+03,2.751512642417809538e-07
