"","beta.1","beta.2","beta.3","beta.4","beta.5","beta.6","beta.7","beta.8","beta.9","beta.10","beta.11","beta.12","beta.13","beta.14","beta.15","beta.16","beta.17","beta.18","beta.19","beta.20","beta.21","beta.22","beta.23","beta.24","beta.25","beta.26","beta.27","sigma2","delta"
"1",-4.2541228850475,1.93638881836446,3.77011234919238,-0.870829576366469,-0.814363213698294,1.42761439672215,0.00754058071032717,-0.00504826135190404,0.0342606448732115,-0.508472663546498,-0.00446381213372484,-0.00501884481237577,-0.783132620871092,0.380958392845622,-0.0396569732063357,0.027926287785519,-0.0168367972768161,-0.019069612984955,-0.00240309568918675,0.0398438908605787,0.014632859963728,-0.0031489583617388,0.0190378343754553,-0.00121534573142203,-0.00854412334728533,-0.00388904202026696,-0.0298232363591737,0.00117696424158063,0
