"","beta.1","beta.2","beta.3","beta.4","beta.5","beta.6","beta.7","beta.8","beta.9","beta.10","beta.11","beta.12","beta.13","beta.14","beta.15","beta.16","beta.17","beta.18","beta.19","beta.20","beta.21","beta.22","beta.23","beta.24","beta.25","beta.26","beta.27","sigma2","delta"
"1",-4.19041884466162,1.90427264860207,3.79521687566158,-0.8985207324298,-0.836395958935878,1.43508644390571,0.0144618202737372,0.0114474136273581,-0.000785318670952614,-0.514177064545841,-0.00914586245821988,-0.0085928877475806,-0.783784157256678,0.387423535265423,-0.0468181892519265,0.0129747749448494,0.0218933354259775,0.00449520824656579,-0.00143572373145844,0.0134062759934265,-0.0483367759813454,-0.0156169158308383,-0.00568241571549629,-0.0121827901786662,-0.00585399160506789,0.021856490206406,0.0396321497020374,0.0010797534258597,0
