beta.1,beta.2,beta.3,beta.4,beta.5,beta.6,sigma2,delta
1.812177697572773388e-02,8.611099227972341189e-03,3.292896837493043791e-04,7.840485730529112365e-03,1.000000000000000048e-04,3.181569438465448822e-03,1.883605674699787642e+03,2.220446049250313081e-15
