"","beta.1","beta.2","beta.3","beta.4","beta.5","beta.6","sigma2","delta"
"1",1.74162135833818,5.38215130765043,25.9306765748625,3.82763928571488,36,36,0,"1e-06"
