"","beta.1","beta.2","beta.3","beta.4","beta.5","beta.6","sigma2","delta"
"1",-2.73285307614246,2.52539926475615,1.08855444413104,-0.534255286667917,0.0134799812406389,-0.0197788399176848,0.0353310232103935,0
