"","beta.1","beta.2","beta.3","beta.4","beta.5","beta.6","sigma2","delta"
"1",0.233759444723437,0.0714173590991759,0.00387210358656106,0.181568270881953,9.70341233553295e-09,0.00505168640022485,514.97145286183,1.8075829356378e-07
