beta.1,beta.2,beta.3,beta.4,beta.5,beta.6,sigma2,delta
2.952069396121146522e-02,6.432052926558603015e-03,5.350906271200366743e-03,6.205552708333087961e-03,1.000000000000000048e-04,2.905966644253971196e-03,3.328310396077454811e+02,2.220446049250313081e-15
