"","beta.1","beta.2","beta.3","beta.4","beta.5","beta.6","sigma2","delta"
"1",0.824217900974608,0.279134325523948,0.0588214709005699,0.284061349361305,7.16043222088072e-08,0.00220847204870944,3.67670313275963,6.6054642366963e-07
