"","beta.1","beta.2","beta.3","beta.4","beta.5","beta.6","sigma2","delta"
"1",1.87308895652687,4.08695594598418,4.08695594598418,4.08695594598418,4.08695594598418,4.08695594598418,0,8.41197195960013e-08
