beta.1,beta.2,beta.3,beta.4,beta.5,beta.6,sigma2,delta
1.616793187154418998e+00,3.173058650619807075e+00,1.921766871096639306e+01,1.949949496008108296e+00,3.016306024167240594e+03,1.277013346026608076e+01,2.385021415551348582e+03,2.264501102061619379e-07
