"","beta.1","beta.2","beta.3","beta.4","beta.5","beta.6","beta.7","beta.8","beta.9","beta.10","beta.11","beta.12","beta.13","beta.14","beta.15","beta.16","beta.17","beta.18","beta.19","beta.20","beta.21","beta.22","beta.23","beta.24","beta.25","beta.26","beta.27","sigma2","delta"
"1",-4.17218707063276,1.8951211382368,3.73398704248786,-0.883076518111778,-0.783152463073866,1.44956617508789,-0.0153475663771646,-0.00268871439356147,0.0202517033474121,-0.549814716225748,-0.00515579994271012,-0.0115575801933964,-0.770352407279425,0.399014318966362,-0.0154969928879696,-0.0208791256186731,0.000218739212119611,-0.00826527680216511,0.0305791565977467,0.015402872251168,-0.0341587393509534,0.00455535482364105,0.0285074899580187,-0.00815259478002666,-0.00540984907986075,-0.000966606340133094,0.0121109650670238,0.00108169232280515,0
