"","beta.1","beta.2","beta.3","beta.4","beta.5","beta.6","sigma2","delta"
"1",0.248931347013079,0.0794080846026739,0.00626871616995704,0.164829327134059,9.80691190155963e-08,0.00553167439367022,374.261077460068,2.55192404071995e-07
