"","beta.1","beta.2","beta.3","beta.4","beta.5","beta.6","sigma2","delta"
"1",0.162755661020094,0.138208131798871,0.0702286523215592,0.0746277112257673,1e-10,0.000267272645495877,1.34282292000086,0
