"","beta.1","beta.2","beta.3","beta.4","beta.5","beta.6","sigma2","delta"
"1",2.00689010514262,3.77036989183362,3.77036989183362,3.77036989183362,3.77036989183362,3.77036989183362,0,1.07070831368219e-07
