"","beta.1","beta.2","beta.3","beta.4","beta.5","beta.6","sigma2","delta"
"1",-2.7324463778011,2.53018866891482,1.0393149689704,-0.49339565160532,0.00512649950797683,-0.0211693475289855,0.0353472670959732,0
