"","beta.1","beta.2","beta.3","beta.4","beta.5","beta.6","sigma2","delta"
"1",1.73784423075802,3.79179392725047,3.79179392725047,3.79179392725047,3.79179392725047,3.79179392725047,0,6.40877098775508e-08
