"","beta.1","beta.2","beta.3","beta.4","beta.5","beta.6","sigma2","delta"
"1",0.161213399188998,0.137343042333936,0.0726223031344761,0.0740865787257994,2.87435487835555e-07,0.00024641464516452,1.33533402393601,0
