"","beta.1","beta.2","beta.3","beta.4","beta.5","beta.6","sigma2","delta"
"1",1.67656498345711,5.65022505049724,24.2189794127144,3.72093784860446,36,36,0,"1e-06"
