beta.1,beta.2,beta.3,beta.4,beta.5,beta.6,sigma2,delta
3.580593987976923853e-02,9.140745990426716802e-03,1.869513112689996301e-02,6.050376796848068103e-03,1.000230285020825175e-04,3.839091964198709686e-04,3.650723509279999917e+02,2.220446049250313081e-15
