"","beta.1","beta.2","beta.3","beta.4","beta.5","beta.6","sigma2","delta"
"1",1.64781888848977,6.03208572337826,27.0788216379745,3.52655122918461,36,36,0,"1e-06"
