"","beta.1","beta.2","beta.3","beta.4","beta.5","beta.6","sigma2","delta"
"1",1.62593038980593,5.79982007619129,25.4343361107863,3.67685817334293,36,36,0,"1e-06"
