"","beta.1","beta.2","beta.3","beta.4","beta.5","beta.6","sigma2","delta"
"1",0.291029656572124,0.0745265475421285,0.00440130835674621,0.171214566316617,2.09788436666969e-08,0.0239556502484783,475.965512934827,6.72733528473194e-08
