"","beta.1","beta.2","beta.3","beta.4","beta.5","beta.6","sigma2","delta"
"1",-2.74564186336979,2.5072253010385,1.03504334267303,-0.525293242302529,0.0021424884449316,-0.0288777841704879,0.035561192033695,0
