beta.1,beta.2,beta.3,beta.4,beta.5,beta.6,sigma2,delta
1.906274612468783491e+00,3.198000575321440220e+00,1.944592642389119774e+01,2.034208789966501119e+00,4.391726536869709889e+03,1.346000601974620636e+01,3.409860666486570608e+03,2.430150796987352705e-07
