beta.1,beta.2,beta.3,beta.4,beta.5,beta.6,sigma2,delta,mu
0.018581,0.011049,0.0032848,0.011049,0.0001,0.0013811,564.13,0,22.143
