"","beta.1","beta.2","beta.3","beta.4","beta.5","beta.6","sigma2","delta"
"1",1.52936371917725,5.01843639312655,23.1263294782147,3.79121832747609,36,36,0,"1e-06"
