"","beta.1","beta.2","beta.3","beta.4","beta.5","beta.6","sigma2","delta"
"1",0.148222616936171,0.12741543985936,0.0685671071915928,0.0730943859940117,2.08194023440035e-07,0.000256916523304446,1.45022175540935,0
