"","beta.1","beta.2","beta.3","beta.4","beta.5","beta.6","sigma2","delta"
"1",0.43603645422537,0.143824164161352,0.0077842545531933,0.28367970998052,1.97253764749351e-07,0.102378139428364,118.217037590742,0
