"","beta.1","beta.2","beta.3","beta.4","beta.5","beta.6","sigma2","delta"
"1",0.47187257252979,0.106508965890178,0.00835620818907986,0.274627084355535,1.88053990640221e-06,0.125592784957716,122.543097198184,0
