"","beta.1","beta.2","beta.3","beta.4","beta.5","beta.6","sigma2","delta"
"1",0.140486820297644,0.135870945644936,0.067302119133785,0.0750213331537413,1.81436203310582e-07,0.000323326658992964,1.43995058891551,0
