"","beta.1","beta.2","beta.3","beta.4","beta.5","beta.6","beta.7","beta.8","beta.9","beta.10","beta.11","beta.12","beta.13","beta.14","beta.15","beta.16","beta.17","beta.18","beta.19","beta.20","beta.21","beta.22","beta.23","beta.24","beta.25","beta.26","beta.27","sigma2","delta"
"1",-4.18914772057391,1.92754684939769,3.79123139761726,-0.882900995892898,-0.825169754541042,1.49069334595536,0.0196156784525714,-0.00856554200125997,-0.0324003364850046,-0.485419652376588,-0.0298800393338541,0.005700325562623,-0.771002343403361,0.355870633726712,-0.0183892296006959,-0.0132688849721445,-0.0036886082282375,-0.0230869968156551,0.0179518172840733,0.0243675824192953,-0.0323388941092492,-0.0379024764847689,-0.0157513417624325,-0.00896919066234975,-0.0084031756749099,-0.00649166353212107,0.0609627489450988,0.00115200836533565,0
