"","beta.1","beta.2","beta.3","beta.4","beta.5","beta.6","beta.7","beta.8","sigma2","delta"
"1",12.8796527761169,4.87897885782011e-13,3.71375325126447e-06,0.0933583162271156,0.0208693673671105,0.0115072872409082,0.13508854802672,0.00545665340594368,16999.1345424266,2.69924065536235e-08
