"","beta.1","beta.2","beta.3","beta.4","beta.5","beta.6","beta.7","beta.8","sigma2","delta"
"1",21.0377163698603,6.61497853749217e-09,8.26820546293625e-08,0.00884234753610341,7.34366335720122e-05,0.012519565385613,0.0562694231065423,0.0122847138056327,58597.7781379922,0
