beta.1,beta.2,beta.3,beta.4,beta.5,beta.6,beta.7,beta.8,sigma2,delta,mu
0.12074,0.01375,0.0014996,0.00017833,0.0001,0.0001,0.00011637,0.00010033,8.8904e+06,0,22.06
