"","beta.1","beta.2","beta.3","beta.4","beta.5","beta.6","beta.7","beta.8","sigma2","delta"
"1",9.71120986037621,0.00514236319274982,5.74910065280876e-08,0.101008418858775,1.0145656714292e-06,0.0679139172424364,0.178038581928004,0.00282364767869889,20746.6011567651,0.000436391031812308
