"","beta.1","beta.2","beta.3","beta.4","beta.5","beta.6","beta.7","beta.8","sigma2","delta"
"1",20.0434383172111,5.76623418476577e-05,1e-10,0.0101684220881488,1.33026149981405e-07,0.00311675351456466,0.0158463576400072,0.00438310271384159,166013.870059369,1.47710986878743e-07
