"","beta.1","beta.2","beta.3","beta.4","beta.5","beta.6","beta.7","beta.8","sigma2","delta"
"1",0.0624551042292679,64,64,7.0078388568488,64,33.9400031110261,17.0184025761197,54.9125519683645,0,"1e-06"
