"","beta.1","beta.2","beta.3","beta.4","beta.5","beta.6","beta.7","beta.8","sigma2","delta"
"1",14.864694141887,6.6742482415336e-05,6.09172793186935e-05,0.0716019664760597,1.91379579154363e-06,0.0116417020943719,0.0363365117527944,0.00538737896540204,61227.4898523815,1.06038371496156e-05
