"","beta.1","beta.2","beta.3","beta.4","beta.5","beta.6","beta.7","beta.8","sigma2","delta"
"1",0.246974050555954,4.63428870282154,4.63428870282154,4.63428870282154,4.63428870282154,4.63428870282154,4.63428870282154,4.63428870282154,0,7.33345316739944e-05
