"","beta.1","beta.2","beta.3","beta.4","beta.5","beta.6","beta.7","beta.8","beta.9","beta.10","beta.11","beta.12","beta.13","beta.14","beta.15","beta.16","beta.17","beta.18","beta.19","beta.20","beta.21","beta.22","beta.23","beta.24","beta.25","beta.26","beta.27","beta.28","beta.29","beta.30","beta.31","beta.32","beta.33","beta.34","beta.35","beta.36","beta.37","beta.38","beta.39","beta.40","beta.41","beta.42","beta.43","beta.44","sigma2","delta"
"1",55.314691282661,34.4318603859732,7.78974886843338,-2.88993858084901,-5.0096874512192,5.50576422884432,7.93135392850855,-5.22475292625343,-5.01664931057616,11.6202125671992,25.7460467019535,3.97485581360769,3.67762739096133,3.52029522045649,1.13359902782226,-9.09456651363207,-5.63374949214377,-1.8871838846982,1.43166661117695,4.66821932241604,-25.9262818388835,-30.4861652565914,2.37803933750053,-2.18860213623413,0.760032633720894,-1.14021022456004,7.5366447658365,-11.6385897575764,-42.9778601919809,0.967480960535407,-0.643841013371115,-16.0546459832043,5.21575748543254,13.11370164932,4.42109628650166,10.3244518452892,27.6981074564831,0.951193999473001,-2.38187811810156,10.4474918491996,-3.07336271149315,-7.19736871182522,-2.7903321043854,-8.589106735531,20.5149355727872,0
