"","beta.1","beta.2","beta.3","beta.4","beta.5","beta.6","beta.7","beta.8","sigma2","delta"
"1",20.6714185189599,6.00093254496413e-05,1.14431267378731e-10,0.0112824501754238,1.23903236355208e-07,0.00379870178337335,0.0596063805499911,0.00483571587191177,139424.033677317,7.77118836421656e-18
