"","beta.1","beta.2","beta.3","beta.4","beta.5","beta.6","beta.7","beta.8","sigma2","delta"
"1",21.412277834935,1.82724852063901e-05,2.47835210843283e-11,0.0125993500520388,3.38243766240069e-05,0.00352006301116764,0.0462653410914164,0.00517128791672638,135655.224226308,0
