"","beta.1","beta.2","beta.3","beta.4","beta.5","beta.6","beta.7","beta.8","sigma2","delta"
"1",19.2241410194284,0.00129639808350247,1.45356137231858e-06,0.183781711969135,5.49220903495866e-07,0.00828257115795933,0.0631479285428268,0.012500563847317,18802.5423681237,0
