"","beta.1","beta.2","beta.3","beta.4","beta.5","beta.6","beta.7","beta.8","sigma2","delta"
"1",0.0598209253657015,64,64,17.7371658354685,64,32.5190949580709,14.6960123453063,64,0,"1e-06"
