"","beta.1","beta.2","beta.3","beta.4","beta.5","beta.6","beta.7","beta.8","sigma2","delta"
"1",0.0814838932040437,64,64,27.2070777244223,64,19.9890159652179,12.0923780198871,63.4608501559245,0,"1e-06"
