"","beta.1","beta.2","beta.3","beta.4","beta.5","beta.6","beta.7","beta.8","sigma2","delta"
"1",0.119148821385933,64,64,23.4068140054023,64,54.1631998577824,5.17274677894104,64,0,"1e-06"
