"","beta.1","beta.2","beta.3","beta.4","beta.5","beta.6","beta.7","beta.8","sigma2","delta"
"1",11.3036494427495,9.42493871497679e-08,8.45435898134099e-05,0.00294065097912591,2.30560655358577e-07,0.0131225072130819,0.0402414404834573,0.0243502276844138,83581.8654122678,1.84503691368204e-07
