"","beta.1","beta.2","beta.3","beta.4","beta.5","beta.6","beta.7","beta.8","beta.9","beta.10","beta.11","beta.12","beta.13","beta.14","beta.15","beta.16","beta.17","beta.18","beta.19","beta.20","beta.21","beta.22","beta.23","beta.24","beta.25","beta.26","beta.27","beta.28","beta.29","beta.30","beta.31","beta.32","beta.33","beta.34","beta.35","beta.36","beta.37","beta.38","beta.39","beta.40","beta.41","beta.42","beta.43","beta.44","sigma2","delta"
"1",35.0132830843947,32.6622983350193,-6.13223351813729,3.10366529468566,2.59265872305643,1.95142025767106,0.707627112408392,0.154552555165498,-2.27188150253761,21.0762788770478,39.8711862049249,2.65567995055571,-5.8259749622634,-6.33136747951079,-3.62996993861704,5.5074872492772,0.263370382623257,0.608401631786465,-5.1226131386759,2.42821111385198,-14.8432288502022,-22.8844501651192,0.597357870633218,5.31064585511585,5.56781481445653,-5.66815995341482,-8.22719874671028,-30.1017409672506,-17.0960448758468,2.14243395310836,-2.73009092250899,-8.4775149593862,-1.20753447989565,11.8186071938328,12.2448828843738,14.5035047680488,9.94227973886358,0.719041475145538,3.55198264340824,4.18896621593462,4.00808731092625,-6.33096849477489,-4.0158543398234,-5.62521864008861,17.1104917991974,0
