"","beta.1","beta.2","beta.3","beta.4","beta.5","beta.6","beta.7","beta.8","sigma2","delta"
"1",13.9379201278472,1.46071246518179e-05,3.24859841563154e-07,0.0696247687950539,2.15768478423144e-07,0.124145779662241,0.148138646655426,0.00618288793360253,20396.2487933076,0
