beta.1,beta.2,beta.3,beta.4,beta.5,beta.6,beta.7,beta.8,sigma2,delta
2.064572188652188112e-01,2.053148777072917255e+03,1.902279257084886240e+03,5.294284458906323820e+00,2.211390323217331115e+03,6.250264903741949318e+00,8.174967979013245678e-01,3.120077769973504722e+00,1.690685719663069540e+04,1.231952283024357041e-15
