"","beta.1","beta.2","beta.3","beta.4","beta.5","beta.6","beta.7","beta.8","sigma2","delta"
"1",2.88759692535476,0.000294598702973482,2.80767864952701e-06,0.0635205462117317,1e-10,0.0305791884883982,0.0300021326130207,0.00640882648957009,11094.1568550925,0
