beta.1,beta.2,beta.3,beta.4,beta.5,beta.6,beta.7,beta.8,sigma2,delta
1.798721401410906806e-01,1.243954579065066497e+02,4.035604621348583805e+03,7.601454944128897218e+00,2.650302560820588951e+03,4.934261793927088746e+00,3.301730418303015391e+00,3.509901210897914847e+00,4.940804865549221722e+04,1.231952283024357041e-15
