"","beta.1","beta.2","beta.3","beta.4","beta.5","beta.6","beta.7","beta.8","sigma2","delta"
"1",12.7376405021355,4.53190977735169e-05,5.77787550663579e-08,0.0363867361226286,1.11221715394879e-07,0.00475781677642792,0.00836621484434522,0.00203433123377378,245093.4139535,1.77880039787532e-07
