"","beta.1","beta.2","beta.3","beta.4","beta.5","beta.6","beta.7","beta.8","beta.9","beta.10","beta.11","beta.12","beta.13","beta.14","beta.15","beta.16","beta.17","beta.18","beta.19","beta.20","beta.21","beta.22","beta.23","beta.24","beta.25","beta.26","beta.27","beta.28","beta.29","beta.30","beta.31","beta.32","beta.33","beta.34","beta.35","beta.36","beta.37","beta.38","beta.39","beta.40","beta.41","beta.42","beta.43","beta.44","sigma2","delta"
"1",65.4732674305315,31.2022343595671,0.269216084225798,-7.21441840263862,-0.29100562040913,6.15572194239129,-7.44466430277383,-2.83632703467131,-4.09413178512126,14.2091872985684,32.3734759268902,0.958197839043827,2.64845761425993,6.48517454967358,9.41800512123689,8.14438881117873,-3.11617562724867,-7.76685873191977,3.70625030665071,-2.44869816314357,-3.96322994256048,-34.6245279125317,1.6223749407538,7.11804237825671,-4.81318691789302,-6.04986649989832,-5.17693483009041,-11.3125828769881,-39.7817005387537,5.05092168846331,4.19574690070624,-17.5110091472741,-7.3329087788939,8.00651868596672,6.67697165621245,14.8578874350293,9.8268767465757,2.76055766499373,-2.68326825243754,6.27002858742205,2.0429529057172,-10.4844819087187,-1.94913490604915,-5.06534551422299,20.1044329804323,0
