"","beta.1","beta.2","beta.3","beta.4","beta.5","beta.6","beta.7","beta.8","sigma2","delta"
"1",1.40046464093009,1e-10,7.80730383524261e-06,0.0118197978434953,1.39514264120543e-06,0.0102607426954753,0.0139521392772673,0.00605478389446705,40939.9044102278,0
