beta.1,beta.2,beta.3,beta.4,beta.5,beta.6,beta.7,beta.8,sigma2,delta
3.627927451180812390e-01,1.423050500887405520e-02,1.014957030551902676e-04,3.038547400604138526e-02,2.210458785885158596e-04,1.029900603184883134e-01,2.476778159565208928e-03,1.881491860007621433e-03,4.699969735282532383e+03,2.220446049250313081e-15
