beta.1,beta.2,beta.3,beta.4,beta.5,beta.6,beta.7,beta.8,sigma2,delta
1.873531233149667574e-01,1.371851275051194294e-02,5.620252912862994023e-04,1.227629136755316840e-02,1.816072587763035246e-04,6.444393207865038199e-03,3.546538571361221911e-03,2.949351691468516789e-03,2.910949969968394726e+04,2.220446049250313081e-15
