"","beta.1","beta.2","beta.3","beta.4","beta.5","beta.6","beta.7","beta.8","sigma2","delta"
"1",14.4176794167253,3.04092799156792e-10,1e-10,0.011631693827968,6.74910958450687e-05,0.0156247399484498,0.0518517670647178,0.0179795999737252,60635.3542026217,1.6660160479676e-07
