"","beta.1","beta.2","beta.3","beta.4","beta.5","beta.6","beta.7","beta.8","sigma2","delta"
"1",0.275787589625124,4.17249177450251,4.17249177450251,4.17249177450251,4.17249177450251,4.17249177450251,4.17249177450251,4.17249177450251,0,0.000120422186841571
