"","beta.1","beta.2","beta.3","beta.4","beta.5","beta.6","beta.7","beta.8","sigma2","delta"
"1",79.1691397558609,-0.636325827010173,-1.50202083781408,31.4857348990615,1.18642994342521,-29.3755123166218,-30.5234204797747,16.0945509341358,67.7282879836369,0
