beta.1,beta.2,beta.3,beta.4,beta.5,beta.6,beta.7,beta.8,sigma2,delta
5.289721562755985707e-01,3.615711328967758167e-03,1.000000000000000048e-04,7.541216450819152733e-03,6.130359416615873032e-03,3.318150603122179982e-03,9.472453892311907125e-03,1.455411953430207732e-02,5.735621358710482127e+03,2.220446049250313081e-15
