beta.1,beta.2,beta.3,beta.4,beta.5,beta.6,beta.7,beta.8,sigma2,delta
1.310270961755162222e-01,4.742842538478925235e+03,5.124736498081486388e+03,6.431226488559020460e+00,3.555899098849159145e+03,4.143302329814756213e+00,3.033579926567886442e+00,1.082876567637982035e+01,5.459185657429000275e+04,1.231952283024357041e-15
