beta.1,beta.2,beta.3,beta.4,beta.5,beta.6,beta.7,beta.8,sigma2,delta
8.011403277051893923e-01,1.000000000000000048e-04,1.000000000000000048e-04,1.948079340373046545e-02,1.000000000000000048e-04,1.461189829325416738e-02,2.585886000655039998e-02,1.964775303730168388e-03,3.665663799497923264e+03,2.220446049250313081e-15
