"","beta.1","beta.2","beta.3","beta.4","beta.5","beta.6","beta.7","beta.8","sigma2","delta"
"1",2.41922038390336,1.86928289396009e-05,1e-10,0.035965343868406,4.95919770143464e-05,0.0308109787200727,0.0201850588650463,0.0122761698346952,10744.7704145151,0
