"","beta.1","beta.2","beta.3","beta.4","beta.5","beta.6","beta.7","beta.8","sigma2","delta"
"1",12.5372749244478,1.1811924680344e-06,1.30225149812098e-05,0.00609175754791103,2.35410766770669e-07,0.012033935310792,0.0313683866477446,0.0276282578840755,114307.711543605,0.00133347498092907
