"","beta.1","beta.2","beta.3","beta.4","beta.5","beta.6","beta.7","beta.8","sigma2","delta"
"1",0.324036225801683,4.9102953738127,4.9102953738127,4.9102953738127,4.9102953738127,4.9102953738127,4.46914199669017,4.9102953738127,0,1.84697637285567e-05
