"","beta.1","beta.2","beta.3","beta.4","beta.5","beta.6","beta.7","beta.8","sigma2","delta"
"1",78.0919852116334,-0.976533387180884,-3.68662642355135,34.5203566079921,2.48817138663715,-30.7760811907831,-30.9185223695698,12.5265867959621,61.7191864666584,0
