beta.1,beta.2,beta.3,beta.4,beta.5,beta.6,beta.7,beta.8,sigma2,delta
1.490394141434604192e-01,7.827025999929072952e+01,4.213384438427226996e+03,5.577001372062244222e+00,1.649504102527568193e+03,9.208276670900547245e+00,2.780079951704819585e+00,8.868549978432449521e+00,7.683293235428693879e+04,1.013320766682504523e-08
