beta.1,beta.2,beta.3,beta.4,beta.5,beta.6,beta.7,beta.8,sigma2,delta
1.845537542021724597e-01,1.565583675318741143e+03,4.910310007426328411e+03,5.162536731364046894e+00,1.562524079274179712e+03,6.955513498937693662e+00,2.659614879469518911e+00,2.268176919442419948e+00,5.240112018289848493e+04,1.001183209179111585e-08
