beta.1,beta.2,beta.3,beta.4,beta.5,beta.6,beta.7,beta.8,sigma2,delta
3.506887830620951108e-01,3.402031114177207207e-04,6.993826330004323209e-03,5.070819187632955721e-02,2.305647808088504697e-02,3.234848205013979121e-03,4.648626026360554685e-03,2.582910602481918848e-03,7.022262441505043171e+03,2.220446049250313081e-15
