"","beta.1","beta.2","beta.3","beta.4","beta.5","beta.6","beta.7","beta.8","sigma2","delta"
"1",0.261114659376361,4.41471940127923,4.41471940127923,3.18083919713577,4.41471940127923,4.41471940127923,4.41471940127923,4.41471940127923,0,0.000675244852033077
