"","beta.1","beta.2","beta.3","beta.4","beta.5","beta.6","beta.7","beta.8","sigma2","delta"
"1",17.0186914515455,1.6929160812854e-05,1.67754967080526e-12,0.0363463181194995,5.90221713423181e-06,0.106804441050581,0.15872257451984,0.0109978430974608,14546.7306673528,0
