"","beta.1","beta.2","beta.3","beta.4","beta.5","beta.6","beta.7","beta.8","sigma2","delta"
"1",2.5173127833425,8.96516524800603e-06,1e-10,0.0528276006436241,0.000536861209736565,0.0261188673330024,0.0355173122138652,0.0148693767743562,8101.16049940647,0
