"","beta.1","beta.2","beta.3","beta.4","beta.5","beta.6","beta.7","beta.8","beta.9","beta.10","beta.11","beta.12","beta.13","beta.14","beta.15","beta.16","beta.17","beta.18","beta.19","beta.20","beta.21","beta.22","beta.23","beta.24","beta.25","beta.26","beta.27","beta.28","beta.29","beta.30","beta.31","beta.32","beta.33","beta.34","beta.35","beta.36","beta.37","beta.38","beta.39","beta.40","beta.41","beta.42","beta.43","beta.44","sigma2","delta"
"1",53.1137839498351,30.0504597753238,12.6969690248025,-4.23531727916443,-5.4882913921112,-2.16126072739856,-1.21910867643354,0.482911437852439,2.25543702644567,17.0229724147797,35.9961473591123,-4.75952225446629,-1.20970323888913,-3.35173760019347,-10.2762747960363,7.96626867631202,-3.80564960423327,-2.86929119368992,5.80784266477629,-3.85756447990745,-25.3963436021641,-27.1017035975074,-0.711922741201002,-4.52554085812551,4.4455667996037,5.72934647143482,8.41472436177434,-11.4268774839085,-37.6950592236666,0.768463196618351,7.64172298156595,-16.955010310312,0.348428668264754,0.995915945318625,12.51030686243,3.96122312926797,15.4005395039971,-4.66211792251377,-0.276467326166478,10.6702886881587,14.3790691057008,-6.24795542485002,-15.9187616757918,4.18050034461357,19.6964016055601,0
