"","beta.1","beta.2","beta.3","beta.4","beta.5","beta.6","beta.7","beta.8","sigma2","delta"
"1",11.398199695578,0.00104844617477197,1e-10,0.0839853543552177,7.94224601177547e-07,0.168358234039112,0.101240663035467,0.00376876214813958,18540.4977190961,1.00890781426758e-07
