"","beta.1","beta.2","beta.3","beta.4","beta.5","beta.6","beta.7","beta.8","beta.9","beta.10","beta.11","beta.12","beta.13","beta.14","beta.15","beta.16","beta.17","beta.18","beta.19","beta.20","beta.21","beta.22","beta.23","beta.24","beta.25","beta.26","beta.27","beta.28","beta.29","beta.30","beta.31","beta.32","beta.33","beta.34","beta.35","beta.36","beta.37","beta.38","beta.39","beta.40","beta.41","beta.42","beta.43","beta.44","sigma2","delta"
"1",62.3434513012738,29.7770962515342,7.53690660191298,-8.59582361542852,-4.09316952845355,-2.85014310372212,-0.922414528119725,2.03264878908024,-6.16624718069817,16.4593455601489,32.3429657586463,4.26920470278487,7.83302101736833,-7.07027889493495,9.1238764634496,-1.7043481282937,-4.52319529166103,0.234250502577507,1.17285728028959,0.46048163169752,-21.8529184656282,-24.2429854154954,0.373165706470202,-0.176062585123993,7.98827834005846,-4.376221509953,1.29453047546887,-19.9915886461111,-32.6732029248473,1.24420578652367,4.56695580294855,-10.7561567901769,-5.02454276665846,11.035540778216,6.28000581695538,13.8000341123761,6.0690467489429,-3.49478898203017,3.84130716071925,-1.40580005146513,-2.05124876178081,-6.68650964705481,-3.34868270858723,3.11679974745776,17.696677671209,0
