"","beta.1","beta.2","beta.3","beta.4","beta.5","beta.6","beta.7","beta.8","sigma2","delta"
"1",76.5763096077658,-0.893297797433588,-1.00384354917538,31.0225544881379,2.87426500036662,-27.5834980312869,-30.3433729694377,10.940493808962,49.7699405310395,0
