"","beta.1","beta.2","beta.3","beta.4","beta.5","beta.6","beta.7","beta.8","sigma2","delta"
"1",0.228758234494056,4.73604336160875,4.73604336160875,4.73604336160875,4.73604336160875,4.73604336160875,4.73604336160875,4.73604336160875,0,0.000641894603661086
