"","beta.1","beta.2","beta.3","beta.4","beta.5","beta.6","beta.7","beta.8","sigma2","delta"
"1",0.0952401784704545,64,64,30.4904907979263,64,44.8610770959392,6.66922027799887,64,0,"1e-06"
