"","beta.1","beta.2","beta.3","beta.4","beta.5","beta.6","beta.7","beta.8","sigma2","delta"
"1",77.4124304483564,-0.0153109895329003,1.45846313532464,31.2160990941619,-0.537801065603557,-29.4755929647039,-27.2340069356019,14.2237067698603,44.0357537726171,0
