"","beta.1","beta.2","beta.3","beta.4","beta.5","beta.6","beta.7","beta.8","sigma2","delta"
"1",78.6425084172683,-0.694205876142486,-0.00807014050754619,28.008422362535,-1.29293813550051,-32.7260902340163,-28.2488543423324,12.9569678422712,60.4193804668853,0
