beta.1,beta.2,beta.3,beta.4,beta.5,beta.6,beta.7,beta.8,sigma2,delta,mu
0.32988,0.011049,0.0019531,0.0096183,0.0029604,0.0010467,0.0044871,0.00013083,45204,0,0.034522
