"","beta.1","beta.2","beta.3","beta.4","beta.5","beta.6","beta.7","beta.8","sigma2","delta"
"1",2.83424762293665,9.75320821491478e-07,1.76977556443309e-05,0.0282150635895734,1.02824430524887e-06,0.0373065991950108,0.0593260693895099,0.0154601192070499,5967.19762844674,0
