beta.1,beta.2,beta.3,beta.4,beta.5,beta.6,beta.7,beta.8,sigma2,delta
2.385908626530022048e+01,1.484283274239431405e+00,3.961274772742918060e+00,8.718914017530106975e+00,1.577093738223460306e+01,1.578804557667073816e+01,3.722193938572962679e+01,8.085508059093510269e+01,1.511644042088625487e+06,7.814218676883567371e-04
