"","beta.1","beta.2","beta.3","beta.4","beta.5","beta.6","beta.7","beta.8","sigma2","delta"
"1",0.0516674876830271,0.603974203479882,0.216189667808639,0.0147765570770926,0.0138122221060534,0.00905247716913082,0.0036144143040779,0.000568202484498359,1212.14494338748,0
