"","beta.1","beta.2","beta.3","beta.4","beta.5","beta.6","beta.7","beta.8","sigma2","delta"
"1",0.00780527429237862,0.682479132739736,0.150575735935363,0.00815552404417471,0.00967202123048984,0.00336145139658545,0.00199003797363545,0.000593143326961825,21427.6979725125,3.60750577679208e-07
