"","beta.1","beta.2","beta.3","beta.4","beta.5","beta.6","beta.7","beta.8","sigma2","delta"
"1",0.00235424293490119,0.40689885456612,0.071996120781284,0.00884017515388136,0.0171622753693842,0.00463102474149366,0.00120586542598201,0.000566600601600698,219651.594547928,0
