"","beta.1","beta.2","beta.3","beta.4","beta.5","beta.6","beta.7","beta.8","sigma2","delta"
"1",-1.42597190096866,-8.52520177238265,13.106272554796,10.5924696586925,8.70902717281926,6.8667557350579,3.39417211286019,4.37101851131248,47.8744936215255,0
