"","beta.1","beta.2","beta.3","beta.4","beta.5","beta.6","beta.7","beta.8","sigma2","delta"
"1",0.00647346354551826,0.624202909499704,0.121601714352786,0.00645751923343524,0.00377273112887063,0.00234850402498033,0.00118302776322618,0.000163222564248415,34441.8175344171,3.65961322853564e-07
