"","beta.1","beta.2","beta.3","beta.4","beta.5","beta.6","beta.7","beta.8","sigma2","delta"
"1",0.00100767345468109,0.280950468647476,0.0386272640590042,0.00275697791957165,0.00534766000484868,0.00120369494949705,0.000856745120051042,7.80019452461073e-05,751672.93403022,0.00184358490683134
