"","beta.1","beta.2","beta.3","beta.4","beta.5","beta.6","beta.7","beta.8","sigma2","delta"
"1",0.00791193961905459,0.727248502251411,0.158658118374998,0.00714101791839831,0.00619210096461761,0.00360705652687584,0.00166493925014361,0.000417635688171327,18879.683491606,3.58182157338572e-07
