"","beta.1","beta.2","beta.3","beta.4","beta.5","beta.6","beta.7","beta.8","sigma2","delta"
"1",0.000959301932304847,0.429965727210305,0.0478049197045668,0.00213383083231358,0.00246030254008051,0.000433706681531407,0.000236133467201599,0.00772160854217321,347140.825616601,0.00446687763953444
