"","beta.1","beta.2","beta.3","beta.4","beta.5","beta.6","beta.7","beta.8","sigma2","delta"
"1",0.000903230218625532,0.220881018867609,0.0251501330855571,0.0183003305652989,0.000708535979834515,0.00783569321506735,0.000681217383085768,0.000245451179599825,1691390.70193382,0
