"","beta.1","beta.2","beta.3","beta.4","beta.5","beta.6","beta.7","beta.8","sigma2","delta"
"1",0.0644391275062596,0.689585536753657,0.290333587795299,0.0265834240123323,0.0145875688253375,0.0138813799188272,0.00412799112476262,0.000764680793863109,911.777927581035,0
