"","beta.1","beta.2","beta.3","beta.4","beta.5","beta.6","beta.7","beta.8","sigma2","delta"
"1",4.87036207764117,0.46153582667226,1.40409154062736,4.87036207764117,4.87036207764117,4.87036207764117,4.87036207764117,4.87036207764117,0,3.95736531459568e-05
