beta.1,beta.2,beta.3,beta.4,beta.5,beta.6,beta.7,beta.8,sigma2,delta
1.450845255155538494e-03,8.821788482751727334e-02,1.903447994460037013e-02,9.362490849569170444e-04,1.115854121513326462e-02,1.266435870936636829e-03,2.179389055536416070e-03,1.000000000000000048e-04,5.957058125356302298e+03,2.220446049250313081e-15
