"","beta.1","beta.2","beta.3","beta.4","beta.5","beta.6","beta.7","beta.8","sigma2","delta"
"1",54.7966148599352,1.02141872204215,4.10374255433336,64,64,64,64,64,0,"1e-06"
