"","beta.1","beta.2","beta.3","beta.4","beta.5","beta.6","beta.7","beta.8","sigma2","delta"
"1",45.232467720051,1.00711985396601,4.58099831772854,64,64,64,64,64,0,"1e-06"
