"","beta.1","beta.2","beta.3","beta.4","beta.5","beta.6","beta.7","beta.8","sigma2","delta"
"1",-2.56371628728373,-8.48192290573465,14.7057939297236,9.0716716117479,9.1555222189708,7.10981053035004,4.43053897503258,2.5643478676628,53.6055633031885,0
