"","beta.1","beta.2","beta.3","beta.4","beta.5","beta.6","beta.7","beta.8","sigma2","delta"
"1",0.0608438632112467,0.593312280144375,0.234067855830731,0.0152070397490761,0.0142047545301733,0.00919085543176128,0.00396703628656195,0.000599945402171669,1130.29992598508,0
