beta.1,beta.2,beta.3,beta.4,beta.5,beta.6,beta.7,beta.8,sigma2,delta
2.579344643456448621e-02,7.732638979698121251e-02,1.239257964577414675e-02,2.925557199783973723e-03,2.804129374592335164e-04,1.567316265248009516e-02,1.000000000000000048e-04,1.295104127572454600e-03,6.415648909413253023e+03,2.220446049250313081e-15
