beta.1,beta.2,beta.3,beta.4,beta.5,beta.6,beta.7,beta.8,sigma2,delta,mu
0.17678,0.14865,0.035897,0.0030648,0.0020933,0.00088013,0.0012886,0.00015559,1184.5,0,3.8332
