beta.1,beta.2,beta.3,beta.4,beta.5,beta.6,beta.7,beta.8,sigma2,delta
1.964129825635570015e+01,1.379510382139065072e+00,3.652608606005685488e+00,1.117521603042403733e+01,1.063136910670587554e+01,2.247027037662591908e+01,3.798920423259809809e+01,7.548983353869675739e+01,9.103774541916323360e+05,1.621814096102834092e-03
