beta.1,beta.2,beta.3,beta.4,beta.5,beta.6,beta.7,beta.8,sigma2,delta,mu
0.16352,0.095764,0.031659,0.0025384,0.0016711,0.0011242,0.00016177,0.0001,2524,0,5.3301
