"","beta.1","beta.2","beta.3","beta.4","beta.5","beta.6","beta.7","beta.8","sigma2","delta"
"1",-1.75789535715502,-9.30296899465015,14.4173185250562,10.6346605593943,6.45626743550239,5.29507510836823,5.05412219616377,3.05107102123929,49.5197470420564,0
