beta.1,beta.2,beta.3,beta.4,beta.5,beta.6,beta.7,beta.8,sigma2,delta
8.347008569554346946e-02,3.227341494965321744e-01,3.086042858069468764e-01,1.119138881416968309e-02,8.709581062723865258e-03,3.608885031038490399e-02,6.941490511935520698e-03,2.486863528272393025e-03,9.463925727578963176e+01,2.220446049250313081e-15
