"","beta.1","beta.2","beta.3","beta.4","beta.5","beta.6","beta.7","beta.8","beta.9","beta.10","beta.11","beta.12","beta.13","beta.14","beta.15","beta.16","beta.17","beta.18","beta.19","beta.20","beta.21","beta.22","beta.23","beta.24","beta.25","beta.26","beta.27","beta.28","beta.29","beta.30","beta.31","beta.32","beta.33","beta.34","beta.35","beta.36","beta.37","beta.38","beta.39","beta.40","beta.41","beta.42","beta.43","beta.44","sigma2","delta"
"1",-2.68021707923183,2.66373228408935,-39.4182683012178,0.447901158818955,34.1646906992898,-57.3294100502249,-0.28399723516795,-5.27781774007425,77.1147816183205,14.1117259521735,1.85274993287004,1.06981571784738,-4.42040770066212,-0.283755558538116,12.2485503738853,-0.351803829710624,0.51040746533448,-0.184680345899782,-2.52620104071675,-3.39998468768519,5.64646113872588,0.0298355856520325,0.844809841429948,-3.00604111253176,-0.798778888823898,-2.30816482478467,3.56087127708073,5.90137159871649,-2.28726252766858,-1.48916156283016,1.10008744599195,-4.56057775887774,1.83984767027434,-2.19596866716014,2.12014231391914,2.70102050396138,-0.925389113761744,-1.25277746582601,0.506126986579947,0.977677160252352,1.52342589296178,0.691443067141532,-0.588168458378996,-0.85906616169626,2.49535416831933,0
