"","beta.1","beta.2","beta.3","beta.4","beta.5","beta.6","beta.7","beta.8","sigma2","delta"
"1",58.9629859103978,1.01632742132679,4.18218356296558,64,64,64,64,64,0,"1e-06"
