"","beta.1","beta.2","beta.3","beta.4","beta.5","beta.6","beta.7","beta.8","sigma2","delta"
"1",0.00784217880159164,0.470608437810578,0.111017713326598,0.0110302978793347,0.00781527869108437,0.00676234640291343,0.00941420121321854,0.000189354657408273,80980.1777938561,0
