"","beta.1","beta.2","beta.3","beta.4","beta.5","beta.6","beta.7","beta.8","sigma2","delta"
"1",0.00106581100609302,0.209994510627313,0.0341617139050872,0.00535272072708394,0.00104481229680797,0.000208684060398277,0.000143005226892345,9.43435442959309e-05,1784926.6271772,0.00178275006621208
