"","beta.1","beta.2","beta.3","beta.4","beta.5","beta.6","beta.7","beta.8","sigma2","delta"
"1",4.46109188524656,1.70895890093599,1.43553247647621,4.81736204390362,4.81736204390362,4.81736204390362,4.81736204390362,4.81736204390362,0,0.0021109538248074
