"","beta.1","beta.2","beta.3","beta.4","beta.5","beta.6","beta.7","beta.8","sigma2","delta"
"1",0.0101974803745045,0.692267175287742,0.134467572342643,0.00644717433133278,0.00612086549027597,0.00313407069830402,0.0011878882587821,0.00024040259458017,23088.2606716406,3.60953141400023e-07
