"","beta.1","beta.2","beta.3","beta.4","beta.5","beta.6","beta.7","beta.8","sigma2","delta"
"1",0.0532499949948309,0.655391150029783,0.259919101546693,0.015079419959872,0.0134412023361529,0.0105188395272291,0.00541094049387004,0.000727849586644368,1026.99697294449,0
