"","beta.1","beta.2","beta.3","beta.4","beta.5","beta.6","beta.7","beta.8","sigma2","delta"
"1",0.00286048728322694,0.355844389999343,0.0822915899680872,0.0126996172860051,0.00524510594937037,0.00691760037525873,0.000592277661946278,0.000906842104146103,198638.368989493,6.37258698127152e-14
