"","beta.1","beta.2","beta.3","beta.4","beta.5","beta.6","beta.7","beta.8","sigma2","delta"
"1",-1.34028323014154,-7.11078246651442,14.0974555639037,10.2133829152259,8.15230136456947,6.24296524701323,2.98651267476634,0.765003532546314,42.510231993353,0
