beta.1,beta.2,beta.3,beta.4,beta.5,beta.6,beta.7,beta.8,sigma2,delta
2.496849681522262543e+01,1.554526156133426262e+00,4.048393989816328364e+00,1.137720092467140987e+01,2.347552982381325748e+01,4.252365493833090682e+01,6.249897144539364291e+01,1.172344482887956474e+02,2.583900678919276223e+06,1.711383699880792775e-03
