"","beta.1","beta.2","beta.3","beta.4","beta.5","beta.6","beta.7","beta.8","sigma2","delta"
"1",0.0118902341253922,0.472269211592619,0.129695371599148,0.0414947962735256,0.0061778895898964,0.00611602141889291,0.00171708097649952,0.0032154889728821,39443.4239718732,0
