"","beta.1","beta.2","beta.3","beta.4","beta.5","beta.6","beta.7","beta.8","sigma2","delta"
"1",5.06958988770048,0.449745550885485,1.39673594442448,5.06958988770048,5.06958988770048,5.06958988770048,5.06958988770048,5.06958988770048,0,5.28204119680644e-05
