beta.1,beta.2,beta.3,beta.4,beta.5,beta.6,beta.7,beta.8,sigma2,delta
7.110606420060117117e-03,2.095237233457447057e-01,5.346523553209397289e-02,3.621911969813793736e-03,3.123091912020545952e-02,1.722994869929039656e-03,6.223652168087014666e-04,1.319961694596569202e-04,8.482927452671508490e+02,2.220446049250313081e-15
