"","beta.1","beta.2","beta.3","beta.4","beta.5","beta.6","beta.7","beta.8","sigma2","delta"
"1",59.1610318411756,0.969067046403327,4.19699530687615,64,64,64,64,64,0,"1e-06"
