"","beta.1","beta.2","beta.3","beta.4","beta.5","beta.6","beta.7","beta.8","beta.9","beta.10","beta.11","beta.12","beta.13","beta.14","beta.15","beta.16","beta.17","beta.18","beta.19","beta.20","beta.21","beta.22","beta.23","beta.24","beta.25","beta.26","beta.27","beta.28","beta.29","beta.30","beta.31","beta.32","beta.33","beta.34","beta.35","beta.36","beta.37","beta.38","beta.39","beta.40","beta.41","beta.42","beta.43","beta.44","sigma2","delta"
"1",-7.71713055023856,3.05365172550252,-42.9205820956253,-0.24008340755464,38.25090673094,-52.5115341220399,1.57482237404394,-4.31493758234096,71.7779020616936,20.0560100719787,0.990708069527535,1.14024679587065,-4.00155224229181,-2.77101681553589,12.6865318001452,1.41035175684098,-3.21158434545578,-3.35906328310437,-4.39015326164013,1.14621624313102,11.8571122360804,0.98898831197317,1.07467207105918,1.6110581064311,-6.74252366904479,-1.73388478961388,-3.31076609253918,6.89539848847804,-1.80586086793332,0.252614761508135,-0.999187630854336,-1.33736994125841,-2.89319818960674,-0.55368389970852,1.81357453804378,2.22971849350458,3.26064176530113,-1.09022439426232,-0.215609717375043,0.223541478139899,2.15584803432914,-0.619939833351139,-2.07513350320468,-1.29147534382486,2.71617425200104,0
