beta.1,beta.2,beta.3,beta.4,beta.5,beta.6,beta.7,beta.8,sigma2,delta,mu
0.14359,0.10882,0.035897,0.0022436,0.00056089,0.0022436,0.00024414,0.00014022,2435.4,0,5.2077
