"","beta.1","beta.2","beta.3","beta.4","beta.5","beta.6","beta.7","beta.8","beta.9","beta.10","beta.11","beta.12","beta.13","beta.14","beta.15","beta.16","beta.17","beta.18","beta.19","beta.20","beta.21","beta.22","beta.23","beta.24","beta.25","beta.26","beta.27","beta.28","beta.29","beta.30","beta.31","beta.32","beta.33","beta.34","beta.35","beta.36","beta.37","beta.38","beta.39","beta.40","beta.41","beta.42","beta.43","beta.44","sigma2","delta"
"1",-8.5790667617421,6.72163824483402,-47.5463255855619,3.67475782637484,39.9097518142151,-59.5970765920659,-0.0103985071955501,-3.5464872669505,78.2483364499671,18.1103456607568,0.912203194979332,-0.612828855081513,-1.48139260114841,-5.45762792453008,17.814320082928,-2.97142196807147,0.153513637328948,-1.97128841120801,-0.907913014312881,-1.23298578112948,10.6417544434,-0.660733777045741,-1.81894718533698,0.174782503003912,-0.62931799624312,-2.47403222254678,-1.41713227829533,11.8487549955104,-1.8908031989564,2.28118453235599,-2.12182745264749,-4.01886446937146,-3.42105665310689,-1.94182398553045,-0.102991770530463,5.32906947667685,0.188065718035419,-0.351836049899313,-0.165106901157239,-0.315921082382025,-3.44119100692644,2.03885417652133,-3.51778481499098,-1.04852699340658,3.49040342254191,0
