"","beta.1","beta.2","beta.3","beta.4","beta.5","beta.6","beta.7","beta.8","sigma2","delta"
"1",0.0303162213607709,0.403924364605146,0.0768822354671095,0.00193611105560302,0.00170651749572501,0.00170496540847574,0.000622619355062974,0.000314763285705611,193234.551018507,0.00363020162435466
