"","beta.1","beta.2","beta.3","beta.4","beta.5","beta.6","beta.7","beta.8","sigma2","delta"
"1",0.0083547539983287,0.674220935035032,0.153471749303058,0.00914565977286369,0.00532680511269345,0.00809559267114321,0.0014754035181319,0.00030966088469302,24963.9041105391,3.59982047272494e-07
