beta.1,beta.2,beta.3,beta.4,beta.5,beta.6,beta.7,beta.8,sigma2,delta
3.528999221058963347e-03,2.023468669594744862e-01,8.325496762201491097e-02,4.647208817621466953e-03,3.462634410805172890e-03,5.507655871029200345e-03,5.436203466054037505e-04,8.250949067393103728e-03,5.712386644551212385e+02,2.220446049250313081e-15
