"","beta.1","beta.2","beta.3","beta.4","beta.5","beta.6","beta.7","beta.8","sigma2","delta"
"1",0.0580278523923116,0.6492172556352,0.241671099266966,0.0190353931338291,0.0145748782747549,0.0086135753559936,0.005044615779377,0.00129377294984311,1059.30602924737,0
