"","beta.1","beta.2","beta.3","beta.4","beta.5","beta.6","beta.7","beta.8","beta.9","beta.10","beta.11","beta.12","beta.13","beta.14","beta.15","beta.16","beta.17","beta.18","beta.19","beta.20","beta.21","beta.22","beta.23","beta.24","beta.25","beta.26","beta.27","beta.28","beta.29","beta.30","beta.31","beta.32","beta.33","beta.34","beta.35","beta.36","beta.37","beta.38","beta.39","beta.40","beta.41","beta.42","beta.43","beta.44","sigma2","delta"
"1",-7.60885984430721,6.41910228738591,-44.9575961327199,1.32854032767451,38.7174392009379,-53.7254716548713,0.301702000646869,0.318068713324951,73.1072484708865,16.6971415843904,0.74438486120253,2.21364747103905,-4.44587285806604,-2.18013303042211,17.0830533629341,-1.43470949179498,-4.23892192269944,-1.90164811584722,-2.92145937767596,-1.08780357942036,14.542576942002,-1.29464762888299,-2.85132318102796,-2.54911613091505,-2.14481214630778,-2.11702009669734,-1.6811877422187,8.6685892858575,-1.2913856432032,-0.319708617044431,-3.09965228167516,-1.6224946121465,0.0574708470933198,-3.21973359496766,2.53844725823538,4.34451516081911,0.295163859248737,0.385794343587777,1.04747325966111,1.0083542617865,-3.68124483142966,-0.693453254617656,-4.39274137562584,-0.0391139672016417,3.337016565489,0
