"","beta.1","beta.2","beta.3","beta.4","beta.5","beta.6","beta.7","beta.8","beta.9","beta.10","beta.11","beta.12","beta.13","beta.14","beta.15","beta.16","beta.17","beta.18","beta.19","beta.20","beta.21","beta.22","beta.23","beta.24","beta.25","beta.26","beta.27","beta.28","beta.29","beta.30","beta.31","beta.32","beta.33","beta.34","beta.35","beta.36","beta.37","beta.38","beta.39","beta.40","beta.41","beta.42","beta.43","beta.44","sigma2","delta"
"1",-7.40441074035121,7.5555052710643,-49.6336092313057,-0.773952683042658,40.1786778998739,-59.317864068634,1.07076871296448,3.36409699813873,72.4531436630148,15.5333335056463,-3.06461540272095,0.0400736434349169,-2.18387921387685,-3.32434369385986,15.7575071122329,-4.17921781140838,-1.08152120784393,-3.19664599785856,-0.674572268790441,2.03335916689325,9.52432427629554,3.06354465566626,1.17456211641074,-1.40235889419955,-3.35445122959203,-3.98924216928912,-0.848100535799277,5.23410968365596,1.67480167728986,-0.0335555807280964,-1.84505140236698,5.62386013134081,-2.65771275711153,-1.86930393689118,-3.41242522312731,0.368844664952312,-2.91596431051991,-0.884733876614201,4.12520554016972,-0.12620661790947,-2.46000079291701,1.56425899020343,3.21529537754702,1.42294378574658,2.55467844218279,0
