beta.1,beta.2,beta.3,beta.4,beta.5,beta.6,beta.7,beta.8,sigma2,delta
1.377546734452384669e+01,1.198494646564816968e+00,2.560233560507199968e+00,6.603934934540034440e+00,1.080981086317899731e+01,8.277488217617261057e+00,3.123154989956298166e+01,2.521130077343885745e+01,2.506292608768923674e+05,2.820631144526821134e-08
