"","beta.1","beta.2","beta.3","beta.4","beta.5","beta.6","beta.7","beta.8","sigma2","delta"
"1",4.84727735182549,0.45756899436893,1.28050090676012,4.84727735182549,4.84727735182549,4.84727735182549,4.84727735182549,4.84727735182549,0,5.08305964163563e-05
