"","beta.1","beta.2","beta.3","beta.4","beta.5","beta.6","beta.7","beta.8","sigma2","delta"
"1",-1.3254165911216,-6.94234957874527,14.8552758647995,9.8803062458736,10.263808120074,5.16766049495834,4.2576817773805,1.67203739621262,49.7678407407582,0
