"","beta.1","beta.2","beta.3","beta.4","beta.5","beta.6","beta.7","beta.8","sigma2","delta"
"1",4.59635949195759,0.456621834846401,1.35848250279006,4.59635949195759,4.59635949195759,4.59635949195759,4.59635949195759,4.59635949195759,0,2.94654342975743e-05
