beta.1,beta.2,beta.3,beta.4,beta.5,beta.6,beta.7,beta.8,sigma2,delta
2.065866660991130743e+01,1.327279221224879624e+00,3.376305492368728345e+00,1.953443868127721927e+01,1.922924607225506222e+01,2.835087918838173593e+01,4.676523730767860343e+01,8.510394292446255804e+01,9.516527247024831595e+05,3.190708673122267993e-03
