Column 1,mu,sigma2,delta,beta.1,beta.2,beta.3,beta.4,beta.5,beta.6,beta.7,beta.8
,0.10933614,4.08462687,0,1.78852131,0,0,0.00598174,8.37021e-8,0.00668216,0.05085837,0.02088847
