Column 1,mu,sigma2,delta,beta.1,beta.2,beta.3,beta.4
,84.7801865,508.042865,0,53.0563196,0.0028762,0.0016871,0.60067674