Column 1,mu,sigma2,delta,beta.1,beta.2,beta.3,beta.4
,0.36957448,0.1909259,0,21.4398732,0,0,0.12856702
