Column 1,mu,sigma2,delta,beta.1,beta.2,beta.3,beta.4
,0.53947929,1.64320912,0,7.97592557,0,9.10134e-7,0.10474493
