Column 1,mu,sigma2,delta,beta.1,beta.2,beta.3,beta.4
,80.29993,3486.13633,0,3.36859193,0.3852926,1.71392427,0.17154942