Column 1,mu,sigma2,delta,beta.1,beta.2,beta.3,beta.4
,83.1304326,183.799368,0,58.2926203,0,0,0.44142198