Column 1,mu,sigma2,delta,beta.1,beta.2,beta.3,beta.4,beta.5,beta.6,beta.7,beta.8
,0.74189468,3.91177298,0,3.85728347,0,0.00001543,0.00823988,0,0.00633181,0.09000858,0.00521831
