Column 1,mu,sigma2,delta,beta.1,beta.2,beta.3,beta.4
,96.5301745,374.57321,0,30.6488875,0.0844144,0,0.11295683