Column 1,mu,sigma2,delta,beta.1,beta.2,beta.3,beta.4
,86.8256446,348.530929,0,44.5367296,2.9225e-17,0.03418511,0.34292326