Column 1,mu,sigma2,delta,beta.1,beta.2,beta.3,beta.4
,0.89631497,2.11892648,0,12.3257202,0,0,0.03327342
