Column 1,mu,sigma2,delta,beta.1,beta.2,beta.3,beta.4,beta.5,beta.6,beta.7,beta.8
,302.024739,161007.351,0,13.2635819,6.03843e-5,9.56606e-8,0.04366289,1.50592e-7,0.00612947,0.01011493,0.00251631