Column 1,mu,sigma2,delta,beta.1,beta.2,beta.3,beta.4
,2.00822691,5.09315911,0,10.6647864,0.00031045,0,0.01518566
