Column 1,mu,sigma2,delta,beta.1,beta.2,beta.3,beta.4,beta.5,beta.6,beta.7,beta.8
,82.5881979,459.871132,0,12.1928284,0,0,0.23253835,0,0.247795,0.23705544,0.08290108