Column 1,mu,sigma2,delta,beta.1,beta.2,beta.3,beta.4,beta.5,beta.6,beta.7,beta.8
,0.19864574,0.20557796,0,10.7486911,0,0,0.04831306,0,0.04228603,0.09589819,0.0267947
