Column 1,mu,sigma2,delta,beta.1,beta.2,beta.3,beta.4
,0.20139851,0.10270945,0,13.2268935,0.01156019,0,0.29609746
