Column 1,mu,sigma2,delta,beta.1,beta.2,beta.3,beta.4,beta.5,beta.6,beta.7,beta.8
,0.15286029,0.28162599,0,3.10993441,0,0,0.03915685,0,0.05836507,0.11440496,0.03159478
