Column 1,mu,sigma2,delta,beta.1,beta.2,beta.3,beta.4
,83.4088909,350.823348,0,197.64259,0,0,0.57318346