Column 1,mu,sigma2,delta,beta.1,beta.2,beta.3,beta.4,beta.5,beta.6,beta.7,beta.8
,84.614231,560.182419,0,12.0731398,0,0,0.32210284,0,0.24612965,0.26211084,0.08703475