Column 1,mu,sigma2,delta,beta.1,beta.2,beta.3,beta.4
,86.910014,304.255446,0,20.56007,0,0,0.70527381