Column 1,mu,sigma2,delta,beta.1,beta.2,beta.3,beta.4,beta.5,beta.6,beta.7,beta.8
,411.07836,440857.915,0,13.8590111,5.05178e-5,0,0.00655821,3.26524e-8,0.00143985,0.02443062,0.00402851