Column 1,mu,sigma2,delta,beta.1,beta.2,beta.3,beta.4,beta.5,beta.6,beta.7,beta.8
,173.549744,89039.5345,0,17.9104739,6.92263e-7,0,0.00428197,0.01154939,0.06398204,0.11770178,0.23216737