Column 1,mu,sigma2,delta,beta.1,beta.2,beta.3,beta.4,beta.5,beta.6,beta.7,beta.8
,0.17279359,0.14194488,0,12.3417174,0,0,0.07578651,0,0.09531666,0.07628665,0.05655014
