Column 1,mu,sigma2,delta,beta.1,beta.2,beta.3,beta.4
,1.2976264,5.58994285,0,26.5274328,0,3.90503e-7,0.04805713
