Column 1,mu,sigma2,delta,beta.1,beta.2,beta.3,beta.4,beta.5,beta.6,beta.7,beta.8
,0.06808018,0.01721543,0,3.92339412,0,0,0.31245617,0,0.33759586,0.33535839,0.10835333
