Column 1,mu,sigma2,delta,beta.1,beta.2,beta.3,beta.4,beta.5,beta.6,beta.7,beta.8
,83.0108221,631.999691,0,10.537821,0,0,0.1842279,0.00152247,0.21562245,0.24686779,0.10985204