Column 1,mu,sigma2,delta,beta.1,beta.2,beta.3,beta.4
,0.56627792,0.33774092,0,8.16116385,0.10825508,0,0.07886974
