Column 1,mu,sigma2,delta,beta.1,beta.2,beta.3,beta.4
,1.32309326,2.1964787,0,13.5117196,0,4.44216e-6,0.03774847
