Column 1,mu,sigma2,delta,beta.1,beta.2,beta.3,beta.4
,1.30213053,2.18568101,0,8.26509914,0,0.00016794,0.02401194
