Column 1,mu,sigma2,delta,beta.1,beta.2,beta.3,beta.4
,0.56136637,0.38736678,0,25.4995191,2.414e-17,9.42337e-6,0.07683476
