Column 1,mu,sigma2,delta,beta.1,beta.2,beta.3,beta.4,beta.5,beta.6,beta.7,beta.8
,-0.0583254,2.46105998,0,9.64335774,8.51774e-6,3.1939e-28,0.09337627,0.00044983,0.02608098,0.03431808,0.00245024
