Column 1,mu,sigma2,delta,beta.1,beta.2,beta.3,beta.4,beta.5,beta.6,beta.7,beta.8
,0.0373812,0.00459862,0,5.38100348,0,0,0.76440242,0,0.61837048,0.61371069,0.20337646
