Column 1,mu,sigma2,delta,beta.1,beta.2,beta.3,beta.4
,156.851017,35179.1919,0,27.0246773,0,5.30806e-7,0.55931402