Column 1,mu,sigma2,delta,beta.1,beta.2,beta.3,beta.4,beta.5,beta.6,beta.7,beta.8
,0.02372625,0.00708766,0,1.90822111,0,0,0.71331269,0,0.59672932,0.69222411,0.29020199
