Column 1,mu,sigma2,delta,beta.1,beta.2,beta.3,beta.4
,86.7092952,237.074939,0,71.4811324,0.01631364,0.0160184,0.49985946