Column 1,mu,sigma2,delta,beta.1,beta.2,beta.3,beta.4
,83.5950564,210.70241,0,59.9110663,0,0.01714248,0.64838448