Column 1,mu,sigma2,delta,beta.1,beta.2,beta.3,beta.4
,0.07357294,0.03969954,0,8.38521684,0,0.01243393,0.35296726
