Column 1,mu,sigma2,delta,beta.1,beta.2,beta.3,beta.4,beta.5,beta.6,beta.7,beta.8
,0.5111077,3.44586795,0,1.62228463,0,6.272e-6,0.00560762,0.00077425,0.00881398,0.05473711,0.02001787
