Column 1,mu,sigma2,delta,beta.1,beta.2,beta.3,beta.4,beta.5,beta.6,beta.7,beta.8
,449.93151,1314824.29,0,46.1279639,3.65523e-6,1.1742e-10,0.00097869,1.89118e-8,0.00107424,0.0719187,0.001751