Column 1,mu,sigma2,delta,beta.1,beta.2,beta.3,beta.4,beta.5,beta.6,beta.7,beta.8
,100.157351,102226.682,0,14.661504,0.00888753,0.0004073,0.00357515,0.04984156,0.00486219,0.12419912,0.00943419