Column 1,mu,sigma2,delta,beta.1,beta.2,beta.3,beta.4,beta.5,beta.6,beta.7,beta.8
,77.2884477,23221.7744,0,13.9858363,1.64441e-6,0,0.07518916,5.64812e-7,0.0880951,0.15782865,0.00667888