Column 1,mu,sigma2,delta,beta.1,beta.2,beta.3,beta.4,beta.5,beta.6,beta.7,beta.8
,73.8468393,81.7607057,0,5.59812575,0,0,0.65795496,0,0.55216269,0.6488063,0.13924135