Column 1,mu,sigma2,delta,beta.1,beta.2,beta.3,beta.4,beta.5,beta.6,beta.7,beta.8
,78.7527693,98.3418043,0,5.26069216,0,0,0.66115396,0,0.50061887,0.69747107,0.25555637