Column 1,mu,sigma2,delta,beta.1,beta.2,beta.3,beta.4
,0.05653683,0.00984593,0,12.4915901,0,0,0.74207185
