Column 1,mu,sigma2,delta,beta.1,beta.2,beta.3,beta.4,beta.5,beta.6,beta.7,beta.8
,235.425999,122869.782,0,13.2717736,9.98099e-9,0,0.00735206,3.74548e-5,0.01182712,0.04148435,0.01525552