Column 1,mu,sigma2,delta,beta.1,beta.2,beta.3,beta.4,beta.5,beta.6,beta.7,beta.8
,80.0211221,55.279233,0,5.54088605,0,0,0.58196666,0,0.5941885,0.59278142,0.20843764