Column 1,mu,sigma2,delta,beta.1,beta.2,beta.3,beta.4,beta.5,beta.6,beta.7,beta.8
,-0.1780685,3.24956109,0,6.08590058,0.00103952,0,0.00910633,4.751e-7,0.00906251,0.1968837,0.00629832
