Column 1,mu,sigma2,delta,beta.1,beta.2,beta.3,beta.4
,95.75726,8690.49944,0,27.7798395,0.03041722,0.00160393,0.11048761