Column 1,mu,sigma2,delta,beta.1,beta.2,beta.3,beta.4,beta.5,beta.6,beta.7,beta.8
,90.4244571,598.946933,0,28.3803143,0,0,0.16747457,0,0.33730094,0.32073249,0.15822568