Column 1,mu,sigma2,delta,beta.1,beta.2,beta.3,beta.4
,0.23478195,0.15902483,0,8.65407561,0,0,0.24534898
