Column 1,mu,sigma2,delta,beta.1,beta.2,beta.3,beta.4
,0.09643749,0.05327543,0,7.50556981,0,0.01289144,0.34623448
