Column 1,mu,sigma2,delta,beta.1,beta.2,beta.3,beta.4
,0.94934354,3.02579819,0,11.7563727,1.23488e-7,2.14935e-6,0.02657585
