Column 1,mu,sigma2,delta,beta.1,beta.2,beta.3,beta.4,beta.5,beta.6,beta.7,beta.8
,0.04430882,3.70547431,0,4.38625781,2.65494e-6,0,0.01393778,6.57091e-7,0.01139812,0.03178799,0.00307896
