Column 1,mu,sigma2,delta,beta.1,beta.2,beta.3,beta.4,beta.5,beta.6,beta.7,beta.8
,0.79778572,5.50198336,0,6.5580943,0,0,0.01772572,0,0.01694486,0.01319151,0.01673693
