Column 1,mu,sigma2,delta,beta.1,beta.2,beta.3,beta.4,beta.5,beta.6,beta.7,beta.8
,0.02327426,0.00723298,0,1.84392735,0,0,0.64151191,0,0.72496534,0.53839486,0.14016918
