Column 1,mu,sigma2,delta,beta.1,beta.2,beta.3,beta.4,beta.5,beta.6,beta.7,beta.8
,0.96167313,4.29436399,0,3.96558875,4.28592e-6,0,0.00616866,0,0.00947321,0.02459327,0.00455251
