Column 1,mu,sigma2,delta,beta.1,beta.2,beta.3,beta.4,beta.5,beta.6,beta.7,beta.8
,78.1333365,54.3113259,0,6.46350813,0,0,0.71476851,0,0.58604097,0.68675405,0.17824239