Column 1,mu,sigma2,delta,beta.1,beta.2,beta.3,beta.4
,0.38365783,0.32721178,0,12.3143975,0,0,0.09223809
