Column 1,mu,sigma2,delta,beta.1,beta.2,beta.3,beta.4,beta.5,beta.6,beta.7,beta.8
,0.02450077,0.0040554,0,5.0149023,0,0,0.76377224,0,0.68419418,0.6861933,0.28335795
