Column 1,mu,sigma2,delta,beta.1,beta.2,beta.3,beta.4
,91.768251,1560.02553,0,22.0990739,0,0.03562472,0.61001874