Column 1,mu,sigma2,delta,beta.1,beta.2,beta.3,beta.4
,0.62830894,0.96178488,0,5.6724524,3.4963e-7,0.09184848,0.15391489
