Column 1,mu,sigma2,delta,beta.1,beta.2,beta.3,beta.4,beta.5,beta.6,beta.7,beta.8
,0.03135653,0.00468932,0,1.99395561,0,0,0.71757344,0,0.74210598,0.73123069,0.27332477
