Column 1,mu,sigma2,delta,beta.1,beta.2,beta.3,beta.4,beta.5,beta.6,beta.7,beta.8
,974.491167,2253334.45,0,38.2514782,1.84646e-6,5.78672e-9,0.00102458,2.41032e-7,0.00084637,0.02844134,0.00657921