Column 1,mu,sigma2,delta,beta.1,beta.2,beta.3,beta.4,beta.5,beta.6,beta.7,beta.8
,78.3284396,52.3997687,0,6.21807275,0,0,0.60452457,0,0.56851891,0.57720727,0.28061857