Column 1,mu,sigma2,delta,beta.1,beta.2,beta.3,beta.4
,0.24884866,0.24961295,0,12.9312119,0,0,0.12605887
