Column 1,mu,sigma2,delta,beta.1,beta.2,beta.3,beta.4
,99.0417722,210492.507,0,33.9145868,3.57517e-6,4.66648e-6,0.07079992