Column 1,mu,sigma2,delta,beta.1,beta.2,beta.3,beta.4
,0.07430898,0.01901961,0,14.381517,0,0,0.83630631
