Column 1,mu,sigma2,delta,beta.1,beta.2,beta.3,beta.4
,195.524689,120765.4,0,255.107466,0,5.68347e-7,0.17380038