Column 1,mu,sigma2,delta,beta.1,beta.2,beta.3,beta.4,beta.5,beta.6,beta.7,beta.8
,0.011659,4.94983534,0,10.3749535,1.49917e-7,5.5511e-32,0.01673499,1.38724e-7,0.01671731,0.03603048,0.00339444
