Column 1,mu,sigma2,delta,beta.1,beta.2,beta.3,beta.4,beta.5,beta.6,beta.7,beta.8
,164.727665,180612.487,0,36.3211913,6.35193e-8,0.00026075,0.00628793,1.36343e-6,0.02406893,0.11689645,0.00178497