Column 1,mu,sigma2,delta,beta.1,beta.2,beta.3,beta.4,beta.5,beta.6,beta.7,beta.8
,0.10010399,0.06539166,0,2.28841182,0,0,0.13357327,0,0.1348823,0.27477794,0.05715876
