Column 1,mu,sigma2,delta,beta.1,beta.2,beta.3,beta.4
,74.4248526,512.777126,0,27.9433688,0,0,2298.61258