Column 1,mu,sigma2,delta,beta.1,beta.2,beta.3,beta.4,beta.5,beta.6,beta.7,beta.8
,145.331691,48077.7107,0,7.71844964,3.28634e-6,0,0.19280797,2.94011e-7,0.0755619,0.02560032,0.00502743