Column 1,mu,sigma2,delta,beta.1,beta.2,beta.3,beta.4
,130.469698,26178.9152,0,227.524567,8.268e-26,5.24547e-7,0.0529885