Column 1,mu,sigma2,delta,beta.1,beta.2,beta.3,beta.4
,1.78786059,4.43536496,0,15.4024735,0.00069162,2.89578e-7,0.02607044
