Column 1,mu,sigma2,delta,beta.1,beta.2,beta.3,beta.4
,196.731391,66878.5234,0,61.5122527,0.03688374,0.00031732,0.06296992