Column 1,mu,sigma2,delta,beta.1,beta.2,beta.3,beta.4,beta.5,beta.6,beta.7,beta.8
,79.1974755,53.0611361,0,7.83083574,0,0,0.62048038,0,0.55936839,0.58165786,0.21552481