Column 1,mu,sigma2,delta,beta.1,beta.2,beta.3,beta.4,beta.5,beta.6,beta.7,beta.8
,2.98121339,36.1704104,0,8.55965604,9.9548e-10,0,0.0016193,0,0.00173537,0.00833943,0.00235248
