Column 1,mu,sigma2,delta,beta.1,beta.2,beta.3,beta.4
,40.3934179,249258.096,0,40.9737401,2.78779e-9,6.10786e-8,2.47637411