Column 1,mu,sigma2,delta,beta.1,beta.2,beta.3,beta.4
,81.7687962,80.0342713,0,34.6846677,0,0,0.72520068