Column 1,mu,sigma2,delta,beta.1,beta.2,beta.3,beta.4
,290.650027,192585.684,0,33.0892531,0,0.00011433,0.02434339