Column 1,mu,sigma2,delta,beta.1,beta.2,beta.3,beta.4,beta.5,beta.6,beta.7,beta.8
,3.63381832,567.621671,0,0.00111238,0.25960705,0.03729378,0.00085303,0.00075143,0.00040151,0.00017673,6.66152e-5
