Column 1,mu,sigma2,delta,beta.1,beta.2,beta.3,beta.4,beta.5,beta.6,beta.7,beta.8
,0.24128527,0.01427161,0,0.23985659,4.85107696,2.73539514,0.27980282,0.19781728,0.1631821,0.08078618,0.0253058
