Column 1,mu,sigma2,delta,beta.1,beta.2,beta.3,beta.4,beta.5,beta.6,beta.7,beta.8
,1.38181129,0.89269972,0,0,0.314877,0.79646853,0.01458561,0.01082379,0.00601271,0.00743352,0
