Column 1,mu,sigma2,delta,beta.1,beta.2,beta.3,beta.4,beta.5,beta.6,beta.7,beta.8
,0.29236011,0.02385249,0,0.30552787,4.85834638,2.75175652,0.29047928,0.20026138,0.14321944,0.09470755,0.03840332
