Column 1,mu,sigma2,delta,beta.1,beta.2,beta.3,beta.4,beta.5,beta.6,beta.7,beta.8
,0.41805862,0.03530297,0,0.11232316,4.04637308,1.73235354,0.09621007,0.06548444,0.04509285,0.02651884,0.00843368
