Column 1,mu,sigma2,delta,beta.1,beta.2,beta.3,beta.4,beta.5,beta.6,beta.7,beta.8
,444.63093,1333923.28,0,0.00104869,0.25684236,0.03744913,0.00162113,0.00063576,0.00040427,0.00021937,3.14631e-5