Column 1,mu,sigma2,delta,beta.1,beta.2,beta.3,beta.4,beta.5,beta.6,beta.7,beta.8
,57.9502004,37.6687978,0,0.21339361,5.12081002,2.91305159,0.21935224,0.17255863,0.10734743,0.08622194,0.02251429