Column 1,mu,sigma2,delta,beta.1,beta.2,beta.3,beta.4,beta.5,beta.6,beta.7,beta.8
,2.04263367,2.27730066,0,0.00004348,0.19413649,0.43220131,0.00742772,0.00470424,0.00277084,0.00146328,0.00031982
