Column 1,mu,sigma2,delta,beta.1,beta.2,beta.3,beta.4,beta.5,beta.6,beta.7,beta.8
,267.043493,188636.938,0,0.00288968,0.38447644,0.07317362,0.01484913,0.0025627,0.00583298,0.00070263,0.00028897