Column 1,mu,sigma2,delta,beta.1,beta.2,beta.3,beta.4,beta.5,beta.6,beta.7,beta.8
,0.56443563,0.08453521,0,0.1565276,3.69158985,1.51037698,0.1026918,0.07758931,0.05645558,0.02619285,0.00557403
