Column 1,mu,sigma2,delta,beta.1,beta.2,beta.3,beta.4,beta.5,beta.6,beta.7,beta.8
,0.16871085,0.01238,0,0,1.76371271,5.57809266,0.69917462,0.37747338,0.14282549,0.08891359,0
