Column 1,mu,sigma2,delta,beta.1,beta.2,beta.3,beta.4,beta.5,beta.6,beta.7,beta.8
,56.7408274,36.9845507,0,0.20647632,5.68219039,2.8420093,0.26750567,0.20487959,0.13530161,0.08497882,0.02463351