Column 1,mu,sigma2,delta,beta.1,beta.2,beta.3,beta.4,beta.5,beta.6,beta.7,beta.8
,7.09829059,601.091893,0,0.001414,0.28205938,0.0466805,0.00143972,0.0005449,0.00062511,0.00025429,8.21066e-5
