Column 1,mu,sigma2,delta,beta.1,beta.2,beta.3,beta.4,beta.5,beta.6,beta.7,beta.8
,472.493846,2315070.83,0,0.00083302,0.2114438,0.03140151,0.0040381,0.00095025,0.0002988,0.00013821,0.00003812