Column 1,mu,sigma2,delta,beta.1,beta.2,beta.3,beta.4,beta.5,beta.6,beta.7,beta.8
,65.7396854,101.090014,0,0.14397896,3.76567719,1.43457362,0.1055179,0.08387622,0.06336391,0.02753407,0.00769846