Column 1,mu,sigma2,delta,beta.1,beta.2,beta.3,beta.4,beta.5,beta.6,beta.7,beta.8
,0.15127082,0.01000771,0,0,1.82980698,5.36511829,0.46569301,0.39347059,0.36021452,0.10833568,0
