Column 1,mu,sigma2,delta,beta.1,beta.2,beta.3,beta.4,beta.5,beta.6,beta.7,beta.8
,3.22855505,4.54355872,0,1.18873e-5,0.1232261,0.30010318,0.00291665,0.00180391,0.00222036,0.00121756,1.54812e-5
