Column 1,mu,sigma2,delta,beta.1,beta.2,beta.3,beta.4,beta.5,beta.6,beta.7,beta.8
,3.51845301,4.95529918,0,3.8681e-6,0.08157477,0.26608285,0.00384025,0.00138118,0.00111381,0.0004998,0.00011224
