Column 1,mu,sigma2,delta,beta.1,beta.2,beta.3,beta.4,beta.5,beta.6,beta.7,beta.8
,6.03618268,276.003055,0,0.00135867,0.29231392,0.04081429,0.00105197,0.00124252,0.00063074,0.00020414,0.00008025
