Column 1,mu,sigma2,delta,beta.1,beta.2,beta.3,beta.4,beta.5,beta.6,beta.7,beta.8
,2.723049,4.00304778,0,2.90631e-5,0.13929397,0.3959982,0.00336132,0.00420238,0.00104662,0.00064774,0.00016598
