Column 1,mu,sigma2,delta,beta.1,beta.2,beta.3,beta.4,beta.5,beta.6,beta.7,beta.8
,0.47494793,0.0444067,0,0.17612533,3.9095191,1.72443963,0.11556549,0.09885918,0.06583946,0.02597374,0.00929292
