Column 1,mu,sigma2,delta,beta.1,beta.2,beta.3,beta.4,beta.5,beta.6,beta.7,beta.8
,3.84137988,13.0734281,0,0.00930865,0.8429414,0.15569284,0.01107063,0.00341159,0.00030109,0.00013879,8.41988e-5
