Column 1,mu,sigma2,delta,beta.1,beta.2,beta.3,beta.4,beta.5,beta.6,beta.7,beta.8
,613.666755,771487.604,0,0.00134871,0.27008784,0.0389349,0.00413584,0.00473001,0.00108971,0.0003959,0.00009541