Column 1,mu,sigma2,delta,beta.1,beta.2,beta.3,beta.4,beta.5,beta.6,beta.7,beta.8
,56.4550263,36.7554983,0,0.19664709,5.0296385,2.73150871,0.32890113,0.19598769,0.13385336,0.07632669,0.01897588