Column 1,mu,sigma2,delta,beta.1,beta.2,beta.3,beta.4,beta.5,beta.6,beta.7,beta.8
,0.15830007,0.01128355,0,0,2.10634193,5.63642311,0.59169826,0.3845496,0.1445317,0.21932981,0
