Column 1,mu,sigma2,delta,beta.1,beta.2,beta.3,beta.4,beta.5,beta.6,beta.7,beta.8
,515.120808,809941.618,0,0.00122395,0.29180128,0.04530639,0.00147416,0.00144723,0.00069374,0.00025882,7.16288e-5