Column 1,mu,sigma2,delta,beta.1,beta.2,beta.3,beta.4,beta.5,beta.6,beta.7,beta.8
,4.70011198,796.5585,0,0.00097395,0.24895915,0.03269107,0.00106975,0.00054551,0.00031506,0.00019543,0.00004595
