Column 1,mu,sigma2,delta,beta.1,beta.2,beta.3,beta.4,beta.5,beta.6,beta.7,beta.8
,57.9875034,37.1604952,0,0.20868145,5.09277238,2.72274395,0.21256212,0.21420432,0.13141116,0.06414781,0.03603571