Column 1,mu,sigma2,delta,beta.1,beta.2,beta.3,beta.4,beta.5,beta.6,beta.7,beta.8
,0.35650194,0.0367491,0,0.16009372,1.25280063,2.17701318,0.23181355,0.20771596,0.09499492,0.06505582,0.02227951
