Column 1,mu,sigma2,delta,beta.1,beta.2,beta.3,beta.4,beta.5,beta.6,beta.7,beta.8
,0.46158169,0.04014865,0,0.14971813,3.82933353,1.63729142,0.11615252,0.06769704,0.04852302,0.02389118,0.01232885
