Column 1,mu,sigma2,delta,beta.1,beta.2,beta.3,beta.4,beta.5,beta.6,beta.7,beta.8,beta.9,beta.10,beta.11,beta.12,beta.13,beta.14,beta.15,beta.16,beta.17,beta.18,beta.19,beta.20
,-0.0533446,0.0039185,0,1.69009359,1.61172358,0.91575091,1.60402848,0.8282593,1.09536137,0.1231046,0.21423703,0.29573316,0.20814151,0,0,0,0,0,0,0,0,0,0
