Column 1,mu,sigma2,delta,beta.1,beta.2,beta.3,beta.4,beta.5,beta.6,beta.7,beta.8,beta.9,beta.10,beta.11,beta.12,beta.13,beta.14,beta.15,beta.16,beta.17,beta.18,beta.19,beta.20
,-1.1395505,0.79872016,0,0.17129368,0.218455,0.77760488,0.08657648,0.22984596,0.35045474,0.03054535,0.00264264,0.00292195,0.00255046,0,0,2.97889e-8,6.44016e-5,1.92268e-5,5.95266e-5,0.00033906,0,1.16117e-6,7.76544e-9
