Column 1,mu,sigma2,delta,beta.1,beta.2,beta.3,beta.4,beta.5,beta.6,beta.7,beta.8,beta.9,beta.10,beta.11,beta.12,beta.13,beta.14,beta.15,beta.16,beta.17,beta.18,beta.19,beta.20
,-3.1184994,5.49347494,0,0.06259305,0.05427805,0.64784912,0.07097596,0.64370082,0.03233704,0.01461875,0.00067179,0.00035474,0.00027627,9.33623e-6,7.32781e-5,2.58044e-6,9.36784e-7,8.60872e-6,2.5845e-6,3.63727e-6,0,0,3.82652e-6
