Column 1,mu,sigma2,delta,beta.1,beta.2,beta.3,beta.4,beta.5,beta.6,beta.7,beta.8,beta.9,beta.10,beta.11,beta.12,beta.13,beta.14,beta.15,beta.16,beta.17,beta.18,beta.19,beta.20
,-0.7197845,0.42155356,0,0.17670425,0.18366824,0.49614383,0.26684205,0.41973105,0.12315116,0.04895187,0.00521361,0.00457633,0.00457921,0,0.00011132,0.00596646,0.00014233,0.00162958,0.0426739,0.00090134,0,0,0.00030438
