Column 1,mu,sigma2,delta,beta.1,beta.2,beta.3,beta.4,beta.5,beta.6,beta.7,beta.8,beta.9,beta.10,beta.11,beta.12,beta.13,beta.14,beta.15,beta.16,beta.17,beta.18,beta.19,beta.20
,-2.5144598,3.80344021,0,0.05509897,0.05329239,0.57894385,0.06785951,0.25460372,0.03654803,0.01596289,0.00034272,0.00067077,0.00032767,0.00025831,5.59459e-5,6.68839e-7,7.28327e-6,6.1819e-6,1.99411e-6,4.99087e-5,4.22735e-6,3.89638e-6,8.55074e-7
