Column 1,mu,sigma2,delta,beta.1,beta.2,beta.3,beta.4,beta.5,beta.6,beta.7,beta.8,beta.9,beta.10,beta.11,beta.12,beta.13,beta.14,beta.15,beta.16,beta.17,beta.18,beta.19,beta.20
,-0.0642811,0.00374386,0,1.8123421,1.65650862,0.64858765,1.51281287,0.84999631,1.08254153,0.16996849,0.21972149,0.28657091,0.21592868,0,0,0,0,0,0,0,0,0,0
