Column 1,mu,sigma2,delta,beta.1,beta.2,beta.3,beta.4,beta.5,beta.6,beta.7,beta.8,beta.9,beta.10,beta.11,beta.12,beta.13,beta.14,beta.15,beta.16,beta.17,beta.18,beta.19,beta.20
,-0.0676711,0.00465181,0,2.04762451,1.46148278,0.81541424,1.49792509,0.69926236,1.02836674,0.12534495,0.20836641,0.39650478,0.22431823,0,0,0,0,0,0.03389373,0.00074498,0,0,0
