Column 1,mu,sigma2,delta,beta.1,beta.2,beta.3,beta.4,beta.5,beta.6,beta.7,beta.8,beta.9,beta.10,beta.11,beta.12,beta.13,beta.14,beta.15,beta.16,beta.17,beta.18,beta.19,beta.20
,-0.3074841,0.21282237,0,0.46777004,0.36702644,0.68831102,0.42603049,1.1312233,0.45555088,0.12383097,0.02463425,0.01719237,0.0110228,0,0.00020489,0,0,0.00170753,0.00160452,0,0,0.00115015,0.00324363
