Column 1,mu,sigma2,delta,beta.1,beta.2,beta.3,beta.4,beta.5,beta.6,beta.7,beta.8,beta.9,beta.10,beta.11,beta.12,beta.13,beta.14,beta.15,beta.16,beta.17,beta.18,beta.19,beta.20
,-1.0059887,0.98775225,0,0.14319013,0.1235812,0.41622182,0.18020972,0.25317118,0.13769866,0.06688034,0.00186125,0.00962705,0.00215179,0,0,0,3.16285e-5,0.00097629,0.00003986,8.72169e-5,0,0.00004546,2.64339e-6
