Column 1,mu,sigma2,delta,beta.1,beta.2,beta.3,beta.4,beta.5,beta.6,beta.7,beta.8,beta.9,beta.10,beta.11,beta.12,beta.13,beta.14,beta.15,beta.16,beta.17,beta.18,beta.19,beta.20
,-0.0703344,0.00466297,0,1.52186301,1.72390461,0.86384551,1.76924972,0.98935008,1.03783259,0.10960021,0.22052394,0.31768984,0.21208819,0,0,0,0,0,0,0,0,0,0
