Column 1,mu,sigma2,delta,beta.1,beta.2,beta.3,beta.4,beta.5,beta.6,beta.7,beta.8,beta.9,beta.10,beta.11,beta.12,beta.13,beta.14,beta.15,beta.16,beta.17,beta.18,beta.19,beta.20
,-0.0538017,0.00693838,0,2.03665843,1.68891159,0.56911802,1.6294061,0.57399343,0.99210435,0.15775058,0.25862686,0.27978208,0.21465759,0,0,0,0,0,0,0,0,0,0
