Column 1,mu,sigma2,delta,beta.1,beta.2,beta.3,beta.4,beta.5,beta.6,beta.7,beta.8,beta.9,beta.10,beta.11,beta.12,beta.13,beta.14,beta.15,beta.16,beta.17,beta.18,beta.19,beta.20
,-0.430198,0.33554284,0,0.2418891,0.23969905,0.63325872,0.30576879,0.37104973,0.23150919,0.13645262,0.0168005,0.08388909,0.00740944,0,0,0,0.0001631,0.00397069,0.0028485,0.00045721,0.00460906,0.00625823,0
