Column 1,mu,sigma2,delta,beta.1,beta.2,beta.3,beta.4,beta.5,beta.6,beta.7,beta.8,beta.9,beta.10,beta.11,beta.12,beta.13,beta.14,beta.15,beta.16,beta.17,beta.18,beta.19,beta.20
,-1.9345761,2.91612695,0,0.16050415,0.07775827,0.37364622,0.07969956,0.83880461,0.03975969,0.01827125,0.00072823,0.00138863,0.00080669,0,0,3.65251e-5,1.40336e-5,0.00012524,0.00015387,2.41662e-5,0,0.00067306,5.63273e-6
