Column 1,mu,sigma2,delta,beta.1,beta.2,beta.3,beta.4,beta.5,beta.6,beta.7,beta.8,beta.9,beta.10,beta.11,beta.12,beta.13,beta.14,beta.15,beta.16,beta.17,beta.18,beta.19,beta.20
,-0.0571968,0.00671568,0,1.77723338,1.74565342,0.78061444,1.63977661,1.16033866,1.36901477,0.1643435,0.18368015,0.23774651,0.13795726,0,0,0,0,0,0,0,0,0,0
