Column 1,mu,sigma2,delta,beta.1,beta.2,beta.3,beta.4,beta.5,beta.6,beta.7,beta.8,beta.9,beta.10,beta.11,beta.12,beta.13,beta.14,beta.15,beta.16,beta.17,beta.18,beta.19,beta.20
,-0.0433882,0.00352289,0,1.7067911,1.60803454,0.81543374,1.75239682,1.0548173,1.12090841,0.15721953,0.22780312,0.24248605,0.21396469,0,0,0,0,0,0,0,0,0,0
