Column 1,mu,sigma2,delta,beta.1,beta.2,beta.3,beta.4,beta.5,beta.6,beta.7,beta.8,beta.9,beta.10,beta.11,beta.12,beta.13,beta.14,beta.15,beta.16,beta.17,beta.18,beta.19,beta.20
,-2.4290856,3.10061369,0,0.07569462,0.06855063,0.48384351,0.06649692,0.60214296,0.03516437,0.01601492,0.00061189,0.00046863,0.00131592,3.63356e-7,3.06841e-6,1.2274e-10,0.0000031,4.14188e-6,1.39221e-5,8.16029e-6,1.34772e-5,0.00000588,3.10507e-6
