Column 1,mu,sigma2,delta,beta.1,beta.2,beta.3,beta.4,beta.5,beta.6,beta.7,beta.8,beta.9,beta.10,beta.11,beta.12,beta.13,beta.14,beta.15,beta.16,beta.17,beta.18,beta.19,beta.20
,-0.5135424,0.47144196,0,0.22855786,0.18212139,0.74951514,0.2453628,0.78583328,0.16012265,0.00248589,0.00637693,0.00528848,0.00463444,0,0,0.00021315,0,0,0,6.37582e-6,0,0.00043923,0
