Column 1,mu,sigma2,delta,beta.1,beta.2,beta.3,beta.4,beta.5,beta.6,beta.7,beta.8,beta.9,beta.10,beta.11,beta.12,beta.13,beta.14,beta.15,beta.16,beta.17,beta.18,beta.19,beta.20
,-0.0556506,0.00643902,0,1.94488554,1.66994114,0.71702149,1.59489738,0.66904329,1.10078084,0.06975818,0.18460859,0.25773375,0.2299307,0,0,0,0,0,0,0,0,0,0
