Column 1,mu,sigma2,delta,beta.1,beta.2,beta.3,beta.4,beta.5,beta.6,beta.7,beta.8,beta.9,beta.10,beta.11,beta.12,beta.13,beta.14,beta.15,beta.16,beta.17,beta.18,beta.19,beta.20
,-0.4602629,0.40895031,0,0.34711867,0.24977101,0.54185766,0.25664021,0.74161732,0.31173361,0.08734998,0.01133174,0.00843289,0.00571853,0,0.00011399,5.2461e-19,0,0.00066762,0.00063227,0.00011578,0,4.48254e-5,0.002059
