Column 1,mu,sigma2,delta,beta.1,beta.2,beta.3,beta.4,beta.5,beta.6
,0.02988397,0.00702194,0,2.2515946,1.77972774,0.41035953,0.13880107,0,0
