Column 1,mu,sigma2,delta,beta.1,beta.2,beta.3,beta.4,beta.5,beta.6
,0.14817653,0.21691147,0,0.50373521,0.15237595,0.04807444,0.07529602,0,0
