Column 1,mu,sigma2,delta,beta.1,beta.2,beta.3,beta.4,beta.5,beta.6
,0.38991913,4.43512526,0,0.28177937,0.08036094,0.0107901,0.09817614,0,5.64917e-6
