Column 1,mu,sigma2,delta,beta.1,beta.2,beta.3,beta.4,beta.5,beta.6
,0.06158168,0.00859307,0,1.27238681,0.85534918,0.34630635,0.18051418,0,0
