Column 1,mu,sigma2,delta,beta.1,beta.2,beta.3,beta.4,beta.5,beta.6
,0.58093318,3.04196499,0,0.48102323,0.12381869,0.01360359,0.03729698,0,0
