Column 1,mu,sigma2,delta,beta.1,beta.2,beta.3,beta.4,beta.5,beta.6
,0.65903339,2.55236513,0,0.23415302,0.11184162,0.01225817,0.1079739,2.02918e-9,4.02348e-7
