Column 1,mu,sigma2,delta,beta.1,beta.2,beta.3,beta.4,beta.5,beta.6
,0.4430817,5.08198007,0,0.12677318,0.05645448,0.00688444,0.0627339,6.8534e-27,9.75443e-7
