Column 1,mu,sigma2,delta,beta.1,beta.2,beta.3,beta.4,beta.5,beta.6
,0.13470603,6.41033382,0,0.21997711,0.0671836,0.00524945,0.16937379,1.77845e-9,3.5656e-7
