Column 1,mu,sigma2,delta,beta.1,beta.2,beta.3,beta.4,beta.5,beta.6
,0.3948604,1.92096939,0,0.28939215,0.13267452,0.0191682,0.14484823,9.43852e-9,3.26318e-6
