Column 1,mu,sigma2,delta,beta.1,beta.2,beta.3,beta.4,beta.5,beta.6
,0.03360646,0.00445793,0,2.08491864,1.62282577,0.56163296,0.24370633,0,0
