Column 1,mu,sigma2,delta,beta.1,beta.2,beta.3,beta.4,beta.5,beta.6
,0.1719937,0.19678253,0,0.5267864,0.1424574,0.05176995,0.07621961,3.0162e-22,5.9635e-22
