Column 1,mu,sigma2,delta,beta.1,beta.2,beta.3,beta.4,beta.5,beta.6
,0.57067133,3.53521416,0,0.26626565,0.05923543,0.01173632,0.09701587,0,0.00002576
