Column 1,mu,sigma2,delta,beta.1,beta.2,beta.3,beta.4,beta.5,beta.6
,1.99711261,6.89875109,0,0.18131266,0.05988939,0.00651412,0.07263952,0,0.00031287
