Column 1,mu,sigma2,delta,beta.1,beta.2,beta.3,beta.4,beta.5,beta.6
,0.0257938,0.00865165,0,2.07818044,1.9840569,0.65352911,0.0551208,0,0
