Column 1,mu,sigma2,delta,beta.1,beta.2,beta.3,beta.4,beta.5,beta.6
,0.02310249,0.0053218,0,1.96105539,1.6307794,0.68205988,0.26977714,0,0
