Column 1,mu,sigma2,delta,beta.1,beta.2,beta.3,beta.4,beta.5,beta.6
,0.95075847,5.56489825,0,0.1978216,0.04911717,0.00658901,0.09070399,0,4.62115e-7
