Column 1,mu,sigma2,delta,beta.1,beta.2,beta.3,beta.4,beta.5,beta.6
,0.03329774,0.00808659,0,1.73460876,0.97732473,0.28575385,0.17212058,0,0
