Column 1,mu,sigma2,delta,beta.1,beta.2,beta.3,beta.4,beta.5,beta.6
,0.0244462,0.00463856,0,2.18190072,1.74592586,0.59345821,0.19934251,0,0
