Column 1,mu,sigma2,delta,beta.1,beta.2,beta.3,beta.4,beta.5,beta.6
,0.22928842,0.22785941,0,0.59180129,0.18774632,0.0494116,0.08834647,0,0
