Column 1,mu,sigma2,delta,beta.1,beta.2,beta.3,beta.4,beta.5,beta.6
,-0.2221827,7.4921791,0,0.27637948,0.06814142,0.01039767,0.09364376,3.26558e-8,9.58756e-6
