"","beta.1","beta.2","beta.3","beta.4","sigma2","delta"
"1",55.1410197602067,3.10365204436879e-08,1.54779631867533e-07,0.132397738411368,115271.549629146,0.00114312267493659
