"","beta.1","beta.2","beta.3","beta.4","sigma2","delta"
"1",0.0645596846601777,2.71362797848862,2.71362797848862,2.71362797848862,0,9.73869116270466e-06
