beta.1,beta.2,beta.3,beta.4,sigma2,delta
5.673831656409607932e-02,3.284475441041762679e+03,3.465668710547882938e+02,2.766142549649694082e+00,2.749327160797599936e+04,1.231952283024357041e-15
