"","beta.1","beta.2","beta.3","beta.4","sigma2","delta"
"1",161.165477791405,7.06453397351302e-09,5.07716579568877e-06,0.0765047785542258,18474.4809499759,1.39868325100821e-09
