beta.1,beta.2,beta.3,beta.4,sigma2,delta,mu
2.2449,0.0077005,0.0014215,0.01058,5019.4,0,1.8042
