"","beta.1","beta.2","beta.3","beta.4","sigma2","delta"
"1",50.501136206708,5.43605979587356e-10,0.000182932523184175,0.0628392473715162,124030.271568397,0
