"","beta.1","beta.2","beta.3","beta.4","sigma2","delta"
"1",8.50396897839686,1e-10,0.00997881488974436,0.136454421468943,1696.97109716338,0
