"","beta.1","beta.2","beta.3","beta.4","sigma2","delta"
"1",34.4843215075207,9.2227298271376e-10,0.166188622595501,0.157197475520027,5129.70562946051,8.37634231846811e-08
