"","beta.1","beta.2","beta.3","beta.4","sigma2","delta"
"1",133.998259321519,4.74307460097763e-08,2.66466948244201e-06,0.0515682432728441,29855.3258821507,4.59117461524869e-08
