"","beta.1","beta.2","beta.3","beta.4","sigma2","delta"
"1",78.4532149821292,-0.0281652452187778,1.81264481285887,-31.84351169629,39.7469764302729,0
