"","beta.1","beta.2","beta.3","beta.4","sigma2","delta"
"1",46.8463593074019,1.71486189586949e-14,0.000564838380676235,0.104361847808411,89624.7312983157,1.42436550457162e-07
