beta.1,beta.2,beta.3,beta.4,sigma2,delta
6.447842984182758919e-01,1.000000000000000048e-04,3.537758026743677980e-02,1.018358707638121648e-02,1.440840748505727388e+05,2.220446049250313081e-15
