beta.1,beta.2,beta.3,beta.4,sigma2,delta
7.351876458531692027e-02,1.374465872316621358e+02,2.269608049075683311e+02,1.255417031516880222e+00,7.307842836370830810e+03,1.231952283024357041e-15
