"","beta.1","beta.2","beta.3","beta.4","sigma2","delta"
"1",47.1643768473935,1.14538602927048e-14,0.000579732295850499,0.111081623104532,81225.0405808457,0
