"","beta.1","beta.2","beta.3","beta.4","sigma2","delta"
"1",94.7122482473269,2.85911545285265e-05,9.51754074555369e-06,0.321212490576804,6580.54583790384,0
