"","beta.1","beta.2","beta.3","beta.4","sigma2","delta"
"1",68.5836788402179,1.93405131539479e-07,6.13697706797853e-07,0.205488048165977,25007.2525848531,6.21846906714324e-08
