"","beta.1","beta.2","beta.3","beta.4","beta.5","beta.6","beta.7","beta.8","beta.9","beta.10","beta.11","beta.12","beta.13","beta.14","sigma2","delta"
"1",63.490148860367,34.6567139193289,-7.32251291863566,10.6326565271403,4.19236202434034,18.5343392629593,-6.8582439410409,-7.17443018255257,-10.3547492723146,-19.7359625962099,-41.5543252599679,3.33880191062374,-1.6191357536274,8.82812588943695,30.068447776741,0
