"","beta.1","beta.2","beta.3","beta.4","sigma2","delta"
"1",26.7997110701009,6.81908943784229e-10,0.0997841710321963,0.0832226668433239,32907.2867472102,1.41267621199613e-05
