beta.1,beta.2,beta.3,beta.4,sigma2,delta
1.093051021894324709e-01,3.211435440141375511e+04,3.673528248011422903e+01,2.360226775013899658e+00,1.994816362873554754e+05,1.231952283024357041e-15
