beta.1,beta.2,beta.3,beta.4,sigma2,delta,mu
2.8284,0.0055243,0.0021923,0.017538,3746.1,0,0.3125
