beta.1,beta.2,beta.3,beta.4,sigma2,delta
1.330832620592101279e+00,1.000000000000000048e-04,1.000000000000000048e-04,3.119899647270598098e-01,5.048215919121948900e+03,2.220446049250313081e-15
