"","beta.1","beta.2","beta.3","beta.4","sigma2","delta"
"1",0.0359986453078073,16,16,6.83907377312265,0,"1e-06"
