"","beta.1","beta.2","beta.3","beta.4","sigma2","delta"
"1",161.135516188946,7.08284700755859e-09,5.08598342113532e-06,0.0764927960179272,18480.5336841046,0
