"","beta.1","beta.2","beta.3","beta.4","sigma2","delta"
"1",0.0976499053361176,2.76494603133653,2.76494603133653,2.76494603133653,0,5.3549029166856e-07
