"","beta.1","beta.2","beta.3","beta.4","beta.5","beta.6","beta.7","beta.8","beta.9","beta.10","beta.11","beta.12","beta.13","beta.14","sigma2","delta"
"1",65.6617052394455,29.801163863029,8.12531518119666,-7.01143592871199,-3.14402053859019,7.22124804938014,-2.25312392660218,-0.480916209580546,-4.34100898713436,-30.4287260347453,-25.4417785512464,-1.30969648609637,-1.60166657637088,17.4914636179986,23.2409820122334,0
