"","beta.1","beta.2","beta.3","beta.4","sigma2","delta"
"1",5.01882586338376,0.00332729119591775,1e-10,0.0196095385782977,8706.46094638564,0
