"","beta.1","beta.2","beta.3","beta.4","sigma2","delta"
"1",4.0286219093237,3.90102344373726e-07,2.09555596736357e-05,0.0315703568365363,3929.10355334978,0
