"","beta.1","beta.2","beta.3","beta.4","beta.5","beta.6","beta.7","beta.8","beta.9","beta.10","beta.11","beta.12","beta.13","beta.14","sigma2","delta"
"1",67.0843281672321,25.0705902352172,-10.3904586007147,-7.41090304637007,10.8629944072606,1.67068545954024,6.46435106983408,-2.42590615198741,-4.1490346268825,-29.8279554975142,-27.4167487044373,6.48703374552854,3.39546916611644,9.20321560557925,20.2000487743628,0
