beta.1,beta.2,beta.3,beta.4,sigma2,delta
1.375847487962868210e-01,4.476882400201990095e+03,2.317358153170163693e+00,2.324577852268792544e+00,3.481843705449022673e+04,1.513476111622942281e-12
