"","beta.1","beta.2","beta.3","beta.4","sigma2","delta"
"1",0.0622736882195124,2.79603635854123,2.79603635854123,2.79603635854123,0,9.56509515351968e-07
