"","beta.1","beta.2","beta.3","beta.4","sigma2","delta"
"1",0.0545443117012588,2.83340212696097,2.83340212696097,2.83340212696097,0,1.73133123518821e-05
