"","beta.1","beta.2","beta.3","beta.4","sigma2","delta"
"1",78.2576397764892,1.63828997133302,-0.396933404250083,-31.0119223604138,37.6575126141722,0
