"","beta.1","beta.2","beta.3","beta.4","sigma2","delta"
"1",77.6321339999666,-1.00788271305537,1.18723167166757,-28.4381591279751,32.2931859486453,0
