beta.1,beta.2,beta.3,beta.4,sigma2,delta
8.112966589741412715e-01,3.861126785276743079e-02,1.000000000000000048e-04,2.760972680546436991e-02,6.848818212600056722e+04,2.220446049250313081e-15
