"","beta.1","beta.2","beta.3","beta.4","beta.5","beta.6","beta.7","beta.8","beta.9","beta.10","beta.11","beta.12","beta.13","beta.14","sigma2","delta"
"1",62.6857347393804,30.6880069942645,10.2528923324911,-5.62065539729356,-3.83896512786634,-10.3779448493788,6.60798742891234,-2.7614521941874,11.4833223200435,-28.1630707717022,-31.6183244373326,-3.94325782488786,-2.68265512755003,15.9506258020933,23.0601958927692,0
