"","beta.1","beta.2","beta.3","beta.4","sigma2","delta"
"1",34.1670400375227,7.12899888158194e-09,2.79245059118426e-07,0.0223130352414994,636258.181511706,0.00117495608865914
