"","beta.1","beta.2","beta.3","beta.4","sigma2","delta"
"1",79.4250314205408,1.35455329791846,0.896755264785971,-31.5382168035926,52.6724707379887,0
