"","beta.1","beta.2","beta.3","beta.4","sigma2","delta"
"1",46.0854655149372,2.2231971694922e-06,0.00183452873062544,0.131904614246806,14724.1676754773,7.55932807257289e-08
