"","beta.1","beta.2","beta.3","beta.4","sigma2","delta"
"1",1.97524743726359,1e-10,5.02798772079689e-07,0.00291381721845011,54537.9224968016,0
