beta.1,beta.2,beta.3,beta.4,sigma2,delta
4.836935682006318626e-01,1.860317662271396832e-01,4.528116356254462821e-02,5.772055107130287174e-03,5.282375608381994425e+03,2.220446049250313081e-15
