beta.1,beta.2,beta.3,beta.4,sigma2,delta
4.999036734819248817e-01,2.053525026457143931e-04,6.248190998861982010e-02,6.762046065333555261e-03,1.390729531523762562e+05,2.220446049250313081e-15
