beta.1,beta.2,beta.3,beta.4,sigma2,delta,mu
2,0.046822,0.01392,0.0092907,2181.6,0,1.0963
