beta.1,beta.2,beta.3,beta.4,sigma2,delta
1.184158130165394174e-01,3.405371592173604586e+04,1.332541461372088179e+03,4.371496457721267603e+00,3.653307413951422786e+05,1.856490764873392624e-03
