"","beta.1","beta.2","beta.3","beta.4","sigma2","delta"
"1",46.4591510085251,7.9320156097116e-08,1.88143148260498e-06,0.0647253602454644,36331.2887899139,7.62569782763373e-08
