beta.1,beta.2,beta.3,beta.4,sigma2,delta,mu
2,0.0060243,0.0013036,0.013524,5331.7,0,1.0344
