"","beta.1","beta.2","beta.3","beta.4","beta.5","beta.6","beta.7","beta.8","beta.9","beta.10","beta.11","beta.12","beta.13","beta.14","sigma2","delta"
"1",57.6721323129495,28.7806305368242,1.33787244054334,9.17505541438962,0.734847986063548,1.18165803319804,3.79027150648392,-6.68403244434915,-0.816777867433156,-26.7696844455595,-29.6040218582751,-3.85582452161542,1.66635297230248,11.8535790404036,23.8318060051307,0
