"","beta.1","beta.2","beta.3","beta.4","sigma2","delta"
"1",0.0461069668015518,16,16,5.1785808318956,0,"1e-06"
