"","beta.1","beta.2","beta.3","beta.4","sigma2","delta"
"1",0.0870861300917917,2.75228246792676,2.75228246792676,2.75228246792676,0,1.90329031086463e-06
