"","beta.1","beta.2","beta.3","beta.4","sigma2","delta"
"1",27.262071878351,3.43808080485912e-15,0.105477160589909,0.0969840276241113,28843.5687651529,0
