beta.1,beta.2,beta.3,beta.4,sigma2,delta,mu
1.5874,0.01392,0.078745,0.035077,2143.3,0,0.20356
