"","beta.1","beta.2","beta.3","beta.4","sigma2","delta"
"1",1.7890900545754,1e-10,1.77961053691988e-06,0.00421207816131109,34654.2933372387,0
