"","beta.1","beta.2","beta.3","beta.4","sigma2","delta"
"1",78.2245262751588,-0.380017839920533,0.773268860232582,-27.2322327351213,33.3136137698092,0
