"","beta.1","beta.2","beta.3","beta.4","beta.5","beta.6","beta.7","beta.8","sigma2","delta"
"1",1.92861445433917,0.532285040057579,0.322151496279051,1.73886641411912,2.13974256914342,2.17250959585852,3.14459311703564,3.33296875,0,0.00371498802749041
