"","beta.1","beta.2","beta.3","beta.4","beta.5","beta.6","beta.7","beta.8","beta.9","beta.10","beta.11","beta.12","beta.13","beta.14","beta.15","beta.16","beta.17","beta.18","beta.19","beta.20","beta.21","beta.22","beta.23","beta.24","beta.25","beta.26","beta.27","beta.28","beta.29","beta.30","beta.31","beta.32","beta.33","beta.34","beta.35","beta.36","beta.37","beta.38","beta.39","beta.40","beta.41","beta.42","beta.43","beta.44","sigma2","delta"
"1",0.104141351316842,0.0337835490107968,-1.45461487602942,0.180069117753274,1.00787056650108,-1.30092041312492,-0.147524840809455,0.0799564041164074,2.03061992292749,0.681657079694624,-0.169661892828515,0.101469005996486,-0.168476834646507,-0.127129186352958,0.20474428839838,-0.0246473669344153,0.162047633577685,-0.242289637262952,-0.0645862621233736,0.137850518492392,0.326146273728029,-0.0350036596574914,-0.072111329684178,-0.00479834327671909,-0.0920921893576775,-0.105795862404552,-0.14018765472061,0.341279821583286,-0.047830823984009,0.00701171907696408,-0.139430996604097,0.0277038275452414,0.0234732144441072,0.0522372080854836,-0.150713701883221,0.215669831419436,-0.0665607348142543,-0.00295467224353318,-0.131338002153202,-0.199356097571802,-0.0100211432225835,0.138295562497696,-0.129608362896719,0.0139554594495912,0.00105583373658455,0
