beta.1,beta.2,beta.3,beta.4,beta.5,beta.6,beta.7,beta.8,sigma2,delta
6.690287451340307889e+00,7.569287969192872723e-01,1.752350166463300996e+00,8.988824217229860025e+00,1.060090145604978140e+01,3.136693161394092400e+01,2.905012027927431362e+01,8.996175393018842215e+01,1.074909468287915004e+01,3.495042887192009221e-48
