"","beta.1","beta.2","beta.3","beta.4","beta.5","beta.6","beta.7","beta.8","sigma2","delta"
"1",0.146803865012082,2.97675014253095,1.0092512817952,0.068386650112893,0.0287103608552462,0.00550863858530629,0.00361102478377396,0.00121335031073373,0.24875551437362,0
