"","beta.1","beta.2","beta.3","beta.4","beta.5","beta.6","beta.7","beta.8","sigma2","delta"
"1",1.975,0.5393791919525,0.679959987115495,1.975,1.975,1.975,1.975,1.975,0.0554975329387296,0
