"","beta.1","beta.2","beta.3","beta.4","beta.5","beta.6","beta.7","beta.8","sigma2","delta"
"1",23.6613428975326,0.601105145901149,2.3366170466477,63.141750888226,64,64,64,64,0,"1e-06"
