"","beta.1","beta.2","beta.3","beta.4","beta.5","beta.6","beta.7","beta.8","sigma2","delta"
"1",1.975,0.679514826677053,0.687014962231044,1.975,1.975,1.975,1.975,1.975,0.0391875225878784,3.91875231766615e-10
