"","beta.1","beta.2","beta.3","beta.4","beta.5","beta.6","beta.7","beta.8","sigma2","delta"
"1",1.975,0.562207710568507,0.684489905838842,1.975,1.975,1.975,1.975,1.975,0.0582323136147047,5.82323144896312e-10
