"","beta.1","beta.2","beta.3","beta.4","beta.5","beta.6","beta.7","beta.8","sigma2","delta"
"1",1.975,0.53778256830789,0.622862081034566,1.975,1.975,1.975,1.975,1.975,0.0600332942588421,6.00332951608279e-10
