"","beta.1","beta.2","beta.3","beta.4","beta.5","beta.6","beta.7","beta.8","sigma2","delta"
"1",21.8203757880572,0.524692210840266,1.92586907938383,55.8938525149364,64,64,64,64,0,"1e-06"
