"","beta.1","beta.2","beta.3","beta.4","beta.5","beta.6","beta.7","beta.8","beta.9","beta.10","beta.11","beta.12","beta.13","beta.14","beta.15","beta.16","beta.17","beta.18","beta.19","beta.20","beta.21","beta.22","beta.23","beta.24","beta.25","beta.26","beta.27","beta.28","beta.29","beta.30","beta.31","beta.32","beta.33","beta.34","beta.35","beta.36","beta.37","beta.38","beta.39","beta.40","beta.41","beta.42","beta.43","beta.44","sigma2","delta"
"1",-0.287432880770711,0.163980556547958,-1.29344789711886,0.0779476983120802,0.911090537494963,-1.50880014089083,-0.0333720863058421,0.0647269556171285,1.85490342863023,0.417479372896703,-0.0489150824569681,-0.118388217495609,-0.11846061609543,-0.032202639908099,0.204587640945377,0.0789351032972133,0.078356901933599,0.0647547835800714,-0.130308127924493,0.0157758581350212,0.0997892528193238,0.0766891889033661,0.131713659107896,-0.134422701029684,0.0759491107967603,-0.0595539993658492,0.0603512215754994,0.269691533378412,0.0835002168387635,0.146012135650505,0.0153965261204171,-0.0443599261752154,-0.202425258386568,0.0558777960918561,-0.162004011650133,0.00816356703132471,-0.0757821741446035,-0.00873507795315504,0.0860865820546827,0.0564590239945577,0.0906652717948483,-0.102630001604522,-0.00573139432232005,-0.0106340832737834,0.0010064544857649,0
