"","beta.1","beta.2","beta.3","beta.4","beta.5","beta.6","beta.7","beta.8","sigma2","delta"
"1",1.85843015045051,0.374565351156795,0.604023576081007,1.975,1.975,1.975,1.975,1.975,0.0959571496939924,9.59571511357255e-10
