beta.1,beta.2,beta.3,beta.4,beta.5,beta.6,beta.7,beta.8,sigma2,delta
2.629429266707710511e+01,3.930202402503340409e+00,8.464348992342783262e+00,1.689814968815707061e+02,2.163074015495697608e+02,2.561424559387319277e+02,4.106042957784320038e+02,7.812705351421956266e+02,4.283312315871263536e+02,4.265632580921473736e-05
