"","beta.1","beta.2","beta.3","beta.4","beta.5","beta.6","beta.7","beta.8","sigma2","delta"
"1",0.0664719056381064,0.651320198598128,0.252532487623699,0.00956947009426886,0.00566735131450396,0.00264909528345724,0.00146857319901915,0.00062698129270037,1.00075682216942,0
