"","beta.1","beta.2","beta.3","beta.4","beta.5","beta.6","beta.7","beta.8","sigma2","delta"
"1",2.91379968637953,0.200499703425675,0.430068477877706,3.04760217319649,3.28402530430338,3.39765625,3.39765625,3.39765625,0,0.00101412565467125
