beta.1,beta.2,beta.3,beta.4,beta.5,beta.6,beta.7,beta.8,sigma2,delta
1.592212210518333961e+02,3.162723709320451349e+01,4.924850124634731685e+01,7.894588306508163669e+02,8.918647777807840384e+02,1.191166027813366100e+03,1.703531428643125764e+03,3.155951711185238310e+03,3.750191145355344361e+03,5.562684646268136855e-309
