"","beta.1","beta.2","beta.3","beta.4","beta.5","beta.6","beta.7","beta.8","sigma2","delta"
"1",-0.00608809865501229,-0.228442575915138,0.272178641744776,0.223249941368505,0.233724326492281,0.231644648807066,0.107772914229429,0.165155227823536,0.0178835551224656,0
