"","beta.1","beta.2","beta.3","beta.4","beta.5","beta.6","beta.7","beta.8","sigma2","delta"
"1",0.00325595370754772,0.484769436676679,0.0752949702907701,0.0018429891660587,0.000577639660733357,3.70639338257191e-05,2.55502657149717e-05,4.83546457147319e-06,127.673937559003,1.49449924308309e-07
