"","beta.1","beta.2","beta.3","beta.4","beta.5","beta.6","beta.7","beta.8","sigma2","delta"
"1",0.0574403799836495,0.658017116333579,0.282060207903656,0.00698280633956175,0.0060690193886252,0.00306773074415801,0.00182081667181768,0.000471968223499992,0.787231325705757,0
