"","beta.1","beta.2","beta.3","beta.4","beta.5","beta.6","beta.7","beta.8","sigma2","delta"
"1",0.00959166062893572,0.652409455016069,0.130313591263184,0.00353718840438197,0.00275091138427702,0.00389115972379196,0.000908314439815348,1.82910708625983e-05,22.3979818429012,0
