"","beta.1","beta.2","beta.3","beta.4","beta.5","beta.6","beta.7","beta.8","sigma2","delta"
"1",0.017793185233927,1.07341607477816,0.196794514814614,0.0123800696697126,0.00721258103084446,0.00177267214564931,0.00121148772075025,0.000344971169137637,7.38988074578704,0
