"","beta.1","beta.2","beta.3","beta.4","beta.5","beta.6","beta.7","beta.8","sigma2","delta"
"1",1.975,0.361319773664247,0.585879915006073,1.975,1.975,1.975,1.975,1.975,0.0690750559886002,0
