"","beta.1","beta.2","beta.3","beta.4","beta.5","beta.6","beta.7","beta.8","beta.9","beta.10","beta.11","beta.12","beta.13","beta.14","beta.15","beta.16","beta.17","beta.18","beta.19","beta.20","beta.21","beta.22","beta.23","beta.24","beta.25","beta.26","beta.27","beta.28","beta.29","beta.30","beta.31","beta.32","beta.33","beta.34","beta.35","beta.36","beta.37","beta.38","beta.39","beta.40","beta.41","beta.42","beta.43","beta.44","sigma2","delta"
"1",-0.261142673645825,0.102524083309083,-1.13117551424621,0.159618371285973,0.921532444041537,-0.999132872024796,0.118173429252171,-0.113102237391869,1.56829604603994,0.232896294047704,0.0450901173711649,0.07529008116412,-0.243255132439597,0.053657184816271,0.410084696265899,0.00158406750523115,0.0661380888969585,-0.101340848458226,-0.0790845503551088,-0.0453925787468021,0.536419134425786,0.00157753984869269,0.0238021054926503,-0.177763886023534,-0.041627387598786,-0.000881813410313931,-0.138359996796505,0.3839264865937,-0.0662023801568081,-0.177532895457174,0.0237948249318448,0.0229296513405115,-0.116682185896185,-0.202967867816826,-0.0509435885477063,0.0739769171678091,-0.00167691656728814,0.0387775791636793,-0.0714393880782552,0.0797190370270138,-0.039583561526932,-0.146083622740343,0.00886756537468365,0.0429803082474694,0.00090974453258749,0
