"","beta.1","beta.2","beta.3","beta.4","beta.5","beta.6","beta.7","beta.8","sigma2","delta"
"1",0.00833710678242839,0.795385765226943,0.179425152183608,0.00395852182674864,0.00901730343906427,0.000251703331795653,0.000108848464422739,2.77442760820141e-05,11.1692205961046,9.8777074283698e-06
