beta.1,beta.2,beta.3,beta.4,beta.5,beta.6,beta.7,beta.8,sigma2,delta
9.203684821907785363e+00,8.858992241060483774e-01,2.119809371903573325e+00,1.409435418608188861e+01,1.434967381239354012e+01,1.421008378944181061e+01,2.613000472366137572e+01,2.078070624193982496e+02,3.793629851308196521e+01,2.600147367965403547e-47
