"","beta.1","beta.2","beta.3","beta.4","beta.5","beta.6","beta.7","beta.8","sigma2","delta"
"1",0.0829653545795231,0.639512719966322,0.331717566182293,0.0125346614550535,0.011198957271699,0.00539110513945505,0.00249287108870223,0.000592300369539767,0.807776729138051,0
