beta.1,beta.2,beta.3,beta.4,beta.5,beta.6,beta.7,beta.8,sigma2,delta
2.025368622811604169e+01,3.507460264025107577e+00,7.549672748883554441e+00,2.280825378634456868e+01,6.822795082387290222e+01,1.765749991566077028e+02,3.445449672320793866e+02,3.918110858978222382e+02,2.476387859970950558e+02,4.718765523584579802e-06
