"","beta.1","beta.2","beta.3","beta.4","beta.5","beta.6","beta.7","beta.8","sigma2","delta"
"1",1.5635504179421,0.496037284733443,0.409872720461675,2.09308678394661,2.76661891440834,3.39078125,2.35476783182085,3.39078125,0,0.00188650094325418
