"","beta.1","beta.2","beta.3","beta.4","beta.5","beta.6","beta.7","beta.8","sigma2","delta"
"1",1.85780859503248,0.374555728382846,0.60402089457452,1.975,1.975,1.975,1.975,1.975,0.0959426436422563,0
