"","beta.1","beta.2","beta.3","beta.4","beta.5","beta.6","beta.7","beta.8","sigma2","delta"
"1",1.975,0.540774369250671,0.707244942345818,1.975,1.975,1.975,1.975,1.975,0.0463630494249321,0
