"","beta.1","beta.2","beta.3","beta.4","beta.5","beta.6","beta.7","beta.8","sigma2","delta"
"1",1.975,0.685112438373336,0.704724666796011,1.975,1.975,1.975,1.975,1.975,0.0400888214522234,4.00888220545483e-10
