"","beta.1","beta.2","beta.3","beta.4","beta.5","beta.6","beta.7","beta.8","sigma2","delta"
"1",1.975,0.348516625951517,0.562083718643079,1.975,1.975,1.975,1.975,1.975,0.0956787356308434,9.56787370683934e-10
