"","beta.1","beta.2","beta.3","beta.4","beta.5","beta.6","beta.7","beta.8","sigma2","delta"
"1",0.00529871047465764,0.642310140715606,0.10994039194671,0.00408953741779964,0.0033933834176294,0.00240079743022915,0.000447713223272453,3.13892269264359e-05,44.8440990930846,0
