"","beta.1","beta.2","beta.3","beta.4","beta.5","beta.6","beta.7","beta.8","sigma2","delta"
"1",1.975,0.682523382930722,0.623039098688787,1.975,1.975,1.975,1.975,1.975,0.042961204048047,0
