"","beta.1","beta.2","beta.3","beta.4","beta.5","beta.6","beta.7","beta.8","sigma2","delta"
"1",-0.00593460141584985,-0.183391925199878,0.300364381571974,0.276863962217345,0.197127616637907,0.0373084605998596,0.108297743807243,0.116182703055499,0.023037045150704,0
