"","beta.1","beta.2","beta.3","beta.4","beta.5","beta.6","beta.7","beta.8","sigma2","delta"
"1",1.82035650343956,0.540735955940818,0.684718874572508,1.975,1.975,1.975,1.975,1.975,0.0547153744535677,0
