"","beta.1","beta.2","beta.3","beta.4","beta.5","beta.6","beta.7","beta.8","sigma2","delta"
"1",0.0601427950060918,0.709421743442142,0.304121865292227,0.008963706661096,0.00533104642108488,0.00345442377824287,0.00132992377820279,0.000563263789651455,1.1089658768337,0
