"","beta.1","beta.2","beta.3","beta.4","beta.5","beta.6","beta.7","beta.8","sigma2","delta"
"1",1.975,0.685154151593546,0.704731561695803,1.975,1.975,1.975,1.975,1.975,0.0400902499867124,0
