"","beta.1","beta.2","beta.3","beta.4","beta.5","beta.6","beta.7","beta.8","sigma2","delta"
"1",-0.0421901202101996,-0.142238435305188,0.287472968612576,0.0618045867212689,0.285763453081656,0.075459713082857,0.112010332645628,0.0309729562436253,0.022019660710445,0
