beta.1,beta.2,beta.3,beta.4,beta.5,beta.6,beta.7,beta.8,sigma2,delta
2.003044882874352339e+01,2.766963027564494748e+00,5.292227064816601434e+00,5.777518539668122344e+01,4.591861647575217376e+01,2.308159648827233923e+01,2.162387509514841781e+02,2.653000392114518604e+02,1.107490319137185821e+02,6.090783397697052224e-109
