beta.1,beta.2,beta.3,beta.4,beta.5,beta.6,beta.7,beta.8,sigma2,delta
9.561113495779348881e+00,9.042115655722544609e-01,2.234799147204556302e+00,1.059587094353070924e+01,1.746805792112494160e+01,6.799643307442880769e+01,1.242747293782971809e+02,1.554369951191520158e+02,5.166180671909409483e+01,1.149601665521733731e-05
