"","beta.1","beta.2","beta.3","beta.4","beta.5","beta.6","beta.7","beta.8","sigma2","delta"
"1",1.975,0.659378277568799,0.687416344658861,1.975,1.975,1.975,1.975,1.975,0.0392478779888688,3.92478785785587e-10
