"","beta.1","beta.2","beta.3","beta.4","beta.5","beta.6","beta.7","beta.8","sigma2","delta"
"1",0.044662367344438,0.934362059876654,0.117475822217789,0.0027622420095797,0.00115857303770024,0.000117401446408376,0.00101309576567423,0.000192775077596467,10.1842517942264,0.000199251603616577
