"","beta.1","beta.2","beta.3","beta.4","beta.5","beta.6","beta.7","beta.8","beta.9","beta.10","beta.11","beta.12","beta.13","beta.14","beta.15","beta.16","beta.17","beta.18","beta.19","beta.20","beta.21","beta.22","beta.23","beta.24","beta.25","beta.26","beta.27","beta.28","beta.29","beta.30","beta.31","beta.32","beta.33","beta.34","beta.35","beta.36","beta.37","beta.38","beta.39","beta.40","beta.41","beta.42","beta.43","beta.44","sigma2","delta"
"1",-0.297382581934938,0.0308607370504849,-1.29233193691881,0.122148895257406,0.953361453201945,-1.20020856939961,0.177911687965368,0.0324267848118474,1.84307208652477,0.479686692121134,0.133963492032605,-0.0293114032807553,-0.161120242816864,-0.0108378136967981,0.39441782934288,-0.0860784391950314,0.0458383497605242,-0.164644573717421,-0.255124293507048,0.0879269184903841,0.128407990459963,-0.0325355534893526,-0.0167796859256444,-0.0449848174699866,-0.094815663289207,0.0168338003404088,-0.0100487657890587,0.127370517648894,-0.0586890943964404,0.0407950374748905,-0.193817801257061,-0.08810051038616,-0.132620085997319,-0.00529593246308843,0.133704122767792,-0.155654031577518,0.284529805003834,0.0986019684560108,-0.210061432291378,0.0453921886327237,0.0290533348995123,0.227271353769352,0.17592813307914,-0.157334099721008,0.0010795819953321,0
