"","beta.1","beta.2","beta.3","beta.4","beta.5","beta.6","beta.7","beta.8","sigma2","delta"
"1",1.975,0.679521946634692,0.687018637356944,1.975,1.975,1.975,1.975,1.975,0.0391878412630073,0
