"","beta.1","beta.2","beta.3","beta.4","beta.5","beta.6","beta.7","beta.8","sigma2","delta"
"1",0.00425151622462662,0.555902814420141,0.086626250718035,0.00458845382751125,0.00150547219267462,8.6266475474979e-05,2.48204280508317e-05,1.86155127151342e-05,69.6339893603519,1.42503224344609e-07
