"","beta.1","beta.2","beta.3","beta.4","beta.5","beta.6","beta.7","beta.8","sigma2","delta"
"1",1.975,0.682525454278894,0.623040037199485,1.975,1.975,1.975,1.975,1.975,0.04296129819072,4.29612988362032e-10
