"","beta.1","beta.2","beta.3","beta.4","beta.5","beta.6","beta.7","beta.8","sigma2","delta"
"1",1.975,0.537784096274525,0.622863384845117,1.975,1.975,1.975,1.975,1.975,0.0600335047819625,0
