beta.1,beta.2,beta.3,beta.4,beta.5,beta.6,beta.7,beta.8,sigma2,delta,mu
0.125,0.20306,0.082469,0.0041866,0.0025772,0.0015864,0.0012886,0.00011096,0.25814,0,3.5966
