"","beta.1","beta.2","beta.3","beta.4","beta.5","beta.6","beta.7","beta.8","beta.9","beta.10","beta.11","beta.12","beta.13","beta.14","beta.15","beta.16","beta.17","beta.18","beta.19","beta.20","beta.21","beta.22","beta.23","beta.24","beta.25","beta.26","beta.27","beta.28","beta.29","beta.30","beta.31","beta.32","beta.33","beta.34","beta.35","beta.36","beta.37","beta.38","beta.39","beta.40","beta.41","beta.42","beta.43","beta.44","sigma2","delta"
"1",-0.233408723073666,0.0986771078734075,-0.992463469378418,-0.0259528211460641,0.93432668650702,-1.2622994574012,0.233645937909275,-0.146942802265637,1.58396139873243,0.433538688876798,0.165680874643351,-0.0756590789571095,-0.00575663914468243,-0.104061867485317,0.456691013235235,0.0839838627974124,0.0154426925678331,-0.0571595451955943,-0.0768063613388544,-0.0980942383357479,0.284357463737012,-0.0749637667822794,-0.0471983404429,-0.0791958610040725,-0.082201076952331,-0.0396586788647885,0.00467109526145955,0.512004204383288,-0.0489466864172557,0.1112110579141,-0.0728323391866521,-0.0717041749179307,-0.167694797871051,-0.0362543553165577,-0.211449153974382,0.133438359863891,-0.0921443693791993,-0.0760701090418563,0.0529230126591907,-0.0462235336598621,-0.10811641128093,0.0670328424270826,-0.162466639726435,0.0652144841001126,0.000909252767148446,0
