beta.1,beta.2,beta.3,beta.4,beta.5,beta.6,beta.7,beta.8,sigma2,delta
8.420422946370248951e+01,1.812870539857226149e+01,2.502688093507307343e+01,2.829831046259436107e+02,4.326217660149530388e+02,4.688039725202324348e+02,7.667984373731943606e+02,1.080784314040446134e+03,9.259265620415701505e+02,1.922481969692330766e-11
