"","beta.1","beta.2","beta.3","beta.4","beta.5","beta.6","beta.7","beta.8","sigma2","delta"
"1",0.0158146318221499,-0.0944491951413229,0.286797692753237,0.155860199992114,0.208011392890897,0.167101177876736,0.204163062446794,0.0952161885787746,0.0261966336545326,0
