"","beta.1","beta.2","beta.3","beta.4","beta.5","beta.6","beta.7","beta.8","sigma2","delta"
"1",1.975,0.562206424630537,0.684488940751546,1.975,1.975,1.975,1.975,1.975,0.0582321755799723,0
