"","beta.1","beta.2","beta.3","beta.4","beta.5","beta.6","beta.7","beta.8","sigma2","delta"
"1",0.00984044715252283,0.806747627089742,0.160508907205963,0.00479489900369339,0.00439629060955003,0.00399034333806324,0.00120325467781624,3.08934308779904e-05,12.9028725978369,1.49555196547188e-12
