"","beta.1","beta.2","beta.3","beta.4","beta.5","beta.6","beta.7","beta.8","sigma2","delta"
"1",1.59995240777019,0.665894295305011,0.333465034980694,2.63977241620839,2.58746541217839,2.40352685489202,3.43649037713891,2.37033840626034,0,0.00528775996360809
