beta.1,beta.2,beta.3,beta.4,beta.5,beta.6,beta.7,beta.8,sigma2,delta,mu
0.094732,0.25,0.054409,0.0051543,0.013602,0.0012886,0.0011218,0.00018502,0.22901,0,3.1704
