"","beta.1","beta.2","beta.3","beta.4","beta.5","beta.6","beta.7","beta.8","sigma2","delta"
"1",29.1429869388874,0.498922194690601,1.80074452635888,52.7626682211969,59.1931029014066,64,64,64,0,"1e-06"
