beta.1,beta.2,beta.3,beta.4,beta.5,beta.6,beta.7,beta.8,sigma2,delta
2.336579149691899104e+01,3.645364916056926141e+00,7.265600193302199195e+00,1.262338622634631804e+02,1.336851827429537423e+02,2.767398131236913059e+02,3.293237023949870377e+02,7.731808809606004615e+02,4.312570191594919038e+02,4.785953976285297468e-05
