beta.1,beta.2,beta.3,beta.4,beta.5,beta.6,beta.7,beta.8,sigma2,delta,mu
0.15389,0.15389,0.058315,0.0024046,0.0015864,0.00091117,0.0010467,0.00013083,0.4435,0,4.8177
