beta.1,beta.2,beta.3,beta.4,beta.5,beta.6,beta.7,beta.8,sigma2,delta
1.333363618032399067e+01,1.069124548287445187e+00,2.784284551271271724e+00,2.172283564209359952e+01,2.961488286849312246e+01,1.469408794178177686e+02,1.839136384881686581e+02,4.139392955857744028e+02,2.183533549339789488e+02,1.861331260438599348e-05
