"","beta.1","beta.2","beta.3","beta.4","beta.5","beta.6","beta.7","beta.8","sigma2","delta"
"1",0.0156554767198269,0.677074354655306,0.187567036140485,0.0269975748649811,0.00124430712667964,0.000121114077008697,3.14471631864979e-05,0.000960334912017153,18.6802138713748,5.17806111057677e-05
