"","beta.1","beta.2","beta.3","beta.4","beta.5","beta.6","beta.7","beta.8","sigma2","delta"
"1",1.82022157634768,0.540745069082922,0.684714875222689,1.975,1.975,1.975,1.975,1.975,0.054714431541483,5.47144323635542e-10
