beta.1,beta.2,beta.3,beta.4,beta.5,beta.6,beta.7,beta.8,sigma2,delta,mu
0.125,0.17678,0.43528,0.022097,0.0059208,0.0096183,0.00097656,0.00026166,0.10091,0,0.75697
