"","beta.1","beta.2","beta.3","beta.4","beta.5","beta.6","beta.7","beta.8","sigma2","delta"
"1",23.5603409846868,0.54711050436678,2.09206211275516,46.6372025507474,64,64,64,64,0,"1e-06"
