"","beta.1","beta.2","beta.3","beta.4","beta.5","beta.6","beta.7","beta.8","sigma2","delta"
"1",1.975,0.348516477521871,0.562082544577015,1.975,1.975,1.975,1.975,1.975,0.0956785821903247,0
