"","beta.1","beta.2","beta.3","beta.4","beta.5","beta.6","beta.7","beta.8","sigma2","delta"
"1",0.00342770775933898,0.534290721690731,0.085312097107612,0.000113250268469085,0.000101584015297813,2.12238604020582e-05,2.86805298734554e-05,0.000162569379652899,121.242534500849,4.58855620265862e-05
