"","beta.1","beta.2","beta.3","beta.4","beta.5","beta.6","beta.7","beta.8","sigma2","delta"
"1",1.84916683821417,0.354346034016002,0.594623757318979,1.975,1.975,1.975,1.975,1.975,0.0853234703139503,8.53234715959149e-10
