beta.1,beta.2,beta.3,beta.4,beta.5,beta.6,beta.7,beta.8,sigma2,delta
1.078582218627622353e+02,2.178494938155797556e+01,3.268086828368039676e+01,4.696524334795209938e+02,4.639396002526765415e+02,8.011846403216778754e+02,9.406390474682783633e+02,2.244559478395228780e+03,1.795587875391980333e+03,5.230566686209159312e-12
