beta.1,beta.2,beta.3,beta.4,beta.5,beta.6,beta.7,beta.8,sigma2,delta,mu
0.17678,0.17076,0.054409,0.0030648,0.0020933,0.00082119,0.00037005,0.0001,0.33641,0,4.0739
