"","beta.1","beta.2","beta.3","beta.4","beta.5","beta.6","beta.7","beta.8","sigma2","delta"
"1",1.975,0.661104172199748,0.721734673218458,1.975,1.975,1.975,1.975,1.975,0.0332627175057961,3.32627180055604e-10
