"","beta.1","beta.2","beta.3","beta.4","beta.5","beta.6","beta.7","beta.8","sigma2","delta"
"1",2.91516445825522,0.205534430910328,0.395819849806724,2.65290273108304,3.42875,3.42875,3.42875,3.42875,0,0.00163776057247972
