"","beta.1","beta.2","beta.3","beta.4","beta.5","beta.6","beta.7","beta.8","sigma2","delta"
"1",1.97427737453832,0.377966388266233,0.600285252477023,1.975,1.975,1.975,1.975,1.975,0.100888024602036,0
