"","beta.1","beta.2","beta.3","beta.4","beta.5","beta.6","beta.7","beta.8","sigma2","delta"
"1",1.97369264654933,0.37796226605212,0.600316569820561,1.975,1.975,1.975,1.975,1.975,0.100881091007955,1.00881092523669e-09
