beta.1,beta.2,beta.3,beta.4,beta.5,beta.6,beta.7,beta.8,sigma2,delta
8.680338322982267485e+00,7.989884132490058244e-01,1.842203639722916897e+00,1.018183651203980844e+01,1.209617266774919031e+01,1.237958321031945097e+01,3.104056700767273114e+01,1.079739570037918384e+02,2.486476921540370455e+01,2.614394843636693006e-06
