"","beta.1","beta.2","beta.3","beta.4","beta.5","beta.6","beta.7","beta.8","sigma2","delta"
"1",0.00636265011409252,0.772491208071231,0.144676497064813,0.0053981860061874,0.00383731973240792,0.00336417492234865,0.000524154910620091,4.31701810936475e-05,23.7749410129447,8.08113509683641e-08
