"","beta.1","beta.2","beta.3","beta.4","beta.5","beta.6","beta.7","beta.8","sigma2","delta"
"1",0.0387205679971906,1.67155141189696,0.424217037219559,0.116352686697928,0.0076321969669642,0.0203099045048457,0.00879779566358396,0.00182511912824677,0.825256534158124,1.50289997204793e-06
