"","beta.1","beta.2","beta.3","beta.4","beta.5","beta.6","beta.7","beta.8","sigma2","delta"
"1",1.975,0.36131974080436,0.585879615664835,1.975,1.975,1.975,1.975,1.975,0.0690749917575491,6.90749927953843e-10
