beta.1,beta.2,beta.3,beta.4,beta.5,beta.6,beta.7,beta.8,sigma2,delta
7.562791634946093211e+01,1.824248877748564013e+01,2.607445743108359437e+01,3.214293410868394858e+02,3.642733288283925503e+02,3.707328704791930818e+02,6.162579992889324103e+02,1.155033322402287922e+03,7.694270854016141357e+02,2.577256849553505525e-248
