"","beta.1","beta.2","beta.3","beta.4","beta.5","beta.6","beta.7","beta.8","sigma2","delta"
"1",0.0726367489021358,0.590036496177228,0.241920679969633,0.00637125237584981,0.00488317583004154,0.00226904350852132,0.0014908791088672,0.00029386529743698,1.20122645691953,0
