"","beta.1","beta.2","beta.3","beta.4","beta.5","beta.6","beta.7","beta.8","sigma2","delta"
"1",0.00583352222064736,0.681610668070136,0.0958977966227328,0.00499571826458351,0.00365249087037654,0.00069338497804154,0.00385792058724529,5.60938417647569e-05,27.8743548228438,0
