"","beta.1","beta.2","beta.3","beta.4","beta.5","beta.6","beta.7","beta.8","sigma2","delta"
"1",1.975,0.539381877039244,0.679960029655757,1.975,1.975,1.975,1.975,1.975,0.0554977237839672,5.54977246178071e-10
