"","beta.1","beta.2","beta.3","beta.4","beta.5","beta.6","beta.7","beta.8","sigma2","delta"
"1",1.975,0.661104441919061,0.721736560466999,1.975,1.975,1.975,1.975,1.975,0.0332627679542745,0
