"","beta.1","beta.2","beta.3","beta.4","beta.5","beta.6","beta.7","beta.8","sigma2","delta"
"1",-0.000225078675870786,-0.231936751849224,0.330191730516044,0.203384792671216,0.257905728713819,0.126270556196733,0.198516556758783,-0.041461196061154,0.0217009376238395,0
