"","beta.1","beta.2","beta.3","beta.4","beta.5","beta.6","beta.7","beta.8","sigma2","delta"
"1",23.1269003381234,0.54417371830688,2.16103634556563,36.4875165457468,64,64,64,64,0,"1e-06"
