beta.1,beta.2,beta.3,beta.4,beta.5,beta.6,beta.7,beta.8,sigma2,delta
8.219502234814805774e+01,1.903001592737756198e+01,3.060304691265184118e+01,3.516761169706440455e+02,4.573543689957859328e+02,6.135836374069698422e+02,8.370340974691742986e+02,1.156843202317474834e+03,1.122598997358285715e+03,5.562684646268136855e-309
