"","beta.1","beta.2","beta.3","beta.4","beta.5","beta.6","beta.7","beta.8","sigma2","delta"
"1",1.975,0.54077493947549,0.707244165495027,1.975,1.975,1.975,1.975,1.975,0.046363046067823,4.63630467644166e-10
