beta.1,beta.2,beta.3,beta.4,beta.5,beta.6,beta.7,beta.8,sigma2,delta
1.336018477602680221e+01,2.681147607426111357e+00,5.026793617217848897e+00,3.427863338557375528e+01,2.086874523114028790e+01,3.424531232213689691e+01,9.324550165470128604e+01,2.826435303084444968e+02,5.344366909052597236e+01,8.731829982253113245e-67
