"","beta.1","beta.2","beta.3","beta.4","beta.5","beta.6","beta.7","beta.8","sigma2","delta"
"1",0.0115962154475455,0.906393737455732,0.179577772233062,0.0086299693283265,0.00575963793842594,0.000572504430845804,0.000644298236766136,6.91335980303953e-05,7.77951789029512,0
