beta.1,sigma2,delta
1.931780082942816390e-01,1.618704923177112232e-01,1.259468846948292068e-10
