"","beta.1","sigma2","delta"
"1",-3.320932051503,0.103615744235262,0
