"","beta.1","sigma2","delta"
"1",12.7398891735641,0.139665938261853,0
