"","beta.1","sigma2","delta"
"1",0.199851426057821,0.125841012857455,1.25841014748186e-09
