"","beta.1","sigma2","delta"
"1",0.606281180335167,0.104965273113517,0
