"","beta.1","sigma2","delta"
"1",0.183752463092757,0.139970715507635,1.39970717610662e-09
