"","beta.1","sigma2","delta"
"1",0.162402171826923,0.0982874666086895,0.00960965841135079
