"","beta.1","sigma2","delta"
"1",1e-10,0.0194188811655598,0.110133795135196
