beta.1,sigma2,delta
7.354273017642303130e-03,8.061757014685301537e-02,6.478685495321256926e-02
