beta.1,sigma2,delta
3.014375356056523403e-01,2.016213825871083776e-01,6.504590336548538062e-09
