"","beta.1","sigma2","delta"
"1",15.8573496279647,0.132671593287815,0
