"","beta.1","sigma2","delta"
"1",0.158951326559268,0.152475674238424,0
