beta.1,sigma2,delta
1.305282018975004177e-01,1.070068556427489354e-01,6.334288717926792291e-09
