"","beta.1","sigma2","delta"
"1",1.98335169032032,3.24371735966421,2.6944204691673e-09
