"","beta.1","sigma2","delta"
"1",94.4729223516508,0.134990476942882,0
