"","beta.1","sigma2","delta"
"1",0.310399465935123,0.0322479528165706,0.10137124153218
