"","beta.1","sigma2","delta"
"1",22.913245326678,0.120913666844631,0
