beta.1,sigma2,delta
1.714263138907410611e-01,9.521361887306584171e-02,1.467442312348669203e-02
