beta.1,sigma2,delta
3.024190954578061530e-01,2.288432846604894211e-01,1.553410222765576260e-11
