"","beta.1","sigma2","delta"
"1",0.196964153704653,0.134287223935387,0
