"","beta.1","sigma2","delta"
"1",0.153850407566885,0.143512354897511,0
