"","beta.1","sigma2","delta"
"1",0.00327862510101496,0.076559327349819,0.0688447316601017
