beta.1,sigma2,delta
4.585399567262966047e-01,2.359934933253290124e-01,1.105651108730148829e-03
