"","beta.1","sigma2","delta"
"1",0.228522236949757,0.149702824804615,0.0196721951211972
