"","beta.1","sigma2","delta"
"1",0.931586134448359,0,0.165252241899077
