beta.1,sigma2,delta
1.030376321331412902e-02,9.080644235132009912e-03,1.204727792184184798e-01
