"","beta.1","sigma2","delta"
"1",3.07853165259967,0.0419078469921728,0
