"","beta.1","sigma2","delta"
"1",14.3560964246741,0.130711410494193,0
