"","beta.1","sigma2","delta"
"1",1.1844264263546,0.0414623024876013,0
