"","beta.1","sigma2","delta"
"1",0.146180324724176,0.106367409687001,0
