"","beta.1","sigma2","delta"
"1",0.104883454882633,0.112245437550994,1.12245439237455e-09
