"","beta.1","sigma2","delta"
"1",0.158038067258878,0.124704382698723,0
