beta.1,sigma2,delta
1.890188858133374505e-01,1.544689678419600698e-01,2.046794132167637667e-11
