"","beta.1","sigma2","delta"
"1",1.15770202023221,0.0514298661740598,0
