"","beta.1","sigma2","delta"
"1",1.68773262163875,4.48882655826954,0
