"","beta.1","sigma2","delta"
"1",-1.69257777221111,0.0890641643088173,0
