"","beta.1","sigma2","delta"
"1",14.8082698313329,0.139970507399168,0
