"","beta.1","sigma2","delta"
"1",294387859.612692,0.0990929778861137,0
