"","beta.1","sigma2","delta"
"1",0.203787531136007,0.12594138263638,1.25941384528619e-09
