"","beta.1","sigma2","delta"
"1",33.2775666461944,0.104301961768331,0
