"","beta.1","sigma2","delta"
"1",14.2555324036066,0.15148556192551,2.08597922210994e-12
