"","beta.1","sigma2","delta"
"1",0.0958853667579564,0.136268227571074,0
