"","beta.1","sigma2","delta"
"1",19.6970200016217,0.148105563050646,3.17644010053165e-11
