beta.1,sigma2,delta
1.769365750120333869e-01,1.373947733592835452e-01,6.505669204323712357e-05
