"","beta.1","sigma2","delta"
"1",0.247553878233352,0.145226203913961,0
