"","beta.1","sigma2","delta"
"1",17.9793319376278,0.150210182066019,0
