"","beta.1","sigma2","delta"
"1",0.159320108241326,0.148097083304257,0
