"","beta.1","sigma2","delta"
"1",0.143975951534738,0.123471142963831,0
