"","beta.1","sigma2","delta"
"1",2.80278268468547,0.0984796224358916,0
