"","beta.1","sigma2","delta"
"1",0.19080928221047,0.137211273372189,0
