"","beta.1","sigma2","delta"
"1",0.252806128334424,0.136118779047238,0.0111685608990455
