"","beta.1","sigma2","delta"
"1",0.417023441946068,0.195931874262737,0
