beta.1,sigma2,delta
1.000000000000000000e+00,-1.234000000000000000e+03,1.000000000000000036e-10
