"","beta.1","sigma2","delta"
"1",0.162575767792144,0.132844519723976,0
