beta.1,sigma2,delta
4.056505710180688951e-01,2.729205923936298683e-01,1.548196033358034135e-13
