"","beta.1","sigma2","delta"
"1",15.6827179497388,0.21945994221264,0
