"","beta.1","sigma2","delta"
"1",0.113020528677138,0.131280879781363,0
