"","beta.1","sigma2","delta"
"1",0.191698503127036,0.158854899137682,0
