"","beta.1","sigma2","delta"
"1",0.184730861152424,0.150946858592117,0
