"","beta.1","sigma2","delta"
"1",0.199612971643203,0.128485275095502,1.28485277025962e-09
