"","beta.1","sigma2","delta"
"1",0.126422335166266,0.106337156027898,0
