"","beta.1","sigma2","delta"
"1",54.3780298195597,0.13627176878632,0
