"","beta.1","sigma2","delta"
"1",0.28297897478628,0.168721991726414,0
