"","beta.1","sigma2","delta"
"1",15.6832393034839,0.219453767729387,8.43946985409588e-11
