"","beta.1","sigma2","delta"
"1",7420.36207730671,0.0990918618083239,1.11607778974305e-06
