"","beta.1","sigma2","delta"
"1",0.0690102374505171,0.134722911804006,0
