"","beta.1","sigma2","delta"
"1",0.407194815868978,0.267702103424892,0
