"","beta.1","sigma2","delta"
"1",22.4408877722887,0.143152301779702,0
