beta.1,sigma2,delta
1.345855474758656314e-02,1.753741501713548520e-06,1.454058529672284383e-01
