"","beta.1","sigma2","delta"
"1",-0.630052535866906,0.194479242750807,0
