beta.1,sigma2,delta
7.284115621791457940e-02,1.397561280789657856e-01,1.000004069445518496e-08
