"","beta.1","sigma2","delta"
"1",0.543153924772977,0.105797527329268,0
