"","beta.1","sigma2","delta"
"1",1914.07268871975,0.129810742221291,0
