"","beta.1","sigma2","delta"
"1",0.199612973104341,0.128485277991007,0
