"","beta.1","sigma2","delta"
"1",5.56360587914565,0.011447112186517,0
