"","beta.1","sigma2","delta"
"1",13525.5117218887,0.0990929778861137,0
