beta.1,sigma2,delta
1.266041405712537427e-01,1.067443178586458680e-01,4.203200227122381041e-09
