"","beta.1","sigma2","delta"
"1",0.158038065272158,0.124704379560979,1.24704381434632e-09
