"","beta.1","sigma2","delta"
"1",0.237504468000118,0.130102428014291,0
