"","beta.1","sigma2","delta"
"1",0.106341932009535,0.100861870218427,1.00861871733852e-09
