beta.1,sigma2,delta,mu
1.6818,0.22011,0,-0.41983
