beta.1,sigma2,delta
1.586137937217947103e-01,1.846390582410621928e-01,1.073890624388417700e-09
