"","beta.1","sigma2","delta"
"1",14.8080395911608,0.139972763556991,0
