beta.1,sigma2,delta
2.042803040768188250e-01,1.335683053902952111e-01,1.968945182257650302e-10
