"","beta.1","sigma2","delta"
"1",8.80331299845886,0.182263573342894,0
