"","beta.1","sigma2","delta"
"1",0.150585535336388,0.0930475001331852,0.0152561604099934
