"","beta.1","sigma2","delta"
"1",4.06542764494325,0.00982365228173502,0
