"","beta.1","sigma2","delta"
"1",-3.12247200403515,0.12102388219973,0
