"","beta.1","sigma2","delta"
"1",0.169849312788993,0.144834234607328,0
