"","beta.1","sigma2","delta"
"1",0.143975948399499,0.123471136432476,1.23471138287601e-09
