"","beta.1","sigma2","delta"
"1",14.2550518555475,0.151490342717558,0
