"","beta.1","sigma2","delta"
"1",20.8646988700414,0.115861658814942,0
