"","beta.1","sigma2","delta"
"1",0.193899452638921,0.143770659630885,0.0119443717384978
