beta.1,sigma2,delta,mu
2,0.14303,0,-0.0093451
