"","beta.1","sigma2","delta"
"1",0.207784687431944,0.138154406262866,1.38154408338602e-09
