"","beta.1","sigma2","delta"
"1",15.6820417668281,0.219467951171569,0
