beta.1,sigma2,delta
6.547363992400843935e-02,1.352736615203912196e-01,1.209491890975651747e-09
