"","beta.1","sigma2","delta"
"1",1e-10,0.0192686038920229,0.110284072408733
