"","beta.1","sigma2","delta"
"1",19.1077328904555,0.140762578372706,0
