"","beta.1","sigma2","delta"
"1",-0.180760119865917,0.190814534475974,0
