"","beta.1","sigma2","delta"
"1",37.5692992149164,0.103905415050228,0
