"","beta.1","sigma2","delta"
"1",0.199851424084902,0.125841016201568,0
