"","beta.1","sigma2","delta"
"1",0.106233887380467,0.208299870979312,0
