beta.1,sigma2,delta
3.633819416735388774e-01,2.313723021296911209e-01,1.052835643518365994e-03
