"","beta.1","sigma2","delta"
"1",14.808086734681,0.139972301322448,3.50429823960707e-11
