"","beta.1","sigma2","delta"
"1",0.183752469306953,0.139970735577647,0
