beta.1,sigma2,delta
1.411169319975209557e-01,1.456863907200907637e-01,1.241127190691606946e-04
