"","beta.1","sigma2","delta"
"1",-4.12137091941062,0.00531400237485837,0
