"","beta.1","sigma2","delta"
"1",15.8572423893688,0.132672456052924,1.28036130062618e-10
