beta.1,sigma2,delta
1.287732049022484448e-01,1.060897115598598839e-01,1.082907156246338609e-08
