beta.1,sigma2,delta
2.216912584544470100e-01,1.836705940497183609e-01,4.319819548674873347e-11
