"","beta.1","sigma2","delta"
"1",0.0764776997092927,0.165375372621127,0
