"","beta.1","sigma2","delta"
"1",10.2485607968881,0.178673582579658,0
