"","beta.1","sigma2","delta"
"1",0.220879332059537,0.178675145268711,1.78675147953262e-09
