"","beta.1","sigma2","delta"
"1",-0.886862706317382,0.0666050633380621,0
