"","beta.1","sigma2","delta"
"1",0.190436542765472,0.141547771010653,0
