"","beta.1","sigma2","delta"
"1",0.256665848857291,0.0301761101422023,0.101848305491661
