beta.1,sigma2,delta
2.336766009269956035e-01,1.244944057127330000e-01,1.221683224365862144e-02
