"","beta.1","sigma2","delta"
"1",279022739.940184,0.0990929778861137,0
