beta.1,sigma2,delta
1.450314940850088996e-01,1.260575043002679640e-01,1.433822290790962740e-08
