beta.1,sigma2,delta,mu
1.3348,0.16361,0,-0.086254
