"","beta.1","sigma2","delta"
"1",0.309964819259269,0.22948870100779,0.0190934387818084
