beta.1,sigma2,delta,mu
2.3784,0.11218,0,-0.11335
