"","beta.1","sigma2","delta"
"1",0.194228502635644,0.125483904480312,0
