beta.1,sigma2,delta
3.636574414278558320e-01,1.967905451318796295e-01,9.718149036216490455e-03
