"","beta.1","sigma2","delta"
"1",0.0196345312540512,0.0195332766466245,0.11001939977675
