"","beta.1","sigma2","delta"
"1",104.988800057861,0.134722911319333,0
