"","beta.1","sigma2","delta"
"1",7.82350637766102,0.136116189964282,0.011168727648353
