"","beta.1","sigma2","delta"
"1",22.0517982471276,0.0930485058705504,0.0152541779447621
