beta.1,sigma2,delta
1.398327253908268342e-01,1.249181822914536832e-01,1.955228546651588785e-11
