"","beta.1","sigma2","delta"
"1",30.4912933553876,0.105402418704766,0
