beta.1,sigma2,delta,mu
3.1748,0.12302,0,0.20658
