"","beta.1","sigma2","delta"
"1",0.190809246209737,0.137211243984316,1.37211246045882e-09
