"","beta.1","sigma2","delta"
"1",0.00327862509445391,0.145404059009921,0
