"","beta.1","sigma2","delta"
"1",-0.405826279448825,0.124028557146053,0
