"","beta.1","sigma2","delta"
"1",-0.882386458317871,0.0573693698865625,0
