beta.1,sigma2,delta,mu
1.3348,0.13975,0,-0.28961
