"","beta.1","sigma2","delta"
"1",-0.775784243292825,0.115501962201812,0
