beta.1,sigma2,delta
1.980358081268933368e-01,1.358694461799271891e-01,3.217513978450398236e-09
