beta.1,sigma2,delta,mu
3.1748,0.11005,0,0.05159
