"","beta.1","sigma2","delta"
"1",-0.587770492583903,0.152384353821902,0
