"","beta.1","sigma2","delta"
"1",0.107557313497707,0.112861991878673,0
