"","beta.1","sigma2","delta"
"1",4.80286904180813,0.00967046888909865,0
