"","beta.1","sigma2","delta"
"1",7.17848738455348,0.25335514295838,0
