beta.1,sigma2,delta
4.764350012767831766e-01,2.241968902502620153e-01,9.020227564064231540e-03
