"","beta.1","sigma2","delta"
"1",1e-10,0.0224698146257191,0.0868704943487305
