beta.1,sigma2,delta
1.496476212613083723e-01,1.755226160928271550e-01,1.000001246829131092e-08
