"","beta.1","sigma2","delta"
"1",0.108133704688367,0.117763554669666,1.17763556439035e-09
