"","beta.1","sigma2","delta"
"1",0.107557313291778,0.112861990339737,1.12861992035461e-09
