"","beta.1","sigma2","delta"
"1",-0.270833599563638,0.0101360483047949,0
