"","beta.1","sigma2","delta"
"1",0.00573386163548297,0.0255198789006133,0.114089905291038
