"","beta.1","sigma2","delta"
"1",0.00327862510101653,0.145404059009921,0
