"","beta.1","sigma2","delta"
"1",13.6060825337092,0.158854699019,0
