beta.1,sigma2,delta
2.470992775807452080e-01,1.415622887645053441e-03,9.768658123462720111e-02
