"","beta.1","sigma2","delta"
"1",0.153850416791402,0.143512357456661,1.43512359612899e-09
