"","beta.1","sigma2","delta"
"1",0.128359210999975,0.1086529836865,1.08652985318985e-09
