"","beta.1","sigma2","delta"
"1",-1.90443425583082,0.050951067307861,0
