"","beta.1","sigma2","delta"
"1",0.331539398133403,0.187222697019517,0
