"","beta.1","sigma2","delta"
"1",0.203787546490703,0.125941392154396,0
