"","beta.1","sigma2","delta"
"1",0.075368234719425,0.139310839243065,0
