"","beta.1","sigma2","delta"
"1",1740.55676732656,0.129810742204629,0
