beta.1,sigma2,delta
1.876807855285697879e-01,1.359138930178430404e-01,1.494931241190582633e-10
