"","beta.1","sigma2","delta"
"1",0.407143112027318,0.267649431452858,2.67649435474226e-09
