"","beta.1","sigma2","delta"
"1",19.6983662261044,0.148096667120389,0
