"","beta.1","sigma2","delta"
"1",-0.564188352736545,0.0938183159207209,0
