"","beta.1","sigma2","delta"
"1",17274.5368768969,0.129810742169326,0
