"","beta.1","sigma2","delta"
"1",-0.724149076086899,0.102291609905874,0
