"","beta.1","sigma2","delta"
"1",0.16858554817872,0.109973780321485,1.09973781973814e-09
