"","beta.1","sigma2","delta"
"1",-2.75536395020545,0.0918597041554171,0
