"","beta.1","sigma2","delta"
"1",0.237504448747081,0.130102412727452,1.3010241468221e-09
