"","beta.1","sigma2","delta"
"1",24.4464414217382,0.11361284669323,0
