"","beta.1","sigma2","delta"
"1",1e-10,0.0201396037141715,0.0892007052602782
