"","beta.1","sigma2","delta"
"1",0.204291294356057,0.131931460271246,0
