beta.1,sigma2,delta
1.242192094890801068e-01,1.229876534890795015e-01,1.648126721773807288e-10
