"","beta.1","sigma2","delta"
"1",0.00573588801815367,0.0255198793081194,0.114089904858229
