"","beta.1","sigma2","delta"
"1",0.544289167221071,4.48866286738146,0
