"","beta.1","sigma2","delta"
"1",0.196964157375267,0.13428722307486,1.34287225092493e-09
