"","beta.1","sigma2","delta"
"1",0.155023597265403,0.106312614221039,0.000231783733359467
