"","beta.1","sigma2","delta"
"1",-0.883154368089811,0.0573693737188081,0
