"","beta.1","sigma2","delta"
"1",0.189519606905524,0.133110154969634,0
