"","beta.1","sigma2","delta"
"1",0.247553877160484,0.145226199385982,1.45226201567971e-09
