"","beta.1","sigma2","delta"
"1",0.00573391026467402,0.0255198789083744,0.114089905282799
