beta.1,sigma2,delta
2.095547798583380639e-01,1.434597988862063300e-01,9.817448611891628118e-10
