"","beta.1","sigma2","delta"
"1",30.4909758091077,0.105402800791978,9.76064273559961e-11
