"","beta.1","sigma2","delta"
"1",0.138101682523016,0.105240704951961,0
