beta.1,sigma2,delta
2.006644378436184262e-01,1.363177763352340366e-01,2.712513214439305972e-02
