beta.1,sigma2,delta
1.612608426347252599e-01,8.893629551104839659e-02,2.088898153885300132e-02
