"","beta.1","sigma2","delta"
"1",0.235929970796438,0.164655729522939,0
