"","beta.1","sigma2","delta"
"1",3.6449258365079,0.020249719474287,0
