"","beta.1","sigma2","delta"
"1",104.97968055051,0.134724537164079,4.29985736886025e-09
