"","beta.1","sigma2","delta"
"1",0.154475246264596,0.106493413708915,0
