"","beta.1","sigma2","delta"
"1",43.2210330137857,0.112861468026681,0
