"","beta.1","sigma2","delta"
"1",54.3832679974568,0.136268230547546,0
