beta.1,sigma2,delta
3.052891008207185286e-01,3.133789119570489640e-02,1.019651275463955842e-01
