"","beta.1","sigma2","delta"
"1",0.204291284616894,0.131931450705404,1.31931452687642e-09
