"","beta.1","sigma2","delta"
"1",0.385070367093734,0.368416984128717,3.68416989664094e-09
