beta.1,sigma2,delta
1.043379433120880939e-01,1.141317939516887925e-01,2.406111214930393798e-09
