beta.1,sigma2,delta
1.646747260529324575e-01,1.355365234079778103e-01,5.048250148400832025e-11
