beta.1,sigma2,delta
1.709606201459732133e-01,2.198902661174913509e-01,9.910916856797982461e-11
