"","beta.1","sigma2","delta"
"1",0.191698502916437,0.158854886120145,1.58854888506902e-09
