beta.1,sigma2,delta
1.070597177217049584e-01,1.162584644775958437e-01,1.266174194972304582e-08
