"","beta.1","sigma2","delta"
"1",0.15932009209341,0.148097051317836,1.48097053542958e-09
