"","beta.1","sigma2","delta"
"1",13.5881968575748,0.1356491730065,0
