"","beta.1","sigma2","delta"
"1",0.194228502148658,0.125483901908314,1.2548390379368e-09
