beta.1,sigma2,delta,mu
6.3496,0.13651,0,0.096187
