"","beta.1","sigma2","delta"
"1",37.5683708883091,0.103906735112504,0
