"","beta.1","sigma2","delta"
"1",2.62590747237498,0.0310415697793283,0
