"","beta.1","sigma2","delta"
"1",0.47796552306572,0.243118190011292,0.00103290742285825
