"","beta.1","sigma2","delta"
"1",1821.6322713319,0.129552676301759,0
