"","beta.1","sigma2","delta"
"1",16773.4201728963,0.129803989395021,6.75277430519685e-06
