"","beta.1","sigma2","delta"
"1",0.378293218542913,0.200867589508033,0.00976362412250987
