"","beta.1","sigma2","delta"
"1",0.388886324174339,0.14212865258508,0
