"","beta.1","sigma2","delta"
"1",0.972100942831988,0,0.165252241899077
