"","beta.1","sigma2","delta"
"1",9626.068188976,0.145404059009921,0
