"","beta.1","sigma2","delta"
"1",0.0992476453514145,0.110992314731948,0
