beta.1,sigma2,delta
1.867270897673354024e-01,1.322183807762166152e-01,1.298578594012924469e-10
