"","beta.1","sigma2","delta"
"1",0.234435328291729,0.151402317688671,0
