"","beta.1","sigma2","delta"
"1",0.549301712099289,0.231471836734343,0.00743668109961704
