beta.1,sigma2,delta
2.304317928260327941e-01,1.415844925987670977e-01,4.126362595598177197e-10
