"","beta.1","sigma2","delta"
"1",15.8571688063802,0.13267304998787,0
