"","beta.1","sigma2","delta"
"1",22.4395273816982,0.143158526680459,0
