"","beta.1","sigma2","delta"
"1",13.7869261592217,0.141548360943799,0
