"","beta.1","sigma2","delta"
"1",0.234435326326834,0.1514023090418,1.51402311316583e-09
