beta.1,sigma2,delta
1.342543605131619328e-02,1.018791642661590231e-02,1.193644676082695755e-01
