"","beta.1","sigma2","delta"
"1",0.0754940549632682,0.138893335670494,0
