beta.1,sigma2,delta
9.850131343004961404e-02,1.122773150117497010e-01,1.000001674219805373e-08
