"","beta.1","sigma2","delta"
"1",0.170069389477903,0.107307802026782,0
