"","beta.1","sigma2","delta"
"1",0.187284131739472,0.151490578065961,1.5149058034207e-09
