beta.1,sigma2,delta
1.836298643833625954e-01,1.486782326969263990e-01,3.595368017122024831e-11
