beta.1,sigma2,delta
3.813249398564731996e-01,3.707079988475065480e-01,2.382159564067012052e-13
