"","beta.1","sigma2","delta"
"1",0.00472137754680749,0.199808025538289,0
