"","beta.1","sigma2","delta"
"1",13.6056462066832,0.158859859368535,0
