beta.1,sigma2,delta
7.217732116353403615e-02,1.392101706538984296e-01,2.644045448491004582e-09
