"","beta.1","sigma2","delta"
"1",0.104883455392907,0.112245439048436,0
