beta.1,sigma2,delta
1.650241653602093905e-01,1.023075864688394870e-01,6.468549730977661734e-03
