"","beta.1","sigma2","delta"
"1",0.385134001280353,0.368573764317936,0
