"","beta.1","sigma2","delta"
"1",10.248517170874,0.178674553462823,0
