"","beta.1","sigma2","delta"
"1",6.67503489694276,0.2673286471263,0
