"","beta.1","sigma2","delta"
"1",1.35451789547022,0.0233162908938245,0
