beta.1,sigma2,delta
9.444768490081925649e-03,5.764250879147924007e-04,9.851732427826664917e-02
