"","beta.1","sigma2","delta"
"1",0.220879313395408,0.1786751395631,0
