"","beta.1","sigma2","delta"
"1",14.5502716613491,0.139459973854223,0
