"","beta.1","sigma2","delta"
"1",0.187284176685375,0.151490659300043,0
