"","beta.1","sigma2","delta"
"1",6421.18259595285,0.129551552716542,1.12358421419832e-06
