"","beta.1","sigma2","delta"
"1",-0.50571165469884,0.139788720375792,0
