"","beta.1","sigma2","delta"
"1",43.2229576127391,0.112859454351043,3.77214571876061e-11
