"","beta.1","sigma2","delta"
"1",0.304855861926146,0.223086646851217,0
