"","beta.1","sigma2","delta"
"1",17.3317851270237,0.144833974677242,0
