"","beta.1","sigma2","delta"
"1",16.3244579430087,0.200608081559335,0
