"","beta.1","sigma2","delta"
"1",1.68776834192572,4.48861093897198,1.68209987433982e-16
