"","beta.1","sigma2","delta"
"1",0.510142650359803,0.220194262554785,0.000716502839182324
