"","beta.1","sigma2","delta"
"1",-6.98813918804234,0.0625465893012388,0
