beta.1,sigma2,delta
1.942524321780841612e-01,1.262885637107176717e-01,7.920848761637564970e-10
