"","beta.1","sigma2","delta"
"1",0.177571335053478,0.132673451492105,0
