"","beta.1","sigma2","delta"
"1",0.0471151518348441,0.0973785531894301,0
