"","beta.1","sigma2","delta"
"1",3.22954768880742,0.0377587180828105,0
