"","beta.1","sigma2","delta"
"1",13.605701688007,0.158859203086991,1.00873397836129e-11
