"","beta.1","sigma2","delta"
"1",46.8973547397146,0.137289426961544,0
