"","beta.1","sigma2","delta"
"1",0.136559621965364,0.149776359282468,0
