beta.1,sigma2,delta
1.991803390483334879e-01,1.283350663118791590e-01,2.257329003214440189e-09
