beta.1,sigma2,delta
2.074343346563037316e-01,1.379924535033732191e-01,1.189057901844738063e-10
