"","beta.1","sigma2","delta"
"1",0.366853684851166,0.22469877446408,0.000963163431800516
