"","beta.1","sigma2","delta"
"1",0.18473086880985,0.150946859136956,1.50946861404896e-09
