beta.1,sigma2,delta
1.617531803206097574e-01,1.427313290351305275e-01,1.000008991348077660e-08
