"","beta.1","sigma2","delta"
"1",0.115365019104512,0.10390681422114,0
