"","beta.1","sigma2","delta"
"1",0.320248310608374,0.207801552804184,0
