"","beta.1","sigma2","delta"
"1",13.7868714380606,0.141548874578106,9.8100229742817e-11
