beta.1,sigma2,delta
1.653916550966784693e-01,1.338238554331827868e-01,1.679622454567444509e-02
