"","beta.1","sigma2","delta"
"1",0.143013486667378,0.113612788140136,0
