beta.1,sigma2,delta
2.558941843391497328e-01,3.010600217008978577e-02,1.018951553741474642e-01
