"","beta.1","sigma2","delta"
"1",24.4460439399913,0.113613978947383,0
