"","beta.1","sigma2","delta"
"1",0.17757134427542,0.132673452942208,1.32673454935595e-09
