"","beta.1","sigma2","delta"
"1",0.912994153380349,0,0.165252241899077
