"","beta.1","sigma2","delta"
"1",235797.69492756,0.145404059009921,0
