beta.1,sigma2,delta
1.899474372820876555e-01,1.211313819081566850e-01,3.304241772579737257e-09
