"","beta.1","sigma2","delta"
"1",14.2547519180225,0.151493326971578,0
