"","beta.1","sigma2","delta"
"1",8083.22707353829,0.129552676300756,0
