"","beta.1","sigma2","delta"
"1",0.149272062912747,0.14315870893147,0
