"","beta.1","sigma2","delta"
"1",-0.403795476012095,0.161056390836921,0
