"","beta.1","sigma2","delta"
"1",-5.31644339760698,0.0115441885407309,0
