"","beta.1","sigma2","delta"
"1",0.304855854433986,0.223086623860875,2.23086624735939e-09
