"","beta.1","sigma2","delta"
"1",30.4918840422132,0.105401707792224,0
