"","beta.1","sigma2","delta"
"1",0.956105768867366,0.0571818318655305,0
