"","beta.1","sigma2","delta"
"1",0.62241381380022,0.112358742894643,0
