"","beta.1","sigma2","delta"
"1",-0.390354846271321,0.169413304210698,0
