"","beta.1","sigma2","delta"
"1",40.7469689457186,0.112016867046963,0
