"","beta.1","sigma2","delta"
"1",0.190436546806779,0.141547768146609,1.4154777027333e-09
