"","beta.1","sigma2","delta"
"1",39.1439823126327,0.131279965613886,0
