"","beta.1","sigma2","delta"
"1",28.4714481633769,0.105262342818516,0
