beta.1,sigma2,delta
1.413690981594029616e-01,1.387979344482972999e-01,1.000077652723550028e-08
