"","beta.1","sigma2","delta"
"1",0.162575757412496,0.13284450902264,1.32844511018597e-09
