"","beta.1","sigma2","delta"
"1",42.7611191320889,0.117763419303437,0
