"","beta.1","sigma2","delta"
"1",21.1558018422676,0.106187014390407,0
