"","beta.1","sigma2","delta"
"1",0.207784687796014,0.138154409759515,0
