beta.1,sigma2,delta
1.606754137426306406e-01,1.508870633649250226e-01,1.455253520070313963e-11
