beta.1,sigma2,delta
4.834377100286287865e-01,2.109463539864917803e-01,7.355065478676970931e-04
