"","beta.1","sigma2","delta"
"1",3.49405899009492,0.200860337970136,0.00976370303267501
