beta.1,sigma2,delta
2.274353935054952425e-01,1.529205581287061966e-01,8.205028707648800308e-10
