"","beta.1","sigma2","delta"
"1",0.241796513240206,0.0294375578957164,0.10214694501592
