"","beta.1","sigma2","delta"
"1",3.71509573418955,0.224708163666161,0.000963151715402296
