"","beta.1","sigma2","delta"
"1",0.424822593539477,0,0.0990929778861137
