"","beta.1","sigma2","delta"
"1",0.13613984075914,0.120181498062217,1.20181499867915e-09
