beta.1,sigma2,delta,mu
1.5874,0.15067,0,0.089577
