"","beta.1","sigma2","delta"
"1",0.18951958695135,0.13311014202456,1.33110144024508e-09
