"","beta.1","sigma2","delta"
"1",0.0185546217084621,0.129552676412375,0
