"","beta.1","sigma2","delta"
"1",0.0992476455010949,0.11099231362886,1.10992315296492e-09
