"","beta.1","sigma2","delta"
"1",17.332226401674,0.144830708588794,0
