"","beta.1","sigma2","delta"
"1",10.2486205716441,0.178672251929248,2.26227644707796e-11
