beta.1,sigma2,delta
2.185742320222047730e-01,1.227405446454400001e-01,1.228282936574482427e-09
