beta.1,sigma2,delta
5.377446134544575651e-01,2.302362196528404681e-01,7.259326449496200651e-03
