"","beta.1","sigma2","delta"
"1",104.996608241747,0.134721515907275,0
