beta.1,sigma2,delta,mu
1.6818,0.14243,0,-0.15748
