"","beta.1","sigma2","delta"
"1",19.6983224402806,0.148096956427964,0
