beta.1,sigma2,delta
1.264098946462070550e-01,1.093284034111618591e-01,1.000034267746715370e-08
