beta.1,sigma2,delta,mu
1.4983,0.12935,0,0.31431
