beta.1,sigma2,delta
1.902894159474897984e-01,1.414930796718891215e-01,1.413139754329265698e-09
