beta.1,sigma2,delta
2.415615476872662315e-01,2.941990436511670789e-02,1.021589693731337345e-01
