beta.1,sigma2,delta
1.598938387211154832e-01,1.269166110382929369e-01,3.670578827083410496e-10
