beta.1,sigma2,delta,mu
1.4983,0.14537,0,0.050345
