"","beta.1","sigma2","delta"
"1",13.3420892313586,0.146757286488378,0
