beta.1,sigma2,delta
1.271570890006488708e-01,3.344383388054307407e-09,9.909311214666384482e-02
