"","beta.1","sigma2","delta"
"1",0.357018708739399,0.353183121473229,0.0105934252769898
