"","beta.1","sigma2","delta"
"1",13.7869899871307,0.141547761165649,0
