"","beta.1","sigma2","delta"
"1",5.2050075538939,0.229451611627316,0.0190949946632741
