"","beta.1","sigma2","delta"
"1",0.129947550068949,0.106463311388576,0
