"","beta.1","sigma2","delta"
"1",43.2206100985042,0.112861910549456,0
