beta.1,sigma2,delta
5.287245990166071774e-01,4.360201714669816653e+00,8.286374900254586608e-16
