"","beta.1","sigma2","delta"
"1",2.60830663971952,0.104060856607609,0
