"","beta.1","sigma2","delta"
"1",1e-10,0.0198595516055109,0.0894807573689387
