"","beta.1","sigma2","delta"
"1",0.494114448542257,2.96228196370063,2.9622820082082e-08
