"","beta.1","sigma2","delta"
"1",0.396541546546714,0.157543824770938,0
