beta.1,sigma2,delta
2.045291180609838319e-02,1.137772230148945303e-02,1.181799379233707120e-01
