"","beta.1","sigma2","delta"
"1",0.489707414461366,0.226715578267702,0.00912702835930569
