"","beta.1","sigma2","delta"
"1",0.320248279311726,0.207801521017353,2.07801524139521e-09
