"","x","y","yp","yv","ysd"
"1",0.685241525565895,0.137963326994964,0.306666286573237,0.0310415697793283,0.176186179308504
"2",0.450614726481338,0.31723781420193,0.0541614634786126,0.0310415697793283,0.176186179308504
"3",0.149581377394497,-0.47790975089657,-0.48981412252856,0.0310415697793283,0.176186179308504
"4",0.546622092292334,0.055082209772548,0.175641854376072,0.0310415697793283,0.176186179308504
"5",0.871366980213982,0.483813199963564,0.400127839946726,0.0310415697793283,0.176186179308504
"6",0.169221648752379,-0.516186800036436,-0.44678332184609,0.0310415697793283,0.176186179308504
