"","x","y","yp","yv","ysd"
"1",0.58294987368087,-0.406779184644801,-1.52655665885959e-16,0.145031853838237,0.380830479135056
"2",0.786269751377404,-0.34956688351971,-1.52655665885959e-16,0.145031853838237,0.380830479135056
"3",0.331984349138414,-0.0585492590963735,-1.52655665885959e-16,0.145031853838237,0.380830479135056
"4",0.396672529905724,-0.0588451119459444,-1.52655665885959e-16,0.145031853838237,0.380830479135056
"5",0.129574203553299,0.593220815355199,-1.52655665885959e-16,0.145031853838237,0.380830479135056
"6",0.989117538517651,0.280519623851629,-1.52655665885959e-16,0.145031853838237,0.380830479135056
