"","x","y","yp","yv","ysd"
"1",0.58294987368087,-0.406779184644801,-0.406779184644801,0,0
"2",0.786269751377404,-0.34956688351971,-0.34956688351971,0,0
"3",0.331984349138414,-0.0585492590963735,-0.0585492590963734,5.83004014439094e-17,7.63546995566805e-09
"4",0.396672529905724,-0.0588451119459444,-0.0588451119459444,0,0
"5",0.129574203553299,0.593220815355199,0.593220815355199,0,0
"6",0.989117538517651,0.280519623851629,0.280519623851629,0,0
