"","x","y","yp","yv","ysd"
"1",0.58294987368087,-0.406779184644801,-0.406778772590568,2.59625331101314e-07,0.000509534425825492
"2",0.786269751377404,-0.34956688351971,-0.34956654534529,2.59625343034541e-07,0.000509534437535424
"3",0.331984349138414,-0.0585492590963735,-0.0585487501346637,2.59624986565427e-07,0.000509534087736461
"4",0.396672529905724,-0.0588451119459444,-0.0588455431196871,2.59624975439279e-07,0.000509534076818498
"5",0.129574203553299,0.593220815355199,0.593220152788654,2.59625342674238e-07,0.000509534437181863
"6",0.989117538517651,0.280519623851629,0.280519283156559,2.59625347761713e-07,0.000509534442174141
