"","x","y","yp","yv","ysd"
"1",0.619603084710737,0.0630887760139673,0.319692935834201,0.0609815269321321,0.246944380240029
"2",0.498651015805081,0.602592550580378,0.43784704417169,0.0609815269321321,0.246944380240029
"3",0.896672529905724,-0.397407449419622,-0.513992668484367,0.0609815269321321,0.246944380240029
"4",0.129574203553299,-0.362493357194208,-0.124974571445439,0.0609815269321321,0.246944380240029
"5",0.822450871850985,-0.278123720994742,-0.213798157469604,0.0609815269321321,0.246944380240029
"6",0.20202375354711,0.372343201014226,0.0952254173935161,0.0609815269321321,0.246944380240029
