"","x","y","yp","yv","ysd"
"1",0.162733081573,0.00973717189177879,1.358302034217e-17,0.115805327627483,0.340301818431055
"2",0.704304243515556,0.520802461640028,1.358302034217e-17,0.115805327627483,0.340301818431055
"3",0.407468204852194,-0.479197538359972,1.358302034217e-17,0.115805327627483,0.340301818431055
"4",0.512496570784909,-0.162617136504306,1.358302034217e-17,0.115805327627483,0.340301818431055
"5",0.943649793082538,0.206354043157571,1.358302034217e-17,0.115805327627483,0.340301818431055
"6",0.231258257098186,-0.0950790018250997,1.358302034217e-17,0.115805327627483,0.340301818431055
