"","x","y","yp","yv","ysd"
"1",0.162733081573,0.00973717189177879,0.00973717189177874,0,0
"2",0.704304243515556,0.520802461640028,0.520802461640028,1.38777878078145e-17,3.72529029846191e-09
"3",0.407468204852194,-0.479197538359972,-0.479197538359972,0,0
"4",0.512496570784909,-0.162617136504306,-0.162617136504306,1.38777878078145e-17,3.72529029846191e-09
"5",0.943649793082538,0.206354043157571,0.206354043157571,0,0
"6",0.231258257098186,-0.0950790018250997,-0.0950790018250997,0,0
