"","x","y","yp","yv","ysd"
"1",0.162733081573,0.00973717189177879,0.00973717189274685,2.28983498828939e-13,4.78522203067881e-07
"2",0.704304243515556,0.520802461640028,0.52080246163909,2.28733698648398e-13,4.78261119733141e-07
"3",0.407468204852194,-0.479197538359972,-0.479197538357548,2.28830843163053e-13,4.78362669073426e-07
"4",0.512496570784909,-0.162617136504306,-0.162617136505114,2.28747576436206e-13,4.78275628101836e-07
"5",0.943649793082538,0.206354043157571,0.206354043157504,2.28747576436206e-13,4.78275628101836e-07
"6",0.231258257098186,-0.0950790018250997,-0.0950790018266784,2.29080643343593e-13,4.78623697014255e-07
