"","x","y","yp","yv","ysd"
"1",0.619603084710737,0.0630887760139673,-1.17961196366423e-16,0.174484870811905,0.417713862365022
"2",0.498651015805081,0.602592550580378,-1.17961196366423e-16,0.174484870811905,0.417713862365022
"3",0.896672529905724,-0.397407449419622,-1.17961196366423e-16,0.174484870811905,0.417713862365022
"4",0.129574203553299,-0.362493357194208,-1.17961196366423e-16,0.174484870811905,0.417713862365022
"5",0.822450871850985,-0.278123720994742,-1.17961196366423e-16,0.174484870811905,0.417713862365022
"6",0.20202375354711,0.372343201014226,-1.17961196366423e-16,0.174484870811905,0.417713862365022
