x,y,yp,yv,ysd
6.852415255658950155e-01,6.541501270314000749e-01,6.541501269659850681e-01,1.000000082740370870e-10,1.000000041370184609e-05
4.506147264813379905e-01,8.334246142383660017e-01,8.334246141550235576e-01,1.000000082740370870e-10,1.000000041370184609e-05
1.495813773944970060e-01,3.827704913986601509e-02,3.827704913603831305e-02,1.000000082740370870e-10,1.000000041370184609e-05
5.466220922923340497e-01,5.712690098089839852e-01,5.712690097518570154e-01,1.000000082740370870e-10,1.000000041370184609e-05
8.713669802139819565e-01,1.000000000000000000e+00,9.999999998999999917e-01,1.000000082740370870e-10,1.000000041370184609e-05
1.692216487523789947e-01,0.000000000000000000e+00,0.000000000000000000e+00,1.000000082740370870e-10,1.000000041370184609e-05
