"","x","y","yp","yv","ysd"
"1",0.685241525565895,0.137963326994964,-1.27213054904966e-17,0.170325903036285,0.412705588811546
"2",0.450614726481338,0.31723781420193,-1.27213054904966e-17,0.170325903036285,0.412705588811546
"3",0.149581377394497,-0.47790975089657,-1.27213054904966e-17,0.170325903036285,0.412705588811546
"4",0.546622092292334,0.055082209772548,-1.27213054904966e-17,0.170325903036285,0.412705588811546
"5",0.871366980213982,0.483813199963564,-1.27213054904966e-17,0.170325903036285,0.412705588811546
"6",0.169221648752379,-0.516186800036436,-1.27213054904966e-17,0.170325903036285,0.412705588811546
