x,y,yp,yv,ysd
5.829498736808700343e-01,-4.067791846448010062e-01,-4.067791846041231008e-01,1.000000082740370870e-10,1.000000041370184609e-05
7.862697513774039582e-01,-3.495668835197099922e-01,-3.495668834847532880e-01,1.000000082740370870e-10,1.000000041370184609e-05
3.319843491384140144e-01,-5.854925909637349879e-02,-5.854925909051857114e-02,1.000000082740370870e-10,1.000000041370184609e-05
3.966725299057239917e-01,-5.884511194594439776e-02,-5.884511194005988266e-02,1.000000082740370870e-10,1.000000041370184609e-05
1.295742035532989889e-01,5.932208153551989938e-01,5.932208152958768910e-01,1.000000082740370870e-10,1.000000041370184609e-05
9.891175385176510515e-01,2.805196238516289853e-01,2.805196238235769801e-01,1.000000082740370870e-10,1.000000041370184609e-05
