x,y,yp,yv,ysd
4.951759426621720195e-01,1.236283173366239940e-01,1.236283051683073064e-01,2.213123932667652839e-08,1.487657195951961502e-04
7.639979966140040268e-01,4.369547262053120190e-02,4.369549162408134513e-02,2.213123870217607704e-08,1.487657174962567740e-04
3.270341040721779780e-01,-1.769400720373590086e-01,-1.769400367308430200e-01,2.213123936830989182e-08,1.487657197351254510e-04
1.269504005322230067e-01,1.247128690271720047e-01,1.247128445987338852e-01,2.213123947933219428e-08,1.487657201082702170e-04
9.524180892234049844e-01,-5.575482934734840024e-01,-5.575482034615186766e-01,2.213123947933219428e-08,1.487657201082702170e-04
6.661021428105110553e-01,4.424517065265159976e-01,4.424516246198970659e-01,2.213123864666492581e-08,1.487657173096843639e-04
