x,y,yp,yv,ysd
6.852415255658950155e-01,1.379633269949639973e-01,1.379633123419679863e-01,1.001967069417754248e-08,1.000983051513737768e-04
4.506147264813379905e-01,3.172378142019299796e-01,3.172377607094908902e-01,1.001967025008833263e-08,1.000983029331083699e-04
1.495813773944970060e-01,-4.779097508965700070e-01,-4.779098485298503007e-01,1.001964599171524457e-08,1.000981817602859564e-04
5.466220922923340497e-01,5.508220977254799783e-02,5.508224840355017277e-02,1.001966979212133497e-08,1.000983006455221253e-04
8.713669802139819565e-01,4.838131999635639779e-01,4.838131635555794618e-01,1.001967104112223767e-08,1.000983068843935917e-04
1.692216487523789947e-01,-5.161868000364360221e-01,-5.161866600857512033e-01,1.001964600559303238e-08,1.000981818296068347e-04
