x,y,yp,yv,ysd
1.627330815730000102e-01,4.889347102517507815e-01,4.889347105870029964e-01,9.998757377616131108e-11,9.999378669505486339e-06
7.043042435155559833e-01,1.000000000000000000e+00,9.999999998219450958e-01,1.000053373445553136e-10,1.000026686366695498e-05
4.074682048521939826e-01,0.000000000000000000e+00,8.914060600773154874e-10,1.000231009129493032e-10,1.000115497894864642e-05
5.124965707849089558e-01,3.165804018556659383e-01,3.165804014440833924e-01,1.000124427719128887e-10,1.000062211924402669e-05
9.436497930825380465e-01,6.855515815175430294e-01,6.855515815701078708e-01,9.999812089489522422e-11,9.999906044303377633e-06
2.312582570981860097e-01,3.841185365348722680e-01,3.841185357536307521e-01,9.998757377616131108e-11,9.999378669505486339e-06
