x,y,yp,yv,ysd
1.627330815730000102e-01,4.889347102517507815e-01,4.889347102028573366e-01,1.000000082740370870e-10,1.000000041370184609e-05
7.043042435155559833e-01,1.000000000000000000e+00,9.999999998999999917e-01,1.000000082740370870e-10,1.000000041370184609e-05
4.074682048521939826e-01,0.000000000000000000e+00,0.000000000000000000e+00,1.000000082740370870e-10,1.000000041370184609e-05
5.124965707849089558e-01,3.165804018556659383e-01,3.165804018240079287e-01,1.000000082740370870e-10,1.000000041370184609e-05
9.436497930825380465e-01,6.855515815175430294e-01,6.855515814489878679e-01,1.000000082740370870e-10,1.000000041370184609e-05
2.312582570981860097e-01,3.841185365348722680e-01,3.841185364964604387e-01,1.000000082740370870e-10,1.000000041370184609e-05
