x,y,yp,yv,ysd
4.951759426621720195e-01,1.236283173366239940e-01,1.236283596646173821e-01,3.867643324389311579e-08,1.966632483304725564e-04
7.639979966140040268e-01,4.369547262053120190e-02,4.369558932566719456e-02,3.867642216941844515e-08,1.966632201745370739e-04
3.270341040721779780e-01,-1.769400720373590086e-01,-1.769400307668275718e-01,3.867643682436237021e-08,1.966632574335185101e-04
1.269504005322230067e-01,1.247128690271720047e-01,1.247128275342277576e-01,3.867643998849799039e-08,1.966632654780703783e-04
9.524180892234049844e-01,-5.575482934734840024e-01,-5.575482057323437601e-01,3.867643879500823892e-08,1.966632624437219168e-04
6.661021428105110553e-01,4.424517065265159976e-01,4.424514918937347829e-01,3.867641872772706882e-08,1.966632114243207022e-04
