x,y,yp,yv,ysd
6.852415255658950155e-01,1.379633269949639973e-01,1.379633230248567821e-01,1.003910333542218127e-08,1.001953259160435144e-04
4.506147264813379905e-01,3.172378142019299796e-01,3.172377609166928125e-01,1.003910298847748607e-08,1.001953241847017870e-04
1.495813773944970060e-01,-4.779097508965700070e-01,-4.779098081947716903e-01,1.003908825026683418e-08,1.001952506372773836e-04
5.466220922923340497e-01,5.508220977254799783e-02,5.508224333051675581e-02,1.003910273867730553e-08,1.001953229381357177e-04
8.713669802139819565e-01,4.838131999635639779e-01,4.838131611602042303e-01,1.003910366848908866e-08,1.001953275781315434e-04
1.692216487523789947e-01,-5.161868000364360221e-01,-5.161866971210107291e-01,1.003908815312231952e-08,1.001952501525013323e-04
