x,y,yp,yv,ysd
4.951759426621720195e-01,6.811766108101080519e-01,6.811766111057884210e-01,9.999467920351891208e-11,9.999733956636991738e-06
7.639979966140040268e-01,6.012437660940151973e-01,6.012437667461694168e-01,9.999467920351891208e-11,9.999733956636991738e-06
3.270341040721779780e-01,3.806082214361249938e-01,3.806082215143087311e-01,1.000017846308765131e-10,1.000008923114571570e-05
1.269504005322230067e-01,6.822611625006560487e-01,6.822611623589864838e-01,1.000000082740370870e-10,1.000000041370184609e-05
9.524180892234049844e-01,0.000000000000000000e+00,-5.253819601591658284e-11,9.999112648984008573e-11,9.999556314649169940e-06
6.661021428105110553e-01,1.000000000000000000e+00,9.999999990724162124e-01,9.998757377616131108e-11,9.999378669505486339e-06
