x.1,y,yp,yv,ysd
0.16273,0.0097372,0.0097372,3.8165e-16,1.9536e-08
0.7043,0.5208,0.5208,3.8165e-16,1.9536e-08
0.40747,-0.4792,-0.4792,3.9358e-16,1.9839e-08
0.5125,-0.16262,-0.16262,3.8165e-16,1.9536e-08
0.94365,0.20635,0.20635,3.8165e-16,1.9536e-08
0.23126,-0.095079,-0.095079,3.6973e-16,1.9228e-08
