"","x","y","yp","yv","ysd"
"1",0.162733081573,0.00973717189177879,0.00973717189177881,0,0
"2",0.704304243515556,0.520802461640028,0.520802461640028,0,0
"3",0.407468204852194,-0.479197538359972,-0.479197538359972,4.72366278786945e-17,6.87289079490534e-09
"4",0.512496570784909,-0.162617136504306,-0.162617136504306,4.95984592726293e-16,2.22707115451279e-08
"5",0.943649793082538,0.206354043157571,0.206354043157571,0,0
"6",0.231258257098186,-0.0950790018250997,-0.0950790018250997,4.72366278786945e-17,6.87289079490534e-09
