"","x","y","yp","yv","ysd"
"1",0.685241525565895,0.137963326994964,0.137963326994964,1.38777878078145e-17,3.72529029846191e-09
"2",0.450614726481338,0.31723781420193,0.31723781420193,0,0
"3",0.149581377394497,-0.47790975089657,-0.47790975089657,0,0
"4",0.546622092292334,0.055082209772548,0.055082209772548,0,0
"5",0.871366980213982,0.483813199963564,0.483813199963564,1.38777878078145e-17,3.72529029846191e-09
"6",0.169221648752379,-0.516186800036436,-0.516186800036436,0,0
