"","x","y","yp","yv","ysd"
"1",0.58294987368087,-0.406779184644801,-0.0189199040526638,0.161056390836921,0.401318316099478
"2",0.786269751377404,-0.34956688351971,-0.101019550849857,0.161056390836921,0.401318316099478
"3",0.331984349138414,-0.0585492590963735,0.0824188393925822,0.161056390836921,0.401318316099478
"4",0.396672529905724,-0.0588451119459444,0.0562980446472899,0.161056390836921,0.401318316099478
"5",0.129574203553299,0.593220815355199,0.164151140478801,0.161056390836921,0.401318316099478
"6",0.989117538517651,0.280519623851629,-0.182928569616153,0.161056390836921,0.401318316099478
