x,y,yp,yv,ysd
5.829498736808700343e-01,-4.067791846448010062e-01,-4.067791326360526427e-01,3.000017580646019167e-08,1.732055882656797997e-04
7.862697513774039582e-01,-3.495668835197099922e-01,-3.495668284942530235e-01,3.000017613952709906e-08,1.732055892271583094e-04
3.319843491384140144e-01,-5.854925909637349879e-02,-5.854917032558032419e-02,3.000016825694362422e-08,1.732055664721651614e-04
3.966725299057239917e-01,-5.884511194594439776e-02,-5.884518092573492315e-02,3.000016789612114121e-08,1.732055654305632980e-04
1.295742035532989889e-01,5.932208153551989938e-01,5.932207125924482405e-01,3.000017652810515767e-08,1.732055903488832554e-04
9.891175385176510515e-01,2.805196238516289853e-01,2.805195614316341457e-01,3.000017658361630891e-08,1.732055905091296646e-04
