"","x","y","yp","yv","ysd"
"1",0.685241525565895,0.137963326994964,0.135310829006923,0.00325763145719253,0.0570756643166992
"2",0.450614726481338,0.31723781420193,0.307126094404215,0.00324279769189382,0.0569455677985023
"3",0.149581377394497,-0.47790975089657,-0.487606620322297,0.00287256384995862,0.0535963044431108
"4",0.546622092292334,0.055082209772548,0.063061049321877,0.00322503248478568,0.0567893694698725
"5",0.871366980213982,0.483813199963564,0.478142049074572,0.00327130622070522,0.0571953339067552
"6",0.169221648752379,-0.516186800036436,-0.49944233015508,0.0028706605740075,0.0535785458369999
