x.1,y,yp,yv,ysd
0.49518,0.12363,0.12363,4.3132e-16,2.0768e-08
0.764,0.043695,0.043695,4.3132e-16,2.0768e-08
0.32703,-0.17694,-0.17694,4.1784e-16,2.0441e-08
0.12695,0.12471,0.12471,4.3132e-16,2.0768e-08
0.95242,-0.55755,-0.55755,4.4479e-16,2.109e-08
0.6661,0.44245,0.44245,4.3132e-16,2.0768e-08
