x,y,yp,yv,ysd
6.196030847107369954e-01,6.308877601396729873e-02,5.929037096765456955e-02,1.698169249432815095e-02,1.303138231130072933e-01
4.986510158050809771e-01,6.025925505803779725e-01,5.663120783694695071e-01,1.698169249432815095e-02,1.303138231130072933e-01
8.966725299057239917e-01,-3.974074494196220275e-01,-3.734806187424256074e-01,1.698169249432815095e-02,1.303138231130072933e-01
1.295742035532989889e-01,-3.624933571942079991e-01,-3.406686098426903175e-01,1.698169249432815095e-02,1.303138231130072933e-01
8.224508718509849770e-01,-2.781237209947419742e-01,-2.613786418844447623e-01,1.698169249432815095e-02,1.303138231130072933e-01
2.020237535471099966e-01,3.723432010142260218e-01,3.499254211324360209e-01,1.698169249432815095e-02,1.303138231130072933e-01
