x,y,yp,yv,ysd
6.196030847107369954e-01,4.604962254335893124e-01,4.604962255650844050e-01,9.999612249345089894e-11,9.999806122793126429e-06
4.986510158050809771e-01,1.000000000000000000e+00,9.999999998747400864e-01,9.999934214022233774e-11,9.999967106957019197e-06
8.966725299057239917e-01,0.000000000000000000e+00,7.572731330895976498e-11,9.999556738193859928e-11,9.999778366640862628e-06
1.295742035532989889e-01,3.491409222541402846e-02,3.491409274854129219e-02,1.000017846308765131e-10,1.000008923114571570e-05
8.224508718509849770e-01,1.192837284248800533e-01,1.192837283313487040e-01,9.999712169417308743e-11,9.999856083673058947e-06
2.020237535471099966e-01,7.697506504338480493e-01,7.697506498934899577e-01,1.000017846308765131e-10,1.000008923114571570e-05
