x,y,yp,yv,ysd
4.951759426621720195e-01,1.236283173366239940e-01,1.236283173242611610e-01,1.000000082740370870e-10,1.000000041370184609e-05
7.639979966140040268e-01,4.369547262053120190e-02,4.369547261616165551e-02,1.000000082740370870e-10,1.000000041370184609e-05
3.270341040721779780e-01,-1.769400720373590086e-01,-1.769400720196649957e-01,1.000000082740370870e-10,1.000000041370184609e-05
1.269504005322230067e-01,1.247128690271720047e-01,1.247128690147007030e-01,1.000000082740370870e-10,1.000000041370184609e-05
9.524180892234049844e-01,-5.575482934734840024e-01,-5.575482934177292682e-01,1.000000082740370870e-10,1.000000041370184609e-05
6.661021428105110553e-01,4.424517065265159976e-01,4.424517064822708345e-01,1.000000082740370870e-10,1.000000041370184609e-05
