"","x","y","yp","yv","ysd"
"1",0.162733081573,0.00973717189177879,0.0137006251601727,0.00231089425528878,0.0480717615163911
"2",0.704304243515556,0.520802461640028,0.515576900984467,0.00238591359046647,0.0488458144621059
"3",0.407468204852194,-0.479197538359972,-0.466931808668061,0.00231952084836612,0.0481614041361557
"4",0.512496570784909,-0.162617136504306,-0.166923712905638,0.00233927811393996,0.0483660843354096
"5",0.943649793082538,0.206354043157571,0.205754549944669,0.00239368587642681,0.0489253091602578
"6",0.231258257098186,-0.0950790018250997,-0.103065670130441,0.00226773854082209,0.0476207784566998
