x,y,yp,yv,ysd
6.852415255658950155e-01,1.379633269949639973e-01,1.379633192439463640e-01,1.032962413694082717e-08,1.016347585078098483e-04
4.506147264813379905e-01,3.172378142019299796e-01,3.172377613318242418e-01,1.032962370672940513e-08,1.016347563913517029e-04
1.495813773944970060e-01,-4.779097508965700070e-01,-4.779098279139025740e-01,1.032960422231532296e-08,1.016346605362330199e-04
5.466220922923340497e-01,5.508220977254799783e-02,5.508224414919363904e-02,1.032962342917364897e-08,1.016347550258948017e-04
8.713669802139819565e-01,4.838131999635639779e-01,4.838131611012897459e-01,1.032962444225215894e-08,1.016347600098123908e-04
1.692216487523789947e-01,-5.161868000364360221e-01,-5.161866778982936443e-01,1.032960411129302049e-08,1.016346599900497499e-04
