"","x","y","yp","yv","ysd"
"1",0.495175942662172,0.123628317336624,3.12250225675825e-17,0.114135591226402,0.33783959392943
"2",0.763997996614004,0.0436954726205312,3.12250225675825e-17,0.114135591226402,0.33783959392943
"3",0.327034104072178,-0.176940072037359,3.12250225675825e-17,0.114135591226402,0.33783959392943
"4",0.126950400532223,0.124712869027172,3.12250225675825e-17,0.114135591226402,0.33783959392943
"5",0.952418089223405,-0.557548293473484,3.12250225675825e-17,0.114135591226402,0.33783959392943
"6",0.666102142810511,0.442451706526516,3.12250225675825e-17,0.114135591226402,0.33783959392943
