"","x","y","yp","yv","ysd"
"1",0.162733081573,0.00973717189177879,-0.114903332349767,0.096589143724025,0.310787940119988
"2",0.704304243515556,0.520802461640028,0.0683595444064291,0.096589143724025,0.310787940119988
"3",0.407468204852194,-0.479197538359972,-0.118419151128495,0.096589143724025,0.310787940119988
"4",0.512496570784909,-0.162617136504306,-0.076272362837451,0.096589143724025,0.310787940119988
"5",0.943649793082538,0.206354043157571,0.371472644939559,0.096589143724025,0.310787940119988
"6",0.231258257098186,-0.0950790018250997,-0.130237343030274,0.096589143724025,0.310787940119988
