x,y,yp,yv,ysd
1.627330815730000102e-01,9.737171891778790764e-03,9.737175069687742379e-03,2.528473313458822352e-08,1.590117389835990307e-04
7.043042435155559833e-01,5.208024616400279694e-01,5.208023665909100597e-01,2.528474351517350376e-08,1.590117716245357236e-04
4.074682048521939826e-01,-4.791975383599719751e-01,-4.791974046913651253e-01,2.528473686771314382e-08,1.590117507221184754e-04
5.124965707849089558e-01,-1.626171365043060091e-01,-1.626171588403064749e-01,2.528473819998077337e-08,1.590117549113296549e-04
9.436497930825380465e-01,2.063540431575709988e-01,2.063540410207234110e-01,2.528474455600758935e-08,1.590117748973565400e-04
2.312582570981860097e-01,-9.507900182509969322e-02,-9.507904893242286049e-02,2.528472898512966898e-08,1.590117259359499964e-04
