x,y,yp,yv,ysd
6.852415255658950155e-01,6.541501270314000749e-01,6.541501269210496794e-01,9.999912009561741271e-11,9.999956004684090955e-06
4.506147264813379905e-01,8.334246142383660017e-01,8.334246137128848986e-01,1.000017846308765131e-10,1.000008923114571570e-05
1.495813773944970060e-01,3.827704913986601509e-02,3.827704777675755565e-02,9.998757377616131108e-11,9.999378669505486339e-06
5.466220922923340497e-01,5.712690098089839852e-01,5.712690102706439177e-01,9.999290284667949891e-11,9.999645136037553400e-06
8.713669802139819565e-01,1.000000000000000000e+00,9.999999999097197723e-01,1.000002303186420249e-10,1.000001151592547024e-05
1.692216487523789947e-01,0.000000000000000000e+00,1.485894074448879110e-09,9.998757377616131108e-11,9.999378669505486339e-06
