x,y,yp,yv,ysd
5.829498736808700343e-01,0.000000000000000000e+00,2.778346441800749744e-10,1.000075577906045639e-10,1.000037788239047290e-05
7.862697513774039582e-01,5.721230112509101406e-02,5.721230119468412312e-02,1.000008964524567871e-10,1.000004482252238654e-05
3.319843491384140144e-01,3.482299255484275213e-01,3.482299268571633633e-01,1.000125537942153771e-10,1.000062767001228644e-05
3.966725299057239917e-01,3.479340726988566224e-01,3.479340714135279455e-01,1.000148852625670899e-10,1.000074423543403522e-05
1.295742035532989889e-01,1.000000000000000000e+00,9.999999996306874195e-01,1.000026728092962003e-10,1.000013363957183356e-05
9.891175385176510515e-01,6.872988084964299915e-01,6.872988083393640757e-01,9.999956418482726277e-11,9.999978209217621415e-06
