"","x","y","yp","yv","ysd"
"1",0.685241525565895,0.137963326994964,0.137963326984559,1.01872399405067e-11,3.19174559457779e-06
"2",0.450614726481338,0.31723781420193,0.317237814152382,1.01871705515677e-11,3.19173472449822e-06
"3",0.149581377394497,-0.47790975089657,-0.477909750990268,1.01874619851117e-11,3.19178037858366e-06
"4",0.546622092292334,0.055082209772548,0.0550822098131724,1.01871705515677e-11,3.19173472449822e-06
"5",0.871366980213982,0.483813199963564,0.483813199930921,1.01872399405067e-11,3.19174559457779e-06
"6",0.169221648752379,-0.516186800036436,-0.516186799890769,1.01864489066017e-11,3.19162167347599e-06
