"","x","y","yp","yv","ysd"
"1",0.58294987368087,-0.406779184644801,-0.381502274716825,0.00725520978542237,0.0851775192490505
"2",0.786269751377404,-0.34956688351971,-0.255067819734339,0.00725520978542237,0.0851775192490505
"3",0.331984349138414,-0.0585492590963735,-0.0418880614312369,0.00725520978542237,0.0851775192490505
"4",0.396672529905724,-0.0588451119459444,-0.181815189960751,0.00725520978542237,0.0851775192490505
"5",0.129574203553299,0.593220815355199,0.630995284880749,0.00725520978542237,0.0851775192490505
"6",0.989117538517651,0.280519623851629,0.229278060962408,0.00725520978542237,0.0851775192490505
