"","x","y","yp","yv","ysd"
"1",0.495175942662172,0.123628317336624,0.123628317336624,1.07392909538212e-16,1.03630550291992e-08
"2",0.763997996614004,0.0436954726205312,0.0436954726205311,0,0
"3",0.327034104072178,-0.176940072037359,-0.176940072037359,0,0
"4",0.126950400532223,0.124712869027172,0.124712869027172,2.68482273845529e-17,5.18152751459962e-09
"5",0.952418089223405,-0.557548293473484,-0.557548293473484,0,0
"6",0.666102142810511,0.442451706526516,0.442451706526516,1.34241136922765e-16,1.15862477499303e-08
