x,y,yp,yv,ysd
6.196030847107369954e-01,6.308877601396729873e-02,3.497873928182499564e-02,1.007070772378074464e-01,3.173437839911276148e-01
4.986510158050809771e-01,6.025925505803779725e-01,3.340994872883551459e-01,1.007070772378074464e-01,3.173437839911276148e-01
8.966725299057239917e-01,-3.974074494196220275e-01,-2.203373178677746347e-01,1.007070772378074464e-01,3.173437839911276148e-01
1.295742035532989889e-01,-3.624933571942079991e-01,-2.009796534825557535e-01,1.007070772378074325e-01,3.173437839911275593e-01
8.224508718509849770e-01,-2.781237209947419742e-01,-1.542020297247226057e-01,1.007070772378074464e-01,3.173437839911276148e-01
2.020237535471099966e-01,3.723432010142260218e-01,2.064407695226332107e-01,1.007070772378074186e-01,3.173437839911275593e-01
