"","x","y","yp","yv","ysd"
"1",0.495175942662172,0.123628317336624,0.216284633365437,0.0764099159849533,0.276423436026964
"2",0.763997996614004,0.0436954726205312,-0.0231927873891926,0.0764099159849533,0.276423436026964
"3",0.327034104072178,-0.176940072037359,0.176012684774165,0.0764099159849533,0.276423436026964
"4",0.126950400532223,0.124712869027172,-0.0624968890892187,0.0764099159849533,0.276423436026964
"5",0.952418089223405,-0.557548293473484,-0.413909744463903,0.0764099159849533,0.276423436026964
"6",0.666102142810511,0.442451706526516,0.107302102802711,0.0764099159849533,0.276423436026964
