x,y,yp,yv,ysd
5.829498736808700343e-01,0.000000000000000000e+00,2.217834804696394713e-10,9.998291083945787250e-11,9.999145505464848200e-06
7.862697513774039582e-01,5.721230112509101406e-02,5.721230131742593983e-02,9.999912009561741271e-11,9.999956004684090955e-06
3.319843491384140144e-01,3.482299255484275213e-01,3.482299267492710015e-01,9.997935812577908492e-11,9.998967853022584930e-06
3.966725299057239917e-01,3.479340726988566224e-01,3.479340715769350112e-01,9.997802585814952181e-11,9.998901232542979793e-06
1.295742035532989889e-01,1.000000000000000000e+00,9.999999996094093291e-01,9.998446515169233479e-11,9.999223227415834301e-06
9.891175385176510515e-01,6.872988084964299915e-01,6.872988082496833684e-01,9.999823191719771258e-11,9.999911595469117753e-06
