x,y,yp,yv,ysd
6.196030847107369954e-01,4.604962254335893124e-01,4.604962255738138666e-01,1.000017846308765131e-10,1.000008923114571570e-05
4.986510158050809771e-01,1.000000000000000000e+00,9.999999999004819395e-01,1.000013405416666501e-10,1.000006702685870232e-05
8.966725299057239917e-01,0.000000000000000000e+00,1.165740837194562118e-10,1.000031168985060633e-10,1.000015584371093974e-05
1.295742035532989889e-01,3.491409222541402846e-02,3.491409282078311582e-02,1.000053373445553136e-10,1.000026686366695498e-05
8.224508718509849770e-01,1.192837284248800533e-01,1.192837282701459944e-01,1.000023397423888127e-10,1.000011698643514939e-05
2.020237535471099966e-01,7.697506504338480493e-01,7.697506498119101037e-01,1.000017846308765131e-10,1.000008923114571570e-05
