x.1,y,yp,yv,ysd
0.6196,0.063089,0.063089,3.4301e-15,5.8567e-08
0.49865,0.60259,0.60259,3.4301e-15,5.8567e-08
0.89667,-0.39741,-0.39741,3.5373e-15,5.9475e-08
0.12957,-0.36249,-0.36249,3.4301e-15,5.8567e-08
0.82245,-0.27812,-0.27812,3.3229e-15,5.7645e-08
0.20202,0.37234,0.37234,3.3229e-15,5.7645e-08
