x,y,yp,yv,ysd
6.196030847107369954e-01,6.308877601396729873e-02,6.308877600765842864e-02,1.000000082740370870e-10,1.000000041370184609e-05
4.986510158050809771e-01,6.025925505803779725e-01,6.025925505201186194e-01,1.000000082740370870e-10,1.000000041370184609e-05
8.966725299057239917e-01,-3.974074494196220275e-01,-3.974074493798812613e-01,1.000000082740370870e-10,1.000000041370184609e-05
1.295742035532989889e-01,-3.624933571942079991e-01,-3.624933571579586622e-01,1.000000082740370870e-10,1.000000041370184609e-05
8.224508718509849770e-01,-2.781237209947419742e-01,-2.781237209669295551e-01,1.000000082740370870e-10,1.000000041370184609e-05
2.020237535471099966e-01,3.723432010142260218e-01,3.723432009769916951e-01,1.000000082740370870e-10,1.000000041370184609e-05
