"","beta.1","beta.2","sigma2","delta"
"1",0.302209162028292,0.30946277448238,0.0323442420520754,0
