beta.1,beta.2,sigma2,delta,mu
1.4142,1.9152,0.034659,0,0.14822
