"","beta.1","beta.2","sigma2","delta"
"1",0.208068799938523,0.202445949757387,0.0540925391206393,5.40925399333667e-10
