"","beta.1","beta.2","sigma2","delta"
"1",19.9343200179011,20.7837640775486,0.0526077169785854,0
