"","beta.1","beta.2","sigma2","delta"
"1",0.115512741124973,0.0803818270223551,0,0.00177377552520119
