beta.1,beta.2,sigma2,delta
1.803620686973468890e-01,2.016722298704485827e-01,1.710877459354991637e-01,4.981285237019448999e-05
