"","beta.1","beta.2","sigma2","delta"
"1",19.9350266983242,20.7838986851069,0.0526055521762037,0
