"","beta.1","beta.2","sigma2","delta"
"1",0.0488213556347411,0.0815776854855224,0,"1e-06"
