"","beta.1","beta.2","sigma2","delta"
"1",1e-10,1.94957142814994,0,0.0351255971140231
