"","beta.1","beta.2","sigma2","delta"
"1",0.00336158209492889,0.0112717944939789,0.0365772134992719,0
