beta.1,beta.2,sigma2,delta
2.088370053575983321e-01,1.813091762729145962e-01,1.879042327531633416e-01,1.916229149730256575e-08
