beta.1,beta.2,sigma2,delta
1.311849727235400720e-01,1.686099841015895051e-01,3.755337080938397215e-02,5.464338897434497684e-11
