"","beta.1","beta.2","sigma2","delta"
"1",0.0550657522259151,0.0790587677637073,0,"1e-06"
