"","beta.1","beta.2","sigma2","delta"
"1",0.0872912045362043,0.0657690390539069,0,"1e-06"
