"","beta.1","beta.2","sigma2","delta"
"1",0.05538965576093,0.084477735134485,0,"1e-06"
