"","beta.1","beta.2","sigma2","delta"
"1",0.0724626445167584,0.0652519478501249,0,"1e-06"
