"","beta.1","beta.2","sigma2","delta"
"1",24.0617484851117,18.0073831561336,0.0447585517360845,0
