"","beta.1","beta.2","sigma2","delta"
"1",-0.0925562151180031,-0.0795140811263253,0.0385982356946977,0
