"","beta.1","beta.2","sigma2","delta"
"1",0.0488213556347389,0.0815776854855466,0,"1e-06"
