"","beta.1","beta.2","beta.3","beta.4","beta.5","sigma2","delta"
"1",0.741500161913526,-0.477484763103268,-1.25562131864482,0.0961647371274737,1.52107263943396,0.0177341830109029,0
