"","beta.1","beta.2","sigma2","delta"
"1",0.227454071910313,0.254372495276202,0.0476447927721329,0
