beta.1,beta.2,sigma2,delta
3.027282553514784036e-01,3.521086345116527516e-01,1.319093997456222134e-01,1.345688824542224337e-11
