"","beta.1","beta.2","sigma2","delta"
"1",0.222821588714762,0.225904278284439,0.0483145670107938,0
