beta.1,beta.2,sigma2,delta
1.663041646049302491e+00,1.722376633380149125e+00,5.238878913803084181e-02,2.220446049250313081e-15
