"","beta.1","beta.2","sigma2","delta"
"1",0.0778186597574587,0.0728382725561164,0,0.000810071609697622
