beta.1,beta.2,sigma2,delta
1.794087260697693753e-01,1.520572373098058316e-01,3.705334837974087747e-02,3.390005531149855623e-05
