beta.1,beta.2,sigma2,delta
4.199094426912489686e-01,5.245317797178736807e-01,2.301397593777886885e-01,1.318483823457324918e-11
