beta.1,beta.2,sigma2,delta
1.659090653216751254e-01,1.988300315089295833e-01,9.878881432559430409e-02,1.270372043263406123e-08
