"","beta.1","beta.2","sigma2","delta"
"1",0.183143723605553,0.245435032971708,0.0408230256774956,4.08230262908517e-10
