beta.1,beta.2,sigma2,delta
3.979722980084023365e-01,4.811169997375396301e-01,1.323322283114220788e-01,2.196556284839120680e-11
