"","beta.1","beta.2","sigma2","delta"
"1",0.173074876514042,0.218644120928974,0.0440404058722026,0
