beta.1,beta.2,sigma2,delta
1.938694485585091831e+00,1.430927328544879806e+00,3.477811234517525635e-02,2.220446049250313081e-15
