beta.1,beta.2,sigma2,delta
1.970305609323875551e+00,1.548093779676836146e+00,4.379884193462003222e-02,2.220446049250313081e-15
