beta.1,beta.2,sigma2,delta,mu
1.6818,1.834,0.050773,0,-0.0056277
