"","beta.1","beta.2","sigma2","delta"
"1",0.332278312776099,0.240249534059961,0.0424518076246627,0
