"","beta.1","beta.2","sigma2","delta"
"1",24.0612206422235,18.0072087812672,0.0447599248257598,0
