"","beta.1","beta.2","sigma2","delta"
"1",19.93524895747,20.7843005783489,0.0526039688618404,9.19809524425717e-13
