"","beta.1","beta.2","sigma2","delta"
"1",22.3758305458047,17.046261461455,0.0366035354199935,0
