"","beta.1","beta.2","sigma2","delta"
"1",1e-10,1.94119566202164,0.0440845284781549,0
