"","beta.1","beta.2","sigma2","delta"
"1",0.332278357263787,0.240249508177897,0.0424518058472909,4.24518064851191e-10
