beta.1,beta.2,sigma2,delta
2.200599528771246760e+00,1.524970098403552354e+00,3.962399831468478573e-02,2.220446049250313081e-15
