"","beta.1","beta.2","sigma2","delta"
"1",0.177719552319565,0.22672402267871,0.0440932313422718,4.4093232004762e-10
