"","beta.1","beta.2","sigma2","delta"
"1",24.060570007944,18.006881205928,0.0447618930775822,8.11103717859981e-12
