"","beta.1","beta.2","sigma2","delta"
"1",15.5555314627685,21.5718468543376,0.036990289199185,3.07118660010528e-05
