"","beta.1","beta.2","sigma2","delta"
"1",29.1704647981605,17.5594665509136,0.0373762235442269,0
