"","beta.1","beta.2","sigma2","delta"
"1",0.067390987929095,0.0820393996060841,0,0.000607286850531224
