"","beta.1","beta.2","sigma2","delta"
"1",0.130922216620413,0.16874453770392,0.0373762731215813,3.73762736831508e-10
