beta.1,beta.2,sigma2,delta
3.075819575824966234e-01,3.821837389232732307e-01,2.369476233908710816e-01,8.947495139616906257e-12
