beta.1,beta.2,sigma2,delta
4.610040190419988360e-01,4.489340646850932814e-01,2.563792249147190949e-01,9.999239949376914914e-09
