"","beta.1","beta.2","sigma2","delta"
"1",0.248225443019765,0.289926256617482,0.0416150452572708,4.16150458825268e-10
