beta.1,beta.2,sigma2,delta
3.461973313573631916e-01,3.319480601161551303e-01,2.665949734169079655e-01,9.999341027082315360e-09
