"","beta.1","beta.2","sigma2","delta"
"1",0.177717879016473,0.226723365125667,0.0440925895476387,0
