"","beta.1","beta.2","sigma2","delta"
"1",16.1236541942859,22.2183144294401,0.0360177002602071,0
