"","beta.1","beta.2","sigma2","delta"
"1",0.0553896557609438,0.0844777351344717,0,"1e-06"
