beta.1,beta.2,sigma2,delta
1.348598935389007547e+00,1.843422992409110561e+00,3.629908269315349628e-02,2.220446049250313081e-15
