beta.1,beta.2,sigma2,delta
1.440685412817408750e-01,1.666484449145237967e-01,4.502482688804401723e-02,1.029607421691823081e-10
