"","beta.1","beta.2","sigma2","delta"
"1",22.5539230049387,16.6439556298669,0.0392546394759965,0
