"","beta.1","beta.2","sigma2","delta"
"1",0.267366220940807,0.209618534510494,0.0433593969819289,0
