beta.1,beta.2,sigma2,delta
4.231229595457910997e-01,3.504034865446814528e-01,2.361100243687964673e-01,2.910971940049664738e-11
