beta.1,beta.2,sigma2,delta
1.583684412757146165e-01,1.550903530765855853e-01,5.259456239357133966e-02,1.342013442438525922e-11
