"","beta.1","beta.2","sigma2","delta"
"1",0.183143435994688,0.24543469590194,0.0408229213231854,0
