"","beta.1","beta.2","sigma2","delta"
"1",0.0706919719212902,0.0842550427647056,0,0.00141907862482254
