"","beta.1","beta.2","beta.3","beta.4","beta.5","sigma2","delta"
"1",-0.100562263545355,0.467394578250212,0.763127704214178,0.0421401267687519,-0.747932969377153,0.0280834154757819,0
