"","beta.1","beta.2","sigma2","delta"
"1",0.173074859194236,0.218644098239084,0.0440403925601692,4.40403932218655e-10
