"","beta.1","beta.2","sigma2","delta"
"1",0.149484617671322,0.171266004589722,0.0366038321546492,3.6603832704613e-10
