"","beta.1","beta.2","sigma2","delta"
"1",22.3761769448473,17.0466951075529,0.0366019630576731,0
