beta.1,beta.2,sigma2,delta
6.413925938080764499e-01,5.031335226658861792e-01,2.450885313990737169e-01,1.979986915829820405e-11
