"","beta.1","beta.2","sigma2","delta"
"1",0.179282660492177,0.152242662214576,0.0369889054902085,3.0707056430109e-05
