"","beta.1","beta.2","sigma2","delta"
"1",16.1233645377607,22.2185559312558,0.0360180010961319,0
