"","beta.1","beta.2","sigma2","delta"
"1",-0.225715946088166,0.0851555839515646,0.0242073222918763,0
