beta.1,beta.2,sigma2,delta,mu
2.8284,1.4142,0.035665,0,0.11115
