"","beta.1","beta.2","beta.3","beta.4","beta.5","sigma2","delta"
"1",-0.612672845057279,-0.00871648168771509,-0.612328444484013,0.824026208958681,0.281350940036885,0.0186907444156853,0
