beta.1,beta.2,sigma2,delta
3.059358712727396346e-01,3.670885054672390901e-01,2.137612629986954671e-01,8.233117555440611004e-12
