"","beta.1","beta.2","sigma2","delta"
"1",0.227453998856819,0.254372603608984,0.0476447906087646,4.76447913246161e-10
