"","beta.1","beta.2","sigma2","delta"
"1",0.0550657522259148,0.0790587677637053,0,"1e-06"
