"","beta.1","beta.2","beta.3","beta.4","beta.5","sigma2","delta"
"1",-0.513416085177567,0.765976311520915,-0.352331310029486,-0.497438905265489,0.61203629390606,0.0291547485036123,0
