"","beta.1","beta.2","sigma2","delta"
"1",29.1716634628731,17.5593748857741,0.0373750846379737,0
