"","beta.1","beta.2","sigma2","delta"
"1",0.391364931858952,0.0459112267261588,0.0325571361461173,0
