beta.1,beta.2,sigma2,delta
4.469178782768869485e-01,5.869599601075821127e-01,2.842914876012105907e-01,1.546608472079181574e-11
