"","beta.1","beta.2","sigma2","delta"
"1",12.4601723183658,18.5238917390446,0.0363999728886653,0
