"","beta.1","beta.2","sigma2","delta"
"1",23.0833129092433,15.5581313954098,0.037755231346937,0
