"","beta.1","beta.2","sigma2","delta"
"1",0.0673909879290941,0.0820393996060806,0,0.000607286850530923
