"","beta.1","beta.2","sigma2","delta"
"1",17.0850850738405,14.6791545289732,0.0354328099464883,0
