beta.1,beta.2,sigma2,delta
1.874459325268094112e-01,2.038525132591063604e-01,1.788784318852957300e-01,2.068201907794733842e-04
