"","beta.1","beta.2","sigma2","delta"
"1",0.267364041921649,0.209618111210275,0.0433587424752999,4.33587431267546e-10
