"","beta.1","beta.2","sigma2","delta"
"1",0.0778186597703916,0.0728382725708073,0,0.000810071610579143
