"","beta.1","beta.2","beta.3","beta.4","beta.5","sigma2","delta"
"1",0.650892673920913,-1.00091003789362,-1.20192842445999,0.526123781520257,0.865289251418215,0.0271557515346903,0
