"","beta.1","beta.2","sigma2","delta"
"1",0.248225758689574,0.28992731854648,0.041615267727048,0
