"","beta.1","beta.2","sigma2","delta"
"1",0.0671785644374562,0.0790127922104737,0,0.00109839324998542
