beta.1,beta.2,sigma2,delta
1.494732678081948374e-01,1.717137367011075944e-01,3.690007365353306645e-02,7.734730641829212572e-12
