"","beta.1","beta.2","sigma2","delta"
"1",0.158371543775736,0.155103524487504,0.0526056987518115,5.26056995421995e-10
