"","beta.1","beta.2","sigma2","delta"
"1",0.19514186130241,0.252588549136467,0.0419764948723364,4.19764955030231e-10
