"","beta.1","beta.2","sigma2","delta"
"1",29.1697120860859,17.5597288563192,0.0373765353468216,3.14572418714751e-12
