beta.1,beta.2,sigma2,delta
1.903266912187312754e-01,1.805814644308199324e-01,1.937991387433422308e-01,1.207066806379724549e-08
