"","beta.1","beta.2","sigma2","delta"
"1",0.195141889694296,0.252588420941872,0.0419764812889677,0
