"","beta.1","beta.2","sigma2","delta"
"1",0.222820398439903,0.225902933666045,0.0483140561348063,4.83140568607134e-10
