"","beta.1","beta.2","sigma2","delta"
"1",22.3758343586848,17.0462441336622,0.0366035668512318,1.10174670616955e-12
