"","beta.1","beta.2","sigma2","delta"
"1",17.4851996463116,18.9740177583283,0.0476033091509269,0
