"","beta.1","beta.2","beta.3","beta.4","sigma2","delta"
"1",8.38988093749345,1e-10,5.23604493458322e-06,0.0355125499069467,3672.05901264709,0
