"","beta.1","beta.2","beta.3","beta.4","sigma2","delta"
"1",54.5794190731484,0.000502658541043813,2.84670269116063e-07,0.0560672179502135,248868.219915134,0.000999548804000735
