beta.1,beta.2,beta.3,beta.4,sigma2,delta
2.202791730867847075e+00,5.942066392527519357e-03,5.904676294379401476e-04,4.929272329951109310e-02,6.167765827128957426e+03,2.220446049250313081e-15
