"","beta.1","beta.2","beta.3","beta.4","sigma2","delta"
"1",2.75442042558619,1e-10,1.05308324323092e-07,0.00634378703240763,27084.8934155068,0
