"","beta.1","beta.2","beta.3","beta.4","sigma2","delta"
"1",166.625193105815,1.83191237502652e-06,8.71272001908455e-06,0.109945020024678,18435.7549249228,0
