"","beta.1","beta.2","beta.3","beta.4","sigma2","delta"
"1",0.0558026303604495,2.76301742803038,2.76301742803038,2.76301742803038,0,8.56581659979374e-06
