beta.1,beta.2,beta.3,beta.4,sigma2,delta
1.988107408855472213e+00,3.958840173528583467e-04,2.819650709779772738e-02,3.994608472016538021e-03,2.432036396471511034e+04,2.220446049250313081e-15
