"","beta.1","beta.2","beta.3","beta.4","sigma2","delta"
"1",137.130909144923,6.04689475268688e-06,2.32080267514633e-05,0.181986506959852,11911.8562710787,5.93713978440434e-08
