"","beta.1","beta.2","beta.3","beta.4","beta.5","beta.6","beta.7","beta.8","beta.9","beta.10","beta.11","beta.12","beta.13","beta.14","sigma2","delta"
"1",61.9969355951604,29.9510756093488,-4.04774976849009,0.239221272253705,1.87821794536494,3.13570921965006,0.194773173561968,-2.12741394369015,1.78775658204326,-23.6417727815344,-28.0497501890414,2.68203319284695,-5.44300248939734,9.10227583411028,24.0361723886812,0
