"","beta.1","beta.2","beta.3","beta.4","sigma2","delta"
"1",79.070710296123,1.86972209618787,0.584405403464233,-30.7005528701291,43.8543695474888,0
