"","beta.1","beta.2","beta.3","beta.4","sigma2","delta"
"1",149.37962723538,1e-10,6.80960954357391e-06,0.207288114550913,5805.45205003433,5.70570292176343e-08
