"","beta.1","beta.2","beta.3","beta.4","sigma2","delta"
"1",104.817838928564,0.000709911550005527,1.48461180421657e-05,0.28554888840962,3284.9233053778,0
