"","beta.1","beta.2","beta.3","beta.4","sigma2","delta"
"1",0.0381078363354056,16,16,5.80066977620514,0,"1e-06"
