"","beta.1","beta.2","beta.3","beta.4","sigma2","delta"
"1",0.0615670147954073,3.00226913296312,3.00226913296312,3.00226913296312,0,4.33401162612401e-07
