"","beta.1","beta.2","beta.3","beta.4","sigma2","delta"
"1",132.835630968347,2.02077484499196e-06,3.72756131819298e-05,0.279481290629194,5978.02180770708,0
