"","beta.1","beta.2","beta.3","beta.4","beta.5","beta.6","beta.7","beta.8","beta.9","beta.10","beta.11","beta.12","beta.13","beta.14","sigma2","delta"
"1",63.4406297046988,29.8882273077785,9.01271840118846,-2.95535005041658,0.378872095883088,-4.6408254007025,8.36979408758043,-7.71066743541802,5.88715726274327,-27.8245216930955,-35.399540556396,-6.42495889256572,-2.44693341886702,20.1025472329842,24.7975618756749,0
