"","beta.1","beta.2","beta.3","beta.4","beta.5","beta.6","beta.7","beta.8","beta.9","beta.10","beta.11","beta.12","beta.13","beta.14","sigma2","delta"
"1",71.5226560324083,30.5287794783167,9.82833881755087,-11.4604165119376,-2.11502726075942,2.94003110931179,-3.42636187247158,-1.39913785387629,3.52157893684603,-22.2917015629125,-32.3573676859333,-3.73588801121558,-9.32171832007104,17.1174644767865,25.142498898913,0
