"","beta.1","beta.2","beta.3","beta.4","sigma2","delta"
"1",12.6165708997091,1e-10,1.79963515694935e-05,0.112815309588314,2159.90872914015,0
