"","beta.1","beta.2","beta.3","beta.4","sigma2","delta"
"1",78.9269462201569,-0.900373311021222,-0.638605788936176,-28.1922839249451,41.6290158230257,0
