"","beta.1","beta.2","beta.3","beta.4","sigma2","delta"
"1",0.0621491980838475,2.94827724841554,2.94827724841554,2.94827724841554,0,5.60929767879937e-06
