beta.1,beta.2,beta.3,beta.4,sigma2,delta,mu
15.102,0.00057858,0.0001,0.15136,493.11,0,0.31038
