"","beta.1","beta.2","beta.3","beta.4","sigma2","delta"
"1",0.0282691036202243,16,16,15.8762172822685,0,"1e-06"
