"","beta.1","beta.2","beta.3","beta.4","sigma2","delta"
"1",0.0279425212781967,16,16,8.55866541151007,0,"1e-06"
