"","beta.1","beta.2","beta.3","beta.4","sigma2","delta"
"1",128.857597685485,3.49851168620366e-09,5.38239925911371e-06,0.163090160021359,16000.327235068,0.000130450225425275
