"","beta.1","beta.2","beta.3","beta.4","sigma2","delta"
"1",2.10117916406891,1e-10,9.46966263706236e-06,0.0248472189084759,8057.567026591,0
