"","beta.1","beta.2","beta.3","beta.4","sigma2","delta"
"1",0.0697506735819799,3.03559950460788,3.03559950460788,3.03559950460788,0,2.08667297300794e-06
