beta.1,beta.2,beta.3,beta.4,sigma2,delta
4.616491666630120200e-02,1.160723774669425438e+03,3.709430171829544634e+02,1.355789724022930409e+00,9.712411764650130863e+03,1.231952283024357041e-15
