"","beta.1","beta.2","beta.3","beta.4","sigma2","delta"
"1",86.0352844848261,1e-10,2.95472266157022e-07,0.0408572810920902,72091.8856976569,7.64169717578504e-08
