"","beta.1","beta.2","beta.3","beta.4","sigma2","delta"
"1",0.0377382361545133,16,16,3.18757251220024,0,"1e-06"
