"","beta.1","beta.2","beta.3","beta.4","sigma2","delta"
"1",81.7794768563242,2.46002697512917e-07,0.000163108817357262,0.0580464932673165,252943.468957076,9.97148134655526e-08
