beta.1,beta.2,beta.3,beta.4,sigma2,delta,mu
1.2599,0.01392,0.25,0.035077,811.97,0,0.44216
