"","beta.1","beta.2","beta.3","beta.4","beta.5","beta.6","beta.7","beta.8","beta.9","beta.10","beta.11","beta.12","beta.13","beta.14","sigma2","delta"
"1",70.0370570808931,28.5803082748888,-8.1093048813074,3.31598486447817,2.34138327794955,-5.19970722598165,-3.6882367532639,4.63352943060978,4.17712671663376,-21.8469008269712,-39.9263360499112,2.8725016222615,-1.20899018231478,11.2889852508361,26.6858236962629,0
