"","beta.1","beta.2","beta.3","beta.4","sigma2","delta"
"1",78.6357365183823,0.521100496103012,-1.49631324619326,-29.9787876790942,44.9873035369085,0
