beta.1,beta.2,beta.3,beta.4,sigma2,delta,mu
2.6697,0.013139,0.0013036,0.046822,3786.6,0,1.5189
