"","beta.1","beta.2","beta.3","beta.4","sigma2","delta"
"1",77.789999656532,-1.52040571545175,0.832598464385223,-29.4406230518275,35.8825307149882,0
