beta.1,beta.2,beta.3,beta.4,sigma2,delta,mu
2.5198,0.088388,0.0049216,0.070154,538.78,0,0.1444
