"","beta.1","beta.2","beta.3","beta.4","sigma2","delta"
"1",74.5250557276493,0.00143131809019864,1.60963165121896e-06,0.102574749999198,27444.4803109264,8.0955694216474e-08
