"","beta.1","beta.2","beta.3","beta.4","sigma2","delta"
"1",0.0406352196747632,4.41897525244501,16,10.7080521720191,0,"1e-06"
