beta.1,beta.2,beta.3,beta.4,sigma2,delta
9.354124049566465704e-01,1.000000000000000048e-04,1.452516564382242137e-01,1.702947157005026482e-02,1.796675921956152888e+04,2.220446049250313081e-15
