beta.1,beta.2,beta.3,beta.4,sigma2,delta
1.229816819987421816e-01,5.093573960628101105e+01,1.397781185062940494e+03,4.781334986388972474e+00,4.673621634017305332e+05,7.528184624821456124e-04
