"","beta.1","beta.2","beta.3","beta.4","sigma2","delta"
"1",33.3103421667274,0.000201801121863812,2.71286988147535e-07,0.0224002830826196,433642.505188391,0.000745302998097679
