"","beta.1","beta.2","beta.3","beta.4","sigma2","delta"
"1",160.206826538294,1.83988085304588e-05,2.2052096662645e-05,0.193453279150026,9903.51812942785,0
