"","beta.1","beta.2","beta.3","beta.4","sigma2","delta"
"1",77.2573572156791,-0.859072010026205,-0.609322093806991,-28.477896625947,29.3283955459464,0
