beta.1,beta.2,beta.3,beta.4,sigma2,delta
4.900459704398225230e-02,2.041163473278487572e+03,3.093003511880018550e+02,2.319032070056246564e+00,1.633970438902691967e+04,1.231952283024357041e-15
