beta.1,beta.2,beta.3,beta.4,sigma2,delta
6.458900492633773416e-01,1.934733242502378880e-02,4.512166909466373485e-03,4.240737652500899124e-02,5.079017080806319427e+04,2.220446049250313081e-15
