beta.1,beta.2,beta.3,beta.4,sigma2,delta
7.823344660871119072e-02,1.485149750015031714e+03,5.736238745673478689e+01,2.934765780322696305e+00,2.651546947090502945e+05,1.231952283024357041e-15
