"","beta.1","beta.2","beta.3","beta.4","sigma2","delta"
"1",99.969840763145,4.61908417601174e-15,0.000373012826455956,0.131577818939878,98554.4578404614,0
