"","beta.1","beta.2","beta.3","beta.4","sigma2","delta"
"1",0.0667479577387378,2.72844815953375,2.72844815953375,2.72844815953375,0,8.45935046925421e-07
