beta.1,beta.2,beta.3,beta.4,sigma2,delta
6.775575947186962544e-02,5.485661154780602374e+03,3.419236183058691836e+02,1.845933728394529405e+00,3.425756266034318105e+04,1.091365958239956172e-04
