"","beta.1","beta.2","beta.3","beta.4","sigma2","delta"
"1",54.9265011733663,0.000895815299798804,5.36294161863931e-06,0.0811665278559618,13642.4666128173,9.37471743887627e-08
