beta.1,beta.2,beta.3,beta.4,sigma2,delta
9.040876710919056869e-01,1.000000000000000048e-04,1.102758639070232222e-01,1.728640514772212741e-02,3.951416731402899313e+04,2.220446049250313081e-15
