"","beta.1","beta.2","beta.3","beta.4","sigma2","delta"
"1",2.3303141765929,1e-10,5.26246277213831e-07,0.00528008860691355,30688.756074781,0
