"","beta.1","beta.2","beta.3","beta.4","beta.5","beta.6","beta.7","beta.8","beta.9","beta.10","beta.11","beta.12","beta.13","beta.14","sigma2","delta"
"1",61.3341587339289,28.7964261627388,7.10299994631407,-1.1680724321076,-6.0476034114659,2.4097916070826,1.97999623718887,2.8310960560822,-4.54543002526704,-24.707185412832,-26.2995793924636,-5.55132510722579,-0.987483862981381,12.0816561869968,19.0880418034468,0
