"","beta.1","beta.2","beta.3","beta.4","sigma2","delta"
"1",109.909033856477,2.2292414165098e-08,4.97133692169348e-07,0.0259700577076863,312418.456732993,0.000223394625550781
