"","beta.1","beta.2","beta.3","beta.4","beta.5","beta.6","sigma2","delta"
"1",0.391716947394121,0.366994833111269,0.515181825346157,0.419937657713527,0.404499923354667,0.405330027250528,0.0265834272195935,2.65834276190031e-10
