beta.1,beta.2,beta.3,beta.4,beta.5,beta.6,sigma2,delta
3.471290589824111428e-01,3.577090480668440042e-01,3.156454862059250299e-01,3.351063992574181971e-01,3.042604854281196203e-01,3.082977251467734492e-01,2.345123926205800596e-02,2.995404611398224311e-10
