"","beta.1","beta.2","beta.3","beta.4","beta.5","beta.6","sigma2","delta"
"1",4.89879888831387,6.57101372294239,6.13138196617757,3.46606742830372,7.01514449944679,3.31067548755333,0.0242156376143435,5.51982928609911e-05
