"","beta.1","beta.2","beta.3","beta.4","beta.5","beta.6","sigma2","delta"
"1",5.12022575529884,4.38946611640189,5.57999981425901,5.38080493087757,5.24381839283097,6.97558121591769,0.0219638299457313,0
