"","beta.1","beta.2","beta.3","beta.4","beta.5","beta.6","beta.7","beta.8","beta.9","beta.10","beta.11","beta.12","beta.13","beta.14","beta.15","beta.16","beta.17","beta.18","beta.19","beta.20","beta.21","beta.22","beta.23","beta.24","beta.25","beta.26","beta.27","sigma2","delta"
"1",0.241355102502197,-0.121251791344734,-0.785614269089364,0.113071077266048,0.206455255262248,-0.166909124034857,-0.0763568693454753,0.358153609119411,-0.0708940486313177,0.0664831467286701,-0.108989863249311,0.0236855053813257,0.214448502745322,-0.0559839353036526,-0.0576468858566426,-0.339737896399947,0.31155888786325,-0.128735781638862,-0.0754118962366473,0.229236216597819,-0.370470814143541,0.0365417059246733,0.290248923036898,0.104696242929094,-0.0300943424441527,-0.0124725210184578,0.124563382847191,0.0140819582109998,0
