"","beta.1","beta.2","beta.3","beta.4","beta.5","beta.6","sigma2","delta"
"1",0.433727606523615,0.340480066151186,0.712619171285557,0.339531252517361,0.355532642768777,0.444525301145322,0,"1e-06"
