"","beta.1","beta.2","beta.3","beta.4","beta.5","beta.6","sigma2","delta"
"1",0.560118630787009,0.560716769164815,0.452759630505389,0.404857219638594,0.309991484898892,0.276251698290105,0,"1e-06"
