"","beta.1","beta.2","beta.3","beta.4","beta.5","beta.6","sigma2","delta"
"1",0.41942814737075,0.657270276289449,0.473159144203465,1.0797580888181,0.703137526775851,0.926624754450066,0,0.0226898758434591
