"","beta.1","beta.2","beta.3","beta.4","beta.5","beta.6","sigma2","delta"
"1",0.405378695941899,0.5010883953403,0.462284289640822,0.39859551179749,0.407548654732101,0.385165803901901,0.0228752296161105,0
