"","beta.1","beta.2","beta.3","beta.4","beta.5","beta.6","sigma2","delta"
"1",5.5101329661904,5.75103276447379,4.91866129393384,4.22206575850187,4.85463358063572,4.01006877198687,0.0201765084900048,1.4264417649546e-07
