"","beta.1","beta.2","beta.3","beta.4","beta.5","beta.6","sigma2","delta"
"1",4.17800291130475,3.91336799812923,5.02012248494318,4.43752081318671,5.44460670803472,5.24347013101157,0.0233768823105596,4.83608947954473e-07
