"","beta.1","beta.2","beta.3","beta.4","beta.5","beta.6","sigma2","delta"
"1",0.0557508446500901,-0.0576346323491614,0.0360817858012848,-0.110801814155723,0.126518787517724,0.045392028013118,0.0212183963927812,0
