beta.1,beta.2,beta.3,beta.4,beta.5,beta.6,sigma2,delta
9.145155464763050635e-01,5.885037594397330984e-01,5.288601148601845825e-01,6.633791676127435144e-01,7.111450137479091715e-01,6.825528140115468823e-01,1.239598087152777584e-01,7.019180944265805168e-03
