"","beta.1","beta.2","beta.3","beta.4","beta.5","beta.6","sigma2","delta"
"1",0.346588033544134,0.380690626647601,0.419563056994009,0.459055994339416,0.467892992700293,0.464845554726547,0.0208346130504512,2.08346133634863e-10
