"","beta.1","beta.2","beta.3","beta.4","beta.5","beta.6","sigma2","delta"
"1",5.99582229459489,6.22288605119308,5.2282220456222,4.49186925511609,5.01746910236482,4.32488827830817,0.0204608698620419,0
