"","beta.1","beta.2","beta.3","beta.4","beta.5","beta.6","sigma2","delta"
"1",0.312493223758023,0.337504247878774,0.299341974822252,0.304832788236592,0.308788034089304,0.267728816571712,0.0219638272133545,0
