"","beta.1","beta.2","beta.3","beta.4","beta.5","beta.6","sigma2","delta"
"1",5.11953006682312,5.26894489780875,3.29188509348913,4.67781301340419,5.40156395790713,4.77224685675923,0.0270613867622882,0
