beta.1,beta.2,beta.3,beta.4,beta.5,beta.6,sigma2,delta
7.755638984251472801e-01,1.052136084810267436e+00,1.032064703468229094e+00,7.342450827628926868e-01,7.421686042597710475e-01,7.482377644319843091e-01,8.685422411466507675e-02,5.005191349350679442e-03
