"","beta.1","beta.2","beta.3","beta.4","beta.5","beta.6","sigma2","delta"
"1",0.818206012945153,1.4488967089185,1.99229948902865,0.632631520873435,0.628174026590465,0.810630289544318,0,0.0432557742338839
