beta.1,beta.2,beta.3,beta.4,beta.5,beta.6,sigma2,delta
6.003562940687772187e-01,9.590215960235102255e-01,1.056238618594961931e+00,5.314280375860316319e-01,5.519036314674037325e-01,6.428023332693505454e-01,9.849967796091690930e-02,7.336967213783381417e-03
