beta.1,beta.2,beta.3,beta.4,beta.5,beta.6,sigma2,delta,mu
0.56939,0.51095,0.5946,0.25547,0.64842,0.2973,0.019519,0,0.20916
