"","beta.1","beta.2","beta.3","beta.4","beta.5","beta.6","sigma2","delta"
"1",0.369406843674754,0.429189794339708,0.397315147402126,0.367125539678314,0.371061904998222,0.334182945055167,0.0229966327061614,0
