"","beta.1","beta.2","beta.3","beta.4","beta.5","beta.6","sigma2","delta"
"1",5.69433643071531,6.05182812103746,6.29027631458472,3.41299981943462,6.22248391546788,3.52600491667655,0.0209923095722211,0
