beta.1,beta.2,beta.3,beta.4,beta.5,beta.6,sigma2,delta
3.088372661452948309e-01,3.458302109574200034e-01,3.908383056767821273e-01,3.286889661459040934e-01,2.915078572922588651e-01,3.064962186198579297e-01,2.825494789207580806e-02,6.386973697447901425e-11
