beta.1,beta.2,beta.3,beta.4,beta.5,beta.6,sigma2,delta,mu
0.56939,0.51095,0.42045,0.41144,0.42045,0.33131,0.018576,0,0.19691
