"","beta.1","beta.2","beta.3","beta.4","beta.5","beta.6","sigma2","delta"
"1",1.43618131590517,0.687464112173579,0.521281882300474,0.849297709062316,0.899968126941437,0.940652081402929,0,0.0347428614023061
