beta.1,beta.2,beta.3,beta.4,beta.5,beta.6,sigma2,delta
3.027108511089245391e-01,2.951156343886620625e-01,3.221911918926185781e-01,3.422447608623306881e-01,3.180956823968911218e-01,3.510778589962301188e-01,2.028137692054969229e-02,2.428250226359371904e-10
