"","beta.1","beta.2","beta.3","beta.4","beta.5","beta.6","sigma2","delta"
"1",0.505018330082831,0.552807101485401,0.406753109044526,0.456658079239127,0.359305107188048,0.304246346062465,0,"1e-06"
