"","beta.1","beta.2","beta.3","beta.4","beta.5","beta.6","sigma2","delta"
"1",0.355917872082899,0.523932779355718,0.383242895609324,0.293475899744264,0.316173757399237,0.30585807960544,0,"1e-06"
