"","beta.1","beta.2","beta.3","beta.4","beta.5","beta.6","sigma2","delta"
"1",5.18328386279109,4.23647445308259,5.47287593527161,5.01165023985242,4.1086851129043,7.55736422223183,0.0246105314646328,0
