beta.1,beta.2,beta.3,beta.4,beta.5,beta.6,sigma2,delta
5.684924815474796667e-01,5.581079769857356654e-01,6.910790496650797143e-01,6.375962839008724181e-01,5.973559647139946582e-01,6.095977489673514160e-01,9.948819729422522795e-02,1.594652916539072853e-09
