"","beta.1","beta.2","beta.3","beta.4","beta.5","beta.6","sigma2","delta"
"1",0.352230445230527,0.504653867085364,0.492050114860023,0.462182528782517,0.361567088772165,0.344167786556069,0,0.01249193625353
