beta.1,beta.2,beta.3,beta.4,beta.5,beta.6,sigma2,delta
5.789419646030155020e-01,4.133496602660511887e-01,5.981934175113888807e-01,7.160000385887455021e-01,5.082041582797547363e-01,1.046303201447332576e+00,1.407207698690528253e-01,5.139917588615922420e-03
