"","beta.1","beta.2","beta.3","beta.4","beta.5","beta.6","sigma2","delta"
"1",0.0827620986994047,0.0510376880128999,-0.121076188285954,-0.00829542760610083,-0.132417062990066,-0.0269606363518573,0.0188735233550591,0
