"","beta.1","beta.2","beta.3","beta.4","beta.5","beta.6","sigma2","delta"
"1",0.369404482848694,0.429190516844124,0.397312619222427,0.367125450943656,0.371063793901199,0.334179324278051,0.0229965125035718,2.29965128490888e-10
