"","beta.1","beta.2","beta.3","beta.4","beta.5","beta.6","beta.7","beta.8","beta.9","beta.10","beta.11","beta.12","beta.13","beta.14","beta.15","beta.16","beta.17","beta.18","beta.19","beta.20","beta.21","beta.22","beta.23","beta.24","beta.25","beta.26","beta.27","sigma2","delta"
"1",0.535348612120995,-0.16036211307286,0.247975684991717,-0.232563301509884,-0.0254560535546341,0.177340732950653,-0.0899764763165335,-0.164689618288851,-0.0572222105272853,-0.553288616112959,-0.0551696907399227,0.0973587855747862,0.182184683793443,0.2400796425328,-0.19179766407067,-0.102438849486954,-0.113634099112984,0.0241473602308469,0.231897112536121,-0.00459971026300587,-0.209885845174363,-0.109908691809263,0.0899266241591901,-0.439241378923195,0.157616486492997,0.0755839097047276,0.30552821797241,0.014691051247655,0
