"","beta.1","beta.2","beta.3","beta.4","beta.5","beta.6","sigma2","delta"
"1",0.288779594886008,0.28345818458062,0.309251231762114,0.333636095465497,0.315675514809902,0.340013379151083,0.0204609995236577,2.04609998310793e-10
