"","beta.1","beta.2","beta.3","beta.4","beta.5","beta.6","sigma2","delta"
"1",0.267654699354509,0.639286960469422,0.365193061848656,0.31956901078688,0.57360056932268,0.203898766292976,0,"1e-06"
