beta.1,beta.2,beta.3,beta.4,beta.5,beta.6,sigma2,delta,mu
0.52214,0.36921,0.40262,0.43906,0.62093,0.4788,0.021574,0,-0.16799
