"","beta.1","beta.2","beta.3","beta.4","beta.5","beta.6","sigma2","delta"
"1",0.325179658101485,0.341139843507027,0.380775429447791,0.406912219397931,0.405920316486959,0.419222239863729,0.0211071378970767,2.11071382142064e-10
