beta.1,beta.2,beta.3,beta.4,beta.5,beta.6,sigma2,delta
8.773560270670814898e-01,1.121754271942273062e+00,1.048954487616847953e+00,8.531670754234066401e-01,8.486556604010311311e-01,8.223147497835522346e-01,8.858452736347754986e-02,2.568173573397160465e-03
