"","beta.1","beta.2","beta.3","beta.4","beta.5","beta.6","sigma2","delta"
"1",0.396569505040796,0.407981923665767,0.54642979936483,0.588200748137099,0.523960440699347,0.507851320142419,0,0.0278236160457841
