"","beta.1","beta.2","beta.3","beta.4","beta.5","beta.6","sigma2","delta"
"1",0.469254610121139,0.337061857840976,0.433678307029491,0.612029218679569,0.365241627908849,0.580501468459806,0.0262034317458849,2.62034321395852e-10
