"","beta.1","beta.2","beta.3","beta.4","beta.5","beta.6","sigma2","delta"
"1",0.000400137556141898,-0.126359117771953,-0.025163579918194,0.0409765690278144,-0.0603352213367857,-0.0738416037906064,0.0182655118016948,0
