"","beta.1","beta.2","beta.3","beta.4","beta.5","beta.6","sigma2","delta"
"1",5.24501335587508,4.16817725855224,3.2877545733603,4.60083445801341,5.81690539578389,5.32616805521858,0.0282584003982862,0
