beta.1,beta.2,beta.3,beta.4,beta.5,beta.6,sigma2,delta
8.503253586065477876e-01,7.691697280376228463e-01,6.841161287491507315e-01,7.204659486961672021e-01,6.617383970191694775e-01,6.709503646692220880e-01,1.157106860613649202e-01,9.394240359552228584e-04
