beta.1,beta.2,beta.3,beta.4,beta.5,beta.6,sigma2,delta
8.251200887447314170e-01,8.985537241190797442e-01,9.044247341499245252e-01,1.050450648263084208e+00,9.745627160879111184e-01,1.096601457046340489e+00,1.300208141169102161e-01,1.808061880027758278e-09
