"","beta.1","beta.2","beta.3","beta.4","beta.5","beta.6","sigma2","delta"
"1",0.312566913605474,0.337649639627214,0.299531545802513,0.305006169830748,0.308956763239119,0.267925830516351,0.0219594591306599,1.05772057021538e-05
