"","beta.1","beta.2","beta.3","beta.4","beta.5","beta.6","sigma2","delta"
"1",5.11469518628969,4.37997365560422,5.5705380025918,5.37920473403149,5.24087776920289,6.97388595208153,0.0219616556276375,9.43357908740315e-06
