"","beta.1","beta.2","beta.3","beta.4","beta.5","beta.6","sigma2","delta"
"1",5.1745104738049,4.22884324336968,5.45194047565139,4.99685331793668,4.0896585650016,7.53264476393714,0.0246094365778749,2.82559090987489e-05
