"","beta.1","beta.2","beta.3","beta.4","beta.5","beta.6","sigma2","delta"
"1",1.4343867515189,0.726981151708063,0.507285121974658,0.914453545701818,0.951740316947313,0.97676295155141,0,0.0343816231818483
