"","beta.1","beta.2","beta.3","beta.4","beta.5","beta.6","beta.7","beta.8","beta.9","beta.10","beta.11","beta.12","beta.13","beta.14","beta.15","beta.16","beta.17","beta.18","beta.19","beta.20","beta.21","beta.22","beta.23","beta.24","beta.25","beta.26","beta.27","sigma2","delta"
"1",0.190895005154865,-0.118204941039739,0.0262104753644522,0.0925505547668006,-0.109193105792505,0.388287378457421,-0.243406129812312,0.0787114226652402,-0.218868014803578,-0.413216910949882,0.271958966619189,-0.122573065294941,0.243191808173179,0.0577536743965774,-0.101630730310639,-0.287809462132311,-0.00269537794264112,-0.138092402615538,0.25033323990309,0.138583264779688,-0.00175093256768496,0.106356949703604,-0.113087038311992,-0.191057284022957,-0.0198920961768562,-0.0518317185272342,0.0831917499575037,0.0164630857604938,0
