"","beta.1","beta.2","beta.3","beta.4","beta.5","beta.6","sigma2","delta"
"1",0.517723298597791,0.497364026533483,0.410203398370194,0.462102144956683,0.374265079967374,0.443974612413115,0.0232304865181838,2.32304868672163e-10
