beta.1,beta.2,beta.3,beta.4,beta.5,beta.6,sigma2,delta
3.115953612295853103e-01,3.437520542174732352e-01,3.032992957780592524e-01,3.175191500937669664e-01,3.515043109858041470e-01,2.584194059615765870e-01,2.463409092045110854e-02,7.043555525019174412e-05
