beta.1,beta.2,beta.3,beta.4,beta.5,beta.6,sigma2,delta
9.439929253254761843e-01,7.594230527683271115e-01,8.877016886674983231e-01,1.198912480617182030e+00,8.191378183922950473e-01,1.268263222963915249e+00,1.430760906782317654e-01,5.542315391486248641e-10
