"","beta.1","beta.2","beta.3","beta.4","beta.5","beta.6","sigma2","delta"
"1",5.7062988358163,6.05312964275199,6.25370531349384,3.41202823633379,6.23252441346272,3.52124741545377,0.0209988258792784,2.48615116002772e-06
