beta.1,beta.2,beta.3,beta.4,beta.5,beta.6,sigma2,delta
2.966294362771322857e-01,2.891964985031397761e-01,2.844962022142067393e-01,3.792959011107971956e-01,2.844690723466639648e-01,3.788588352577091367e-01,2.128574920128616793e-02,7.967072301659914690e-10
