"","beta.1","beta.2","beta.3","beta.4","beta.5","beta.6","sigma2","delta"
"1",5.48909342554453,5.75398798194206,4.90018897383936,4.24288165252455,4.85757317219544,4.01579557255731,0.0201775609006132,0
