"","beta.1","beta.2","beta.3","beta.4","beta.5","beta.6","sigma2","delta"
"1",0.469242369495201,0.337061385087029,0.433665673993167,0.611974187397538,0.365238046820519,0.580504431483861,0.0262023427155526,0
