beta.1,beta.2,beta.3,beta.4,beta.5,beta.6,sigma2,delta
4.510791302493452615e-01,3.506531417263629713e-01,2.748025150281784845e-01,3.825283893658293355e-01,4.836444092720080801e-01,4.450341717561657751e-01,2.800842013862852101e-02,2.220446049250313081e-15
