"","beta.1","beta.2","beta.3","beta.4","beta.5","beta.6","sigma2","delta"
"1",0.425690694795703,0.277288512338268,0.714668523314346,0.335370895496603,0.321178571629359,0.405956910765539,0,"1e-06"
