"","beta.1","beta.2","beta.3","beta.4","beta.5","beta.6","beta.7","beta.8","beta.9","beta.10","beta.11","beta.12","beta.13","beta.14","beta.15","beta.16","beta.17","beta.18","beta.19","beta.20","beta.21","beta.22","beta.23","beta.24","beta.25","beta.26","beta.27","sigma2","delta"
"1",-0.0801610880393002,0.08854190222696,0.125032055597618,0.1109639654572,0.0167642401656132,-0.00790582712937094,-0.038660646322621,0.00875456919478944,0.0616673872138106,0.0739152028810259,-0.0715897419925344,-0.163757573229881,0.14404900703049,-0.257396675434024,0.151480907555255,-0.0712501308250025,-0.0149181042971132,0.0816796537458376,0.136862885360463,-0.0448670957784277,0.265496487180648,0.126886747862409,-0.341647867960996,-0.196760729738234,0.115328321479595,-0.0940293424947412,-0.01195622989325,0.0187113710876836,0
