beta.1,beta.2,beta.3,beta.4,beta.5,beta.6,sigma2,delta,mu
0.56939,0.58186,0.4585,0.25547,0.64842,0.2786,0.023499,0,0.21114
