"","beta.1","beta.2","beta.3","beta.4","beta.5","beta.6","sigma2","delta"
"1",5.60985403416836,5.59565498242426,3.46790033140443,5.06936105368585,6.19800200359539,5.19492754228878,0.0270615853928873,0
