"","beta.1","beta.2","beta.3","beta.4","beta.5","beta.6","sigma2","delta"
"1",0.361309415707505,0.348696950646042,0.451252018874771,0.383661535557271,0.358816120479894,0.376896656448329,0.0274867067159972,0
