beta.1,beta.2,beta.3,beta.4,beta.5,beta.6,sigma2,delta
4.352271863486982806e-01,3.585811865724596870e-01,4.399901648389245579e-01,4.299213991764371245e-01,3.508051946027196388e-01,5.794657003644331228e-01,2.482623299755276972e-02,2.220446049250313081e-15
