"","beta.1","beta.2","beta.3","beta.4","beta.5","beta.6","sigma2","delta"
"1",0.51772599705005,0.497358026611451,0.410203965182111,0.462100525036828,0.374263088400839,0.443977526949996,0.0232304368339392,0
