"","beta.1","beta.2","beta.3","beta.4","beta.5","beta.6","sigma2","delta"
"1",0.684095803792981,1.12828727455301,1.64128487048723,0.668070893439302,0.823208077405074,0.783255152383036,0,0.0403377168387294
