beta.1,beta.2,beta.3,beta.4,beta.5,beta.6,sigma2,delta,mu
0.43906,0.2973,0.31046,0.38555,0.56939,0.32421,0.025054,0,0.10887
