"","beta.1","beta.2","beta.3","beta.4","beta.5","beta.6","sigma2","delta"
"1",0.361309637434006,0.348697052604508,0.451250895703387,0.383663521436816,0.358816885567312,0.376897690341435,0.0274867772217882,2.74867776347704e-10
