"","beta.1","beta.2","beta.3","beta.4","beta.5","beta.6","sigma2","delta"
"1",0.409032773920624,0.31245844250842,0.378239269848256,0.505836840688034,0.327853656452318,0.500953810305129,0.026160709880174,0
