"","beta.1","beta.2","beta.3","beta.4","beta.5","beta.6","sigma2","delta"
"1",0.405378666769386,0.501088329524564,0.462284467826862,0.398595210846651,0.407548723997186,0.385165932844799,0.0228752288096453,2.28752291533401e-10
