"","beta.1","beta.2","beta.3","beta.4","beta.5","beta.6","sigma2","delta"
"1",4.92579573436576,6.57470852075458,6.16040026769205,3.49760606347306,7.05566870774964,3.33413831839592,0.0242420011940622,0
