"","beta.1","beta.2","beta.3","beta.4","beta.5","beta.6","sigma2","delta"
"1",0.361364643937206,0.332525877923274,0.36846228582564,0.458952097118104,0.269591115118193,0.611001578616115,0,"1e-06"
