"","beta.1","beta.2","beta.3","beta.4","beta.5","beta.6","sigma2","delta"
"1",5.18377192958732,4.23631800482213,5.47323419928189,5.0118395180938,4.10851108976065,7.55720388362048,0.024610085629139,0
