"","beta.1","beta.2","beta.3","beta.4","beta.5","beta.6","sigma2","delta"
"1",-0.0144959798779848,0.0835105363331835,0.0920912998574865,-0.00113633418507432,-0.0918726520624748,-0.00499617677177279,0.0203944096477593,0
