beta.1,beta.2,beta.3,beta.4,beta.5,beta.6,sigma2,delta
4.575097888356076670e-01,4.705517813785418668e-01,4.084813808993813522e-01,3.567715657678086072e-01,4.039145084389892948e-01,3.372688034647840505e-01,2.019320113537248149e-02,2.220446049250313081e-15
