beta.1,beta.2,beta.3,beta.4,beta.5,beta.6,sigma2,delta
6.384620323920767726e-01,6.935079698817391280e-01,7.052760233536599088e-01,8.172372519817809877e-01,7.515690261244292181e-01,8.556077313928102113e-01,1.176863352420058628e-01,1.060351473692940300e-03
