"","beta.1","beta.2","beta.3","beta.4","beta.5","beta.6","sigma2","delta"
"1",0.635470940946734,0.485210726660542,0.717834085317362,1.11488229705362,0.480085917520688,1.94002404284683,0,0.0260344171601217
