beta.1,beta.2,beta.3,beta.4,beta.5,beta.6,sigma2,delta
3.498299848397629086e-01,3.344458268266224388e-01,4.257458179420670619e-01,3.743674203664282274e-01,4.523028214563076244e-01,4.403508389839265180e-01,2.306053868999087889e-02,2.220446049250313081e-15
