"","beta.1","beta.2","beta.3","beta.4","beta.5","beta.6","sigma2","delta"
"1",5.62694883919153,5.65484689109136,4.67911123081332,4.12972490803291,4.48554588675715,3.95009026942097,0.0206825507808352,0
