"","beta.1","beta.2","beta.3","beta.4","beta.5","beta.6","sigma2","delta"
"1",0.391717892761347,0.366998362963804,0.515182155819388,0.419939479881745,0.40450246787343,0.4053291172266,0.0265835633035977,0
