"","beta.1","beta.2","beta.3","beta.4","beta.5","beta.6","sigma2","delta"
"1",5.49610204956402,5.75818763312134,4.90134337762662,4.23937849787292,4.85835790416739,4.01677719281015,0.0201701242445632,0
