"","beta.1","beta.2","beta.3","beta.4","beta.5","beta.6","sigma2","delta"
"1",0.298513926473194,0.298959362990469,0.379633658595937,0.313998749363554,0.284052596834025,0.31021264112681,0.0270579287451318,2.70579291516707e-10
