"","beta.1","beta.2","beta.3","beta.4","beta.5","beta.6","sigma2","delta"
"1",5.24209138690892,4.16782607307148,3.28790886137111,4.59891204678356,5.81631093539133,5.32751920278668,0.0282635355761329,0
