beta.1,beta.2,beta.3,beta.4,beta.5,beta.6,sigma2,delta,mu
0.4585,0.31046,0.5,0.52214,0.2973,0.52214,0.025407,0,-0.049261
