"","beta.1","beta.2","beta.3","beta.4","beta.5","beta.6","beta.7","beta.8","beta.9","beta.10","beta.11","beta.12","beta.13","beta.14","beta.15","beta.16","beta.17","beta.18","beta.19","beta.20","beta.21","beta.22","beta.23","beta.24","beta.25","beta.26","beta.27","sigma2","delta"
"1",-0.0648692732804938,0.0917428271111992,0.0507585391945952,0.106630292593424,0.0587733711479833,-0.000568715301409668,-0.0324757616980262,0.0548404051466111,0.0487918456531015,0.101012046178764,-0.0912584803548286,-0.154821542439055,0.113324779554817,-0.2728383515257,0.135348658996839,-0.0953119443154567,-0.0173829115986488,0.0770388479507528,0.134145609593947,0.00335785133228674,0.238335896008547,0.149316412982344,-0.323312332622987,-0.227604654341078,0.133857209923195,-0.113056841230032,-0.00305701093793237,0.0185697044959468,0
