"","beta.1","beta.2","beta.3","beta.4","beta.5","beta.6","sigma2","delta"
"1",3.7595881883476,3.86160299224658,4.69781458347586,4.81980098880037,6.06984246826628,5.72156331602021,0.0232098181474109,0
