"","beta.1","beta.2","beta.3","beta.4","beta.5","beta.6","sigma2","delta"
"1",-0.051714297429745,-0.0318657816805022,-0.00826413696022298,0.00652553335930522,0.0409804001869519,-0.0428433198959777,0.0177449281305779,0
