"","beta.1","beta.2","beta.3","beta.4","beta.5","beta.6","sigma2","delta"
"1",5.61778704968125,5.59307736358138,3.46990015572751,5.07090032805695,6.18801112156647,5.19334412387196,0.0270589618475023,1.10143888849633e-06
