"","beta.1","beta.2","beta.3","beta.4","beta.5","beta.6","sigma2","delta"
"1",4.92559357273468,6.57469143208046,6.1581524135126,3.49694318843621,7.05887538400577,3.33382462606647,0.024243055869252,0
