"","beta.1","beta.2","beta.3","beta.4","beta.5","beta.6","sigma2","delta"
"1",0.409032532478888,0.312459447608593,0.378238157540589,0.505837078049401,0.327853459835641,0.500946432701817,0.0261605817937228,2.61605821867793e-10
