"","beta.1","beta.2","beta.3","beta.4","beta.5","beta.6","sigma2","delta"
"1",5.2386964979675,4.15733082752302,3.27662981869076,4.5880159061075,5.80876397573267,5.34228431432372,0.0283078452811241,4.16448055166378e-15
