beta.1,beta.2,beta.3,beta.4,beta.5,beta.6,sigma2,delta
7.554208659742787102e-01,5.995089220136107233e-01,7.159580074911534586e-01,9.611012739344719780e-01,6.586928175506182592e-01,1.054613102494324828e+00,1.316692108897026814e-01,1.746548698331016388e-03
