"","beta.1","beta.2","beta.3","beta.4","beta.5","beta.6","sigma2","delta"
"1",0.364725035863907,0.359869415663443,0.326417078388788,0.322197509516607,0.287070154233656,0.295602778583366,0.0232221214317048,2.32221217806116e-10
