"","beta.1","beta.2","beta.3","beta.4","beta.5","beta.6","sigma2","delta"
"1",5.61099340756391,5.59425029475413,3.46928234779114,5.07124432517618,6.19681918973944,5.19584242232578,0.0270579774806056,0
