"","beta.1","beta.2","beta.3","beta.4","beta.5","beta.6","beta.7","beta.8","beta.9","beta.10","beta.11","beta.12","beta.13","beta.14","beta.15","beta.16","beta.17","beta.18","beta.19","beta.20","beta.21","beta.22","beta.23","beta.24","beta.25","beta.26","beta.27","sigma2","delta"
"1",0.328732793025855,0.0053052515819921,0.173494539909075,-0.0811521141416879,-0.0239972907904727,0.295733889929873,-0.192650481581041,-0.0580006982250981,-0.158931149505032,-0.167689387914087,-0.104081582595637,-0.0946600556735037,0.116220186812903,0.197647192987018,-0.345259358435037,-0.141288463691274,0.0442101376558018,0.26115996250907,-0.0121618313402607,0.247504941392891,0.160242366063252,-0.146023514027037,0.0281951418985257,-0.229200398436839,0.0461479321265755,-0.104740024030414,0.0322721627453731,0.014899642794759,0
