"","beta.1","beta.2","beta.3","beta.4","beta.5","beta.6","sigma2","delta"
"1",0.0860811910673234,0.0496025691874329,-0.117010395409739,-0.00903365851948777,-0.13594709129725,-0.0299842889598251,0.019142185353251,0
