"","beta.1","beta.2","beta.3","beta.4","beta.5","beta.6","sigma2","delta"
"1",0.325222308081515,0.341633719019943,0.430304037015263,0.450534135291021,0.356303119394652,0.501664520042364,0,"1e-06"
