"","beta.1","beta.2","beta.3","beta.4","beta.5","beta.6","sigma2","delta"
"1",-0.0574845885153945,-0.0336495590905416,-0.00858952567153203,0.0137790959422832,0.0367819241288886,-0.0413821826175965,0.0184168529645231,0
