"","beta.1","beta.2","beta.3","beta.4","beta.5","beta.6","sigma2","delta"
"1",3.50447509725201,3.60339056647312,4.44826801417633,4.45365300039197,5.63933058554649,5.12852498744482,0.0229734432282556,0
