beta.1,beta.2,beta.3,beta.4,beta.5,beta.6,sigma2,delta
7.148562977996519852e-01,6.941271665461000717e-01,9.033123564879813605e-01,8.203154026817188749e-01,7.830305789444417242e-01,7.727481734493097942e-01,1.049417348778095976e-01,2.787172702249978658e-10
