"","beta.1","beta.2","beta.3","beta.4","beta.5","beta.6","sigma2","delta"
"1",0.319213345621043,0.275854297192895,0.285314040940959,0.379223238279043,0.266770788503591,0.388285222162733,0.0242298315126061,3.68093928209927e-05
