"","beta.1","beta.2","beta.3","beta.4","beta.5","beta.6","sigma2","delta"
"1",0.372318569585281,0.370972543980133,0.495630289236715,0.313688021848967,0.323695140704964,0.317256715513734,0,"1e-06"
