"","beta.1","beta.2","beta.3","beta.4","beta.5","beta.6","beta.7","beta.8","beta.9","beta.10","beta.11","beta.12","beta.13","beta.14","beta.15","beta.16","beta.17","beta.18","beta.19","beta.20","beta.21","beta.22","beta.23","beta.24","beta.25","beta.26","beta.27","sigma2","delta"
"1",0.33077527263411,0.0241840564664282,0.218480996632677,-0.184354193060134,-0.041216714835273,0.278350949664991,-0.181484072427904,-0.0402101280593957,-0.169352093950504,-0.24009164869739,-0.103888341441653,-0.0334340447164505,0.134985319452933,0.224119171803501,-0.32942216766259,-0.136821529769464,-0.0100708325700094,0.270198067456832,-0.0232700029283826,0.254754568778623,0.0792064018850094,-0.12496364659952,0.0844428500619112,-0.219049530150501,0.0523953380220765,-0.123074953048924,0.0771187633425842,0.0172238914910557,0
