"","beta.1","beta.2","beta.3","beta.4","beta.5","beta.6","beta.7","beta.8","beta.9","beta.10","beta.11","beta.12","beta.13","beta.14","beta.15","beta.16","beta.17","beta.18","beta.19","beta.20","beta.21","beta.22","beta.23","beta.24","beta.25","beta.26","beta.27","sigma2","delta"
"1",0.210174215249227,-0.0931345158090952,-0.788092874132584,0.113052675593624,0.20215262033772,-0.235267930018989,-0.0751209018751949,0.363264633923778,-0.0300749300249752,0.0193847540518512,-0.108289202571804,0.0243117666726726,0.231875497758287,-0.0239758225250483,-0.11811708580298,-0.328206251377069,0.326769081953572,-0.107568829769664,-0.0833773374064031,0.272076156902507,-0.413323657120504,0.0387730388710263,0.290933885663095,0.112784985597507,-0.0265453973215897,-0.0103057943386013,0.157838071443313,0.0132440013414169,0
