beta.1,beta.2,beta.3,beta.4,beta.5,beta.6,sigma2,delta
1.082885999876766370e+00,9.728400860564002661e-01,8.754680794601006344e-01,9.279286881871945392e-01,8.469972414512569880e-01,8.755357154352815252e-01,1.244880059026301500e-01,3.397717970680578651e-10
