"","beta.1","beta.2","beta.3","beta.4","beta.5","beta.6","sigma2","delta"
"1",0.346587254695966,0.38069107644049,0.41956330967469,0.459052335320122,0.46789127059699,0.464844756942811,0.0208345430860753,0
