"","beta.1","beta.2","beta.3","beta.4","beta.5","beta.6","sigma2","delta"
"1",0.451165380361097,0.441974540476729,0.377151195885204,0.402482858133965,0.336428919124655,0.387712467709694,0.0235180597933799,0
