beta.1,beta.2,beta.3,beta.4,beta.5,beta.6,sigma2,delta
4.327434157519750024e-01,5.002221178685666292e-01,5.433148338273759981e-01,2.836199125315145286e-01,4.965293465777809168e-01,3.039556049871663945e-01,2.134311034796897849e-02,2.220446049250313081e-15
