beta.1,beta.2,beta.3,beta.4,beta.5,beta.6,sigma2,delta,mu
0.38555,0.25,0.38555,0.5,0.54525,0.35355,0.024107,0,0.10166
