"","beta.1","beta.2","beta.3","beta.4","beta.5","beta.6","sigma2","delta"
"1",5.99146351759589,6.21596287541065,5.23998470907448,4.49000821480755,5.00948296527937,4.31817225666465,0.0204729434953765,0
