"","beta.1","beta.2","beta.3","beta.4","beta.5","beta.6","sigma2","delta"
"1",0.0473839486666297,-0.0604979041025886,0.0492492274808303,-0.108564622809556,0.118278462630827,0.0592889520959549,0.0212281409270101,0
