beta.1,beta.2,beta.3,beta.4,beta.5,beta.6,sigma2,delta,mu
0.5,0.34598,0.2394,0.53357,0.62093,0.48929,0.025317,0,-0.10619
