"","beta.1","beta.2","beta.3","beta.4","beta.5","beta.6","sigma2","delta"
"1",0.451165334028327,0.441974010184061,0.377151596767036,0.402482552161373,0.336429386938103,0.38771247879966,0.0235180626818354,2.35180630351887e-10
