"","beta.1","beta.2","beta.3","beta.4","beta.5","beta.6","sigma2","delta"
"1",5.69353396619162,6.05199361620255,6.28971449312678,3.41318017519695,6.22332304787388,3.5266108077534,0.020991694742143,0
