"","beta.1","beta.2","beta.3","beta.4","beta.5","beta.6","sigma2","delta"
"1",0.0520187040546261,-0.108638396502899,0.0472061840375798,-0.0546829870870399,-0.0718950347219613,-0.0619042016433993,0.0204738237885478,0
