"","beta.1","beta.2","beta.3","beta.4","beta.5","beta.6","sigma2","delta"
"1",5.11955062977099,4.38802880980374,5.57886150496722,5.38065861852518,5.244790182156,6.97770076184494,0.0219646187660494,0
