"","beta.1","beta.2","beta.3","beta.4","beta.5","beta.6","sigma2","delta"
"1",0.397041413943586,0.259161543572336,0.471340262228012,0.339109533302277,0.312984611496774,0.346542719362498,0,"1e-06"
