beta.1,beta.2,beta.3,beta.4,beta.5,beta.6,sigma2,delta,mu
0.60762,0.55719,0.41144,0.37729,0.42965,0.34598,0.019862,0,0.12336
