"","beta.1","beta.2","beta.3","beta.4","beta.5","beta.6","sigma2","delta"
"1",4.79570367691981,3.98283611402539,4.92469106397892,4.93679776126719,4.78086174294309,6.27096517052182,0.0221885862691378,0
