"","beta.1","beta.2","beta.3","beta.4","beta.5","beta.6","sigma2","delta"
"1",0.650932872370544,0.353441484002427,0.701374863040954,1.00996795761058,0.514036371818496,1.69210781307659,0,0.0258279265318542
