"","beta.1","beta.2","beta.3","beta.4","beta.5","beta.6","sigma2","delta"
"1",6.00461734625494,6.20669683393103,5.21477123467575,4.48921531542741,5.02148914244887,4.31858141675234,0.0204430245995074,1.27480583871162e-05
