beta.1,beta.2,beta.3,beta.4,beta.5,beta.6,sigma2,delta
1.901358383810587416e+00,7.522157482856970390e-01,4.316676338008041958e-01,1.932206274161688775e+00,6.192494113592970084e-01,9.160994628736829348e-01,1.446708250083020286e-01,1.035963590583853337e-02
