beta.1,beta.2,beta.3,beta.4,beta.5,beta.6,sigma2,delta,mu
0.56939,0.51095,0.2973,0.41144,0.4585,0.44868,0.02626,0,-0.093751
