"","beta.1","beta.2","beta.3","beta.4","beta.5","beta.6","sigma2","delta"
"1",-0.000743574124588857,0.0673338111113281,0.0869962889363191,0.00669848275050876,-0.0800070305784319,-0.00913160142104471,0.0176648804648228,0
