"","beta.1","beta.2","beta.3","beta.4","beta.5","beta.6","sigma2","delta"
"1",0.418781715828924,0.621308086979246,0.517113077149574,1.10913949075244,0.660504086581179,0.896312223228815,0,0.0189260767772627
