beta.1,beta.2,beta.3,beta.4,beta.5,beta.6,sigma2,delta
6.696742183279281724e-01,5.407481188886044121e-01,2.759073006112166659e+00,1.210685390291864838e+00,1.441596915661130129e+00,5.585142959383241346e-01,1.188208344729435456e-01,1.341492661518286535e-02
