"","beta.1","beta.2","beta.3","beta.4","beta.5","beta.6","sigma2","delta"
"1",3.75081910767563,3.86817072230477,4.69047044203715,4.83190033360122,6.05714378165832,5.71937654357616,0.0232183922854548,5.88957358307553e-07
