"","beta.1","beta.2","beta.3","beta.4","beta.5","beta.6","beta.7","beta.8","beta.9","beta.10","beta.11","beta.12","beta.13","beta.14","beta.15","beta.16","beta.17","beta.18","beta.19","beta.20","beta.21","beta.22","beta.23","beta.24","beta.25","beta.26","beta.27","sigma2","delta"
"1",0.217011162276672,-0.179288838327021,0.107496609498689,0.0799951987213681,-0.168750515436418,0.35080716877789,-0.266106717704069,0.0622614842412221,-0.244691147510566,-0.283513871945705,0.271886624102029,-0.111805935824591,0.226602319014901,0.0631129795606511,-0.00727106469910485,-0.261143028038207,-0.0657827264585653,-0.143684675450497,0.209117296528797,0.093718945465428,-0.00980966978601822,0.0796375477464642,-0.106507628142289,-0.150976672499237,-0.0490236612211277,-0.0423190797779344,0.079261068926178,0.0143696803120369,0
