"","beta.1","beta.2","beta.3","beta.4","beta.5","beta.6","sigma2","delta"
"1",4.17714457682728,3.91407760571713,5.02037661328371,4.43377481022973,5.44367519135723,5.24352501050061,0.0233834357089645,0
