"","beta.1","beta.2","beta.3","beta.4","beta.5","beta.6","sigma2","delta"
"1",3.75870346501263,3.86083177122735,4.69272290318462,4.81642250473537,6.06727583430834,5.7220663582911,0.0232221303950923,0
