"","beta.1","beta.2","beta.3","beta.4","beta.5","beta.6","sigma2","delta"
"1",4.1775930766596,3.91430617810883,5.02053910625117,4.43398091708791,5.44361575303114,5.24308811692893,0.0233826769996314,0
