"","beta.1","beta.2","beta.3","beta.4","beta.5","beta.6","sigma2","delta"
"1",4.398536793336,6.22153905663335,5.4706962798915,3.0790667029705,6.29787946645094,2.97167142738225,0.0246963996661124,0
