"","beta.1","beta.2","beta.3","beta.4","beta.5","beta.6","beta.7","beta.8","beta.9","beta.10","beta.11","beta.12","beta.13","beta.14","beta.15","beta.16","beta.17","beta.18","beta.19","beta.20","beta.21","beta.22","beta.23","beta.24","beta.25","beta.26","beta.27","sigma2","delta"
"1",0.546090613927702,-0.152281171031496,0.2981304760446,-0.239918183920008,-0.0520868597996322,0.17194554251409,-0.0824155945296805,-0.186596817368652,-0.0604660275052293,-0.57389104265278,-0.0665741766467042,0.071860422958208,0.193769669210457,0.281596621862277,-0.188180655610242,-0.119462430488074,-0.0999140206564403,0.0517264157226254,0.214094605859285,-0.00878168153769091,-0.184694209986974,-0.111538448032175,0.0807181698743484,-0.43852162951845,0.157136469297485,0.0647884822433948,0.287978428413909,0.01488406638595,0
