beta.1,beta.2,beta.3,beta.4,sigma2,delta
9.876632019750870572e-01,1.248379043851707282e+00,1.531931208975106262e+00,3.182197181484571313e+00,6.428452642268261963e-02,1.861961084825039872e-02
