beta.1,beta.2,beta.3,beta.4,sigma2,delta,mu
4,0.94387,1.1225,1.1892,0.026372,0,-0.01471
