"","beta.1","beta.2","beta.3","beta.4","sigma2","delta"
"1",5.25879695959528,4.983769746673,191.009184418358,17.0635203295826,0.0186029190055139,0
