"","beta.1","beta.2","beta.3","beta.4","sigma2","delta"
"1",0.100237785346462,0.271761222502075,0.176786920041178,0.217255753991044,0.0224120731237018,0.00380417793419683
