beta.1,beta.2,beta.3,beta.4,sigma2,delta
1.922096836588154667e-01,2.058463859048099698e-01,1.490033393287084895e-01,1.256841992957018483e-01,2.109723395309491545e-02,1.040578807614231048e-08
