"","beta.1","beta.2","beta.3","beta.4","sigma2","delta"
"1",0.0784769187236787,1.2929817902484,1e-10,0.271880788645434,0,0.0206181434774724
