beta.1,beta.2,beta.3,beta.4,sigma2,delta
6.622599201448139866e+03,5.834581921105796987e+00,1.540528319103071420e+00,7.496366124687108822e+03,1.532252562243975325e-01,2.397038771745684319e-02
