beta.1,beta.2,beta.3,beta.4,sigma2,delta
2.823768377807238357e+04,8.277515004119404551e+00,2.182398935559100916e+00,1.831917411348068708e+04,1.732653487379643698e-01,2.385022586247169743e-02
