"","beta.1","beta.2","beta.3","beta.4","sigma2","delta"
"1",26.2082895361839,35.5035088932799,16.2745928236113,19.5060198682007,0.0233837453586585,0
