"","beta.1","beta.2","beta.3","beta.4","sigma2","delta"
"1",2.24256958380269,3.05901288740487,0.817809397808081,1.68763590365926,0,0.03094122195327
