"","beta.1","beta.2","beta.3","beta.4","sigma2","delta"
"1",1.95182979617486,1.36497726768079,1.98794634239748,1.82496288845845,0,0.0258330596298161
