"","beta.1","beta.2","beta.3","beta.4","sigma2","delta"
"1",1.12028081391135,1.05475622343352,0.236465364823462,0.917990427082428,0,0.0403449906044501
