"","beta.1","beta.2","beta.3","beta.4","sigma2","delta"
"1",1.76722908268007,1.33524481865408,1.98794634239748,1.78428682860709,0,0.0258330596298161
