beta.1,beta.2,beta.3,beta.4,sigma2,delta
2.118926950795621815e+04,1.743954703128126171e+00,2.005778922582335144e+04,1.235593722780844291e+04,1.388218302675726379e-01,1.650701165253668987e-02
