"","beta.1","beta.2","beta.3","beta.4","sigma2","delta"
"1",41.6113620481305,18.7357378993355,22.8729617577311,18.419247436806,0.0267496595748463,0
