beta.1,beta.2,beta.3,beta.4,sigma2,delta
1.169636635272261804e+00,1.188813916099142221e+00,5.489443283042803046e-01,9.435363865477182088e-01,7.379033830483668066e-02,1.117322056385095137e-02
