"","beta.1","beta.2","beta.3","beta.4","sigma2","delta"
"1",0.26765533637705,0.142748682838572,0.0836396996439362,0.110661693668294,0,"1e-06"
