"","beta.1","beta.2","beta.3","beta.4","sigma2","delta"
"1",0.340518198094566,0.331346992524926,0.0618756295893699,0.211430284402364,0.0184384646928758,0
