"","beta.1","beta.2","beta.3","beta.4","sigma2","delta"
"1",0.146607482815847,0.260840144388262,0.17322800563509,0.0881095465440634,0,"1e-06"
