beta.1,beta.2,beta.3,beta.4,sigma2,delta
1.351192616455335338e-01,1.181033233708333324e-01,1.760511752280685405e-01,1.597267424320348850e-01,2.336974502994833280e-02,1.386140447785466968e-09
