"","beta.1","beta.2","beta.3","beta.4","sigma2","delta"
"1",0.15893022082962,1e-10,1e-10,1e-10,0,0.0269544551140007
