beta.1,beta.2,beta.3,beta.4,sigma2,delta
2.956592059931571370e+00,1.634267133919395931e+00,1.205432700749586195e+00,1.533016661557691229e+00,2.501064686542670348e-02,2.220446049250313081e-15
