beta.1,beta.2,beta.3,beta.4,sigma2,delta
1.092169653537151952e-01,1.629165168614519210e-01,1.471590908183408319e-01,1.656898497508872137e-01,2.674877832071708220e-02,1.037028737093775547e-08
