"","beta.1","beta.2","beta.3","beta.4","sigma2","delta"
"1",46.6322061521564,12.8780462028711,14.8388173040317,12.893562344312,0.0259648564092296,0
