"","beta.1","beta.2","beta.3","beta.4","sigma2","delta"
"1",13.0879295485929,11.2791716396825,21.9166893416294,33.1888051003416,0.0211303533823436,0
