"","beta.1","beta.2","beta.3","beta.4","sigma2","delta"
"1",26.2202851652177,35.4817085205903,16.273792695386,19.4990795363735,0.0233844525869152,6.36776021499406e-08
