beta.1,beta.2,beta.3,beta.4,sigma2,delta
9.911890232205599061e-01,1.028221019146772441e+00,4.433174606659587291e-01,7.823148625835270042e-01,7.272249391922538941e-02,1.203601958210770602e-02
