"","beta.1","beta.2","beta.3","beta.4","sigma2","delta"
"1",1.12028081391125,1.0547562234334,0.23646536482331,0.91799042708234,0,0.0403449906044558
