"","beta.1","beta.2","beta.3","beta.4","sigma2","delta"
"1",1.91420922359218,0.679118131320277,1.99458550386752,1.87051441622644,0,0.0236019617961093
