"","beta.1","beta.2","beta.3","beta.4","sigma2","delta"
"1",13.0868352351972,11.2814837742674,21.9176676388068,33.1863519421588,0.0211300990402574,0
