"","beta.1","beta.2","beta.3","beta.4","sigma2","delta"
"1",2.41394626200394,1.98305040907001,2.14795855149071,2.11615900565845,0,0.0446189243247398
