"","beta.1","beta.2","beta.3","beta.4","sigma2","delta"
"1",44.7738145168317,10.2894472283525,14.5551133384278,12.0196651582729,0.0259716901314666,0
