"","beta.1","beta.2","beta.3","beta.4","sigma2","delta"
"1",1.98689414361492,1.98707230258112,1.99492844964688,1.41416637977986,0,0.0269544551140007
