beta.1,beta.2,beta.3,beta.4,sigma2,delta
3.351565288980825619e-01,3.282980163980696586e-01,5.469911259695657557e-02,1.910998324212291322e-01,1.669920870023888781e-02,1.941818538267623068e-03
