beta.1,beta.2,beta.3,beta.4,sigma2,delta
3.209575943745115456e+00,1.475820687233228012e+00,1.884910028205748267e+00,1.573858286508155180e+00,2.692531383827598615e-02,2.220446049250313081e-15
