"","beta.1","beta.2","beta.3","beta.4","sigma2","delta"
"1",23.7854268806289,32.7594293498198,15.3925002145581,17.7295906202938,0.0233753208499199,0
