"","beta.1","beta.2","beta.3","beta.4","sigma2","delta"
"1",4.91256930339741,4.8078840546438,161.621323910505,15.1213407863878,0.0186072067208756,0
