beta.1,beta.2,beta.3,beta.4,sigma2,delta,mu
1.374,1.4557,1.7311,2.0586,0.018123,0,-0.010696
