"","beta.1","beta.2","beta.3","beta.4","beta.5","beta.6","beta.7","beta.8","beta.9","beta.10","beta.11","beta.12","beta.13","beta.14","sigma2","delta"
"1",-0.102351138326433,0.0318367656934396,-0.00636654965860058,-0.103075996492424,-0.195428774145233,0.0489599161226697,0.138981259928859,0.11961421126144,-0.102984366270447,-0.0781306608706434,0.102515876525858,0.157258681198685,-0.0825024884255366,-0.0329676880127776,0.0155093518689173,0
