beta.1,beta.2,beta.3,beta.4,sigma2,delta
1.437898546809627624e+04,1.722711790628981499e+00,1.902136233321217514e+04,1.623575092606324324e+04,1.563618314371449380e-01,2.271597745544124206e-02
