"","beta.1","beta.2","beta.3","beta.4","sigma2","delta"
"1",1e-10,1.97846031767627,1.98509566876106,1e-10,0.0206181434774724,0
