beta.1,beta.2,beta.3,beta.4,sigma2,delta,mu
2,3.4621,1.3348,1.6339,0.023381,0,-0.055493
