"","beta.1","beta.2","beta.3","beta.4","sigma2","delta"
"1",12.0980321928797,10.3678445221659,20.7182188842952,29.3408433334964,0.02108262366354,0
