"","beta.1","beta.2","beta.3","beta.4","sigma2","delta"
"1",0.0548667904588443,0.126521411414556,0.263640142422839,0.316751634019093,0,"1e-06"
