beta.1,beta.2,beta.3,beta.4,sigma2,delta
2.237079015895550693e+00,2.391445226776153454e+00,6.058099269284416000e-01,1.306688661902336568e+00,9.666465676272259500e-02,1.176223901861854666e-02
