beta.1,beta.2,beta.3,beta.4,sigma2,delta
2.018103145790230091e+00,2.930197375290431783e+00,1.379304509997178130e+00,1.651144781412869689e+00,2.344309935351924362e-02,2.220446049250313081e-15
