"","beta.1","beta.2","beta.3","beta.4","sigma2","delta"
"1",2.41394626200405,1.98305040907006,2.14795855149078,2.1161590056585,0,0.0446189243247418
