"","beta.1","beta.2","beta.3","beta.4","sigma2","delta"
"1",2.0544615939571,2.66404644189741,1.46045679161699,1.66957112652901,0,0.0500058516028266
