"","beta.1","beta.2","beta.3","beta.4","sigma2","delta"
"1",0.0880919071181356,0.178823753128526,0.135364757835405,0.10099329064865,0,"1e-06"
