beta.1,beta.2,beta.3,beta.4,sigma2,delta
5.185619084944000861e+03,2.771159282848672412e+00,2.712092609470823845e+03,5.430291484240258796e+03,1.527274953118947787e-01,1.652878474255759303e-02
