beta.1,beta.2,beta.3,beta.4,sigma2,delta
1.189659315701373271e+04,7.398283230010564694e+03,1.354349280015528166e+04,1.569040867974669163e+04,1.855627138369221052e-01,2.713576475236522192e-02
