"","beta.1","beta.2","beta.3","beta.4","sigma2","delta"
"1",0.236795504375122,0.446824945738997,0.160451857419967,0.0310907173694103,0,"1e-06"
