beta.1,beta.2,beta.3,beta.4,sigma2,delta,mu
1.1892,1.0293,1.7818,2.4481,0.02107,0,-0.11567
