"","beta.1","beta.2","beta.3","beta.4","sigma2","delta"
"1",46.6228813189471,12.8798116275061,14.8373390531706,12.8950892677914,0.025964867312489,0
