"","beta.1","beta.2","beta.3","beta.4","sigma2","delta"
"1",0.360617663234994,0.330960349402333,0.0721516058572611,0.240026072708061,0.0182715893955579,0
