beta.1,beta.2,beta.3,beta.4,sigma2,delta
1.006606783138530026e-01,2.699300618882463643e-01,1.768199425000203939e-01,2.171475792099127333e-01,2.243018718575606404e-02,3.781268622745232073e-03
