beta.1,beta.2,beta.3,beta.4,sigma2,delta
9.247494223665842128e+02,7.681627854828205955e+02,5.177300500739696645e+02,7.414310507365166814e+02,1.854465527715030704e-01,2.713549370967978033e-02
