"","beta.1","beta.2","beta.3","beta.4","beta.5","beta.6","beta.7","beta.8","beta.9","beta.10","beta.11","beta.12","beta.13","beta.14","sigma2","delta"
"1",0.0664528543252826,0.00718532080615738,-0.0358806118253866,0.189252684099437,-0.082403041274064,0.206289662952524,-0.100049539180811,-0.0133760904361073,-0.307489707377943,-0.430414886418914,-0.176024418291835,0.0786996785923995,0.261481426834514,0.346626414343611,0.0248664395817491,0
