"","beta.1","beta.2","beta.3","beta.4","sigma2","delta"
"1",26.2108119985148,35.5104318092785,16.2746394702939,19.5027891506213,0.0233836495086562,0
