"","beta.1","beta.2","beta.3","beta.4","sigma2","delta"
"1",46.6661720497766,12.8647541222159,14.8302787450655,12.8778983270983,0.025968294555204,1.95420580501993e-06
