"","beta.1","beta.2","beta.3","beta.4","sigma2","delta"
"1",0.308325100795473,0.316759571960527,0.0511629083334964,0.171200967421652,0.0186033201716674,0
