"","beta.1","beta.2","beta.3","beta.4","sigma2","delta"
"1",0.00656550754765779,-0.115649404515687,0.0311274870293251,-0.0287411261797801,0.01655092257965,0
