"","beta.1","beta.2","beta.3","beta.4","sigma2","delta"
"1",2.05446159395702,2.66404644189741,1.46045679161693,1.66957112652903,0,0.0500058516028261
