"","beta.1","beta.2","beta.3","beta.4","sigma2","delta"
"1",0.267655336376844,0.142748682838584,0.0836396996439194,0.110661693668409,0,"1e-06"
