"","beta.1","beta.2","beta.3","beta.4","beta.5","beta.6","beta.7","beta.8","beta.9","beta.10","beta.11","beta.12","beta.13","beta.14","sigma2","delta"
"1",-0.0787752318752434,-0.107547174674393,0.338152018454392,0.161069465619059,-0.331563316976219,-0.0006685972120078,0.0513905608494785,-0.0157130633615135,-0.00153388418482033,0.155361420734026,0.068602939189098,0.007483384607578,-0.0658011426011284,-0.182489899216296,0.0218522353457875,0
