"","beta.1","beta.2","beta.3","beta.4","sigma2","delta"
"1",1.69567558333474,0.874892068622519,1.99458550386752,1.83206337356897,0,0.0236019617961093
