beta.1,beta.2,beta.3,beta.4,sigma2,delta
1.595279258970719649e+00,1.444335110706078229e+00,2.050120068199408507e+00,1.660452905665076972e+00,1.787615707620380384e-02,2.220446049250313081e-15
