"","beta.1","beta.2","beta.3","beta.4","sigma2","delta"
"1",2.24256958395466,3.05901288751244,0.817809398226605,1.68763590376492,0,0.0309412219499749
