"","beta.1","beta.2","beta.3","beta.4","sigma2","delta"
"1",0.360619354047483,0.33095653765373,0.0721518281113644,0.240027882153302,0.0182716005414178,1.82716008159442e-10
