"","beta.1","beta.2","beta.3","beta.4","beta.5","beta.6","beta.7","beta.8","beta.9","beta.10","beta.11","beta.12","beta.13","beta.14","sigma2","delta"
"1",0.597785360731831,-0.306722428549317,0.137029021774213,-0.0367637509357883,-0.269854905626122,0.244069662841999,-0.309471669796587,0.189338590762118,-0.138539554640636,-0.0415315385614903,-0.188732137680208,0.137470238060782,-0.0051463428272572,0.00105265231157759,0.017464769430596,0
