"","beta.1","beta.2","beta.3","beta.4","sigma2","delta"
"1",0.49374859173262,1.56095801542345,1.35011774104055,1.24218059992337,0,0.0206181434774724
