"","beta.1","beta.2","beta.3","beta.4","sigma2","delta"
"1",0.335501501887833,0.328950099334165,0.0547607599688927,0.191304586603268,0.016669559111364,0.00196939955483653
