"","beta.1","beta.2","beta.3","beta.4","sigma2","delta"
"1",41.6101676784398,18.7353120016663,22.8745132718683,18.418809027945,0.0267496566254159,0
