"","beta.1","beta.2","beta.3","beta.4","sigma2","delta"
"1",0.23679550437536,0.446824945737754,0.160451857419837,0.0310907173694449,0,"1e-06"
