"","beta.1","beta.2","beta.3","beta.4","sigma2","delta"
"1",0.340522643029719,0.331350545059101,0.0618753459215006,0.211427965680233,0.0184384949632438,1.84384952402778e-10
