"","beta.1","beta.2","beta.3","beta.4","sigma2","delta"
"1",1e-10,1e-10,0.364092578139444,1.47887116152559,0.0258330596298161,0
