"","beta.1","beta.2","beta.3","beta.4","sigma2","delta"
"1",37.9444225896466,17.5131611481969,21.1090280557674,17.1584121384812,0.0267329553116244,0
