"","beta.1","beta.2","beta.3","beta.4","sigma2","delta"
"1",1e-10,1e-10,0.210506810195948,1.44164482915311,0.0258330596298161,0
