beta.1,beta.2,beta.3,beta.4,sigma2,delta
1.406051135562208947e+04,1.942562534596295576e+00,2.896219015819211927e+04,2.070452101226070954e+04,1.665296459997147593e-01,2.243451025979712951e-02
