"","beta.1","beta.2","beta.3","beta.4","sigma2","delta"
"1",1.9867752818738,0.648319671458297,1.99458550386752,1.93917944581078,0,0.0236019617961093
