"","beta.1","beta.2","beta.3","beta.4","sigma2","delta"
"1",1e-10,1.84469142064118,1.49788680992966,1.46917821308683,0,0.0206181434774724
