"","beta.1","beta.2","beta.3","beta.4","sigma2","delta"
"1",0.0548667904588444,0.126521411414556,0.263640142422842,0.316751634019095,0,"1e-06"
