beta.1,beta.2,beta.3,beta.4,sigma2,delta
1.111004188784704274e+04,1.252242729656540154e+00,1.576594278643656617e+04,1.229388668118103851e+04,1.493945524954205517e-01,2.276608283462604534e-02
