"","beta.1","beta.2","beta.3","beta.4","sigma2","delta"
"1",0.0122921010889538,0.0172938232374606,0.0393051822687038,-0.0831133254450909,0.0201478816878566,0
