beta.1,beta.2,beta.3,beta.4,sigma2,delta,mu
3.4125,1.5092,1.9431,1.576,0.026793,0,-0.03156
