beta.1,beta.2,beta.3,beta.4,sigma2,delta
9.741795755684726828e+03,4.148491686132146583e+00,1.164339832688318532e+00,1.162560409619080565e+04,1.377712468344011176e-01,2.410368839071804284e-02
