"","beta.1","beta.2","beta.3","beta.4","sigma2","delta"
"1",-0.0437875631016387,0.080168892477791,-0.0195150675056431,-0.0233430394971831,0.0231374499567924,0
