"","beta.1","beta.2","beta.3","beta.4","sigma2","delta"
"1",4.47599918517906,4.59947931009989,166.751444017484,13.440701255765,0.0166197458591735,0.00201681089452302
