"","beta.1","beta.2","beta.3","beta.4","sigma2","delta"
"1",0.146607482815845,0.260840144388261,0.173228005635085,0.0881095465440637,0,"1e-06"
