"","beta.1","beta.2","beta.3","beta.4","sigma2","delta"
"1",13.0856339976612,11.2801566016207,21.9149110344504,33.1855722462452,0.021130905220514,1.2589215342966e-08
