beta.1,beta.2,beta.3,beta.4,sigma2,delta
1.255963311230467783e+00,1.294411210645154631e+00,1.977873161958883630e+00,1.753509823093294617e+00,2.083760510380440467e-02,2.220446049250313081e-15
