"","beta.1","beta.2","beta.3","beta.4","sigma2","delta"
"1",-0.0233480141130242,0.0891701454497763,0.0890236401425255,-0.0310041221986977,0.0245937957786327,0
