"","beta.1","beta.2","beta.3","beta.4","beta.5","beta.6","beta.7","beta.8","beta.9","beta.10","beta.11","beta.12","beta.13","beta.14","sigma2","delta"
"1",-0.138867489512507,-0.0526361912566826,-0.0883165759266858,0.291666323576869,-0.0797544966285649,0.337168189780072,0.0808951457702281,0.0461573422259665,-0.386331841913306,-0.259500884184851,-0.0381929267668773,0.205038323202479,0.159247632006075,0.0616507896180341,0.022323230633082,0
