"","beta.1","beta.2","beta.3","beta.4","sigma2","delta"
"1",1.85286883902935,1.13926019703403,0.510945553478526,0.4733439113355,0,0.0443860598142619
