beta.1,beta.2,beta.3,beta.4,sigma2,delta
8.186511518514943418e+03,1.139143493991142714e+04,1.262886312664421712e+04,5.325738483346443900e+03,1.856061099207820531e-01,2.713544135492745521e-02
