"","beta.1","beta.2","beta.3","beta.4","sigma2","delta"
"1",41.5770781543328,18.7812925673885,22.7850141860528,18.4640694787181,0.026749634378173,1.52478889458078e-08
