"","beta.1","beta.2","beta.3","beta.4","sigma2","delta"
"1",1.85286883902806,1.13926019703388,0.510945553478503,0.47334391133554,0,0.044386059814267
