"","beta.1","beta.2","beta.3","beta.4","sigma2","delta"
"1",5.25959997415197,4.98322891790289,191.011635527906,17.0591689303174,0.0186033135697993,0
