"","beta.1","beta.2","beta.3","beta.4","sigma2","delta"
"1",0.0313914797999972,0.013231438890194,-0.0269421758818734,0.00248850336244181,0.0271589046320104,0
