"","beta.1","beta.2","beta.3","beta.4","beta.5","beta.6","sigma2","delta"
"1",0.563559829291897,0.211735783456318,0.0342282687520238,0.247206605015405,5.64837567963189e-08,0.00128478997605622,8.96810871945403,3.49197797931325e-07
