"","beta.1","beta.2","beta.3","beta.4","beta.5","beta.6","sigma2","delta"
"1",0.313040151889763,0.135991936118579,0.0250207053353666,0.130088880230286,0.000136551012586941,0.00737205584014637,91.9884476335123,0
