"","beta.1","beta.2","beta.3","beta.4","beta.5","beta.6","sigma2","delta"
"1",2.5907133501087,8.55894007025896,36,7.36593735246246,36,36,0,"1e-06"
