beta.1,beta.2,beta.3,beta.4,beta.5,beta.6,sigma2,delta
2.177884106761817512e-02,7.780603447014282012e-03,1.494722413567672360e-02,4.969229588543074873e-03,1.000000000000000048e-04,1.000000000000000048e-04,2.208605641803496269e+02,2.220446049250313081e-15
