"","beta.1","beta.2","beta.3","beta.4","beta.5","beta.6","sigma2","delta"
"1",0.154447048876576,0.11549903509604,0.0686690222188725,0.0716354572178069,1e-10,0.000114184078080034,2.34875545993724,0
