"","beta.1","beta.2","beta.3","beta.4","beta.5","beta.6","sigma2","delta"
"1",2.56053893800554,3.60585876496174,3.60585876496174,3.60585876496174,3.60585876496174,3.60585876496174,0,4.49977789465043e-06
