"","beta.1","beta.2","beta.3","beta.4","beta.5","beta.6","beta.7","beta.8","beta.9","beta.10","beta.11","beta.12","beta.13","beta.14","beta.15","beta.16","beta.17","beta.18","beta.19","beta.20","beta.21","beta.22","beta.23","beta.24","beta.25","beta.26","beta.27","sigma2","delta"
"1",-4.24652999190448,1.88996310914013,3.71265690004699,-0.878508410799525,-0.797226846038678,1.36585244922915,0.0449937515622823,0.0405121016711157,0.00246056489758313,-0.529519928071122,0.0204095091174712,-0.0160121318529713,-0.731520541584073,0.374576353300796,-0.00223501043612337,-0.0035068268517482,0.0185108472491905,-0.00308699519796255,-0.00795764650642289,0.0072240717759689,-0.115270613162963,0.0544885923547644,0.0266016801095961,0.0046002729247061,-0.00710727364963239,-0.0229770819433197,0.0609305376363074,0.000806796011354876,0
