"","beta.1","beta.2","beta.3","beta.4","beta.5","beta.6","sigma2","delta"
"1",2.55601058041917,8.66792647877224,34.3431652494896,8.35929262390099,36,36,0,"1e-06"
