"","beta.1","beta.2","beta.3","beta.4","beta.5","beta.6","sigma2","delta"
"1",0.462561739669916,0.208158084701821,0.019135808181756,0.200215632334905,6.77722738848311e-06,0.0182223915731142,35.5458730219754,0
