"","beta.1","beta.2","beta.3","beta.4","beta.5","beta.6","sigma2","delta"
"1",0.604331307813455,0.208803098062457,0.041122403695835,0.313443682997061,1.67715966524172e-08,0.0213484058164219,14.8440496329104,0
