"","beta.1","beta.2","beta.3","beta.4","beta.5","beta.6","sigma2","delta"
"1",0.152689164617519,0.124917434329801,0.0691982028299185,0.070409804195768,1e-10,0.000181258208030783,2.26523375805555,0
