"","beta.1","beta.2","beta.3","beta.4","beta.5","beta.6","sigma2","delta"
"1",2.4171876573044,7.36714226850114,33.8934847847676,7.17874041626856,36,36,0,"1e-06"
