beta.1,beta.2,beta.3,beta.4,beta.5,beta.6,sigma2,delta
1.316823658801958175e+00,2.258509194380369234e+00,7.286315099700248155e+00,1.891961325836161167e+00,1.128583765051177943e+04,3.005031775319713816e+01,1.670196374634157905e+02,7.060246976243776416e-07
