"","beta.1","beta.2","beta.3","beta.4","beta.5","beta.6","sigma2","delta"
"1",0.262699899124287,0.0790923498308804,0.00277335586254074,0.156998657296795,2.99727196595379e-08,0.00022707287039726,315.819219267327,1.18447592783546e-06
