"","beta.1","beta.2","beta.3","beta.4","beta.5","beta.6","sigma2","delta"
"1",2.54577676255222,7.92940761841358,34.0903782229419,8.52133728807435,36,36,0,"1e-06"
