beta.1,beta.2,beta.3,beta.4,beta.5,beta.6,sigma2,delta,mu
0.077616,0.040526,0.0028844,0.026278,0.0001,0.00024414,7.2095,0,2.209
