beta.1,beta.2,beta.3,beta.4,beta.5,beta.6,sigma2,delta,mu
0.068157,0.020263,0.003582,0.034078,0.0001,0.00015831,12.816,0,1.4769
