"","beta.1","beta.2","beta.3","beta.4","beta.5","beta.6","sigma2","delta"
"1",0.181724794223194,0.0479986462606476,0.00529509620358117,0.0778546572306332,6.16567244090021e-07,0.000144475828689764,939.466254233884,1.55263709516679e-06
