"","beta.1","beta.2","beta.3","beta.4","beta.5","beta.6","sigma2","delta"
"1",2.55316622334965,7.94412863320652,36,8.02640360954609,36,36,0,"1e-06"
