"","beta.1","beta.2","beta.3","beta.4","beta.5","beta.6","sigma2","delta"
"1",-2.74853100380125,2.54366534028714,1.0744219737509,-0.589808001956498,-0.000240206032228244,-0.0529958509096023,0.0359884209845383,0
