beta.1,beta.2,beta.3,beta.4,beta.5,beta.6,sigma2,delta
1.572077889900329151e+00,3.629395156838677750e+00,1.773626711731925454e+01,2.072502531113626922e+00,1.383081804569828137e+03,5.948328209941222156e+01,1.171717274193897083e+03,1.346256721831595722e-06
