"","beta.1","beta.2","beta.3","beta.4","beta.5","beta.6","sigma2","delta"
"1",0.190397465133328,0.0616851564587931,0.00302569608897515,0.110470177294083,2.25383447564309e-08,0.000125638925927413,781.267577742608,1.10581431640314e-06
