"","beta.1","beta.2","beta.3","beta.4","beta.5","beta.6","sigma2","delta"
"1",1.81610070204977,3.92437944106631,3.92437944106631,3.92437944106631,3.92437944106631,3.92437944106631,0,4.57329196358841e-07
