beta.1,beta.2,beta.3,beta.4,beta.5,beta.6,sigma2,delta
2.765351811403024551e-02,9.305720409296990361e-03,4.400139103576537931e-03,1.162212512734985166e-02,1.000000000000000048e-04,2.270162948533573023e-04,9.522406896711338220e+01,2.220446049250313081e-15
