"","beta.1","beta.2","beta.3","beta.4","beta.5","beta.6","sigma2","delta"
"1",-2.75313123277621,2.49976805430697,1.02810548618753,-0.563056708568826,0.0295378369169741,-0.0591325059230571,0.03384520257407,0
