"","beta.1","beta.2","beta.3","beta.4","beta.5","beta.6","sigma2","delta"
"1",0.602626207621109,0.222850072705684,0.0414978839525936,0.250811966691447,5.13712151074669e-08,0.00173728245820197,7.6615356020191,3.46020080981785e-07
