"","beta.1","beta.2","beta.3","beta.4","beta.5","beta.6","sigma2","delta"
"1",0.145607010915786,0.115668677775802,0.0641524958101976,0.0683427646474785,1e-10,9.98383539342054e-05,2.53710943654283,0
