"","beta.1","beta.2","beta.3","beta.4","beta.5","beta.6","sigma2","delta"
"1",0.346164077396415,0.124291322156562,0.0311900751944031,0.125396715177887,2.33871671676317e-07,0.0330145839120167,77.5275708760833,0
