"","beta.1","beta.2","beta.3","beta.4","beta.5","beta.6","sigma2","delta"
"1",1.84129356778174,3.61194695302952,3.61194695302952,3.61194695302952,3.61194695302952,3.61194695302952,0,1.72468506563453e-06
