"","beta.1","beta.2","beta.3","beta.4","beta.5","beta.6","beta.7","beta.8","beta.9","beta.10","beta.11","beta.12","beta.13","beta.14","beta.15","beta.16","beta.17","beta.18","beta.19","beta.20","beta.21","beta.22","beta.23","beta.24","beta.25","beta.26","beta.27","sigma2","delta"
"1",-4.25349408811386,1.92623120108457,3.72520481131488,-0.863565817825951,-0.790127933295087,1.43101628047968,0.00719193587211797,-0.039585275320644,0.00692853096016473,-0.612025789561096,0.0403772415201691,0.0299910050583202,-0.716949353408109,0.391108737145962,-0.0410633835745398,0.00270468211988735,0.010200375277841,-0.0115447455156799,0.054858636309385,0.0055814038382132,-0.0259760066390971,-0.0230913680471474,0.0117914794658677,-0.0107277667954787,-0.0198316515245669,0.000238166268137791,0.0332248980060999,0.00114236583409659,0
