"","beta.1","beta.2","beta.3","beta.4","beta.5","beta.6","beta.7","beta.8","beta.9","beta.10","beta.11","beta.12","beta.13","beta.14","beta.15","beta.16","beta.17","beta.18","beta.19","beta.20","beta.21","beta.22","beta.23","beta.24","beta.25","beta.26","beta.27","sigma2","delta"
"1",-4.15792552882865,1.8542839198482,3.74920670546059,-0.877151975368091,-0.812285307597873,1.47021306175772,-0.0378439005854946,-0.00765174254093249,0.00904659027724308,-0.497022936636325,-0.00705867712838862,-0.0186574201896487,-0.759116944764396,0.382633442945969,-0.0458838794120193,0.0213796562983183,-0.00151328171504422,-0.0206646986739297,0.00547261341493693,0.0455169139462428,-0.100735475183863,0.0358383245703204,0.0514786675346836,-0.00934024008670032,-0.0457225408224075,-0.0109216766318525,0.0642404010781105,0.00114275536057896,0
