beta.1,beta.2,beta.3,beta.4,beta.5,beta.6,sigma2,delta
1.425266428354578396e+00,2.858347476185496117e+00,1.149981135781587049e+01,1.822029505318212284e+00,9.641970920364408812e+03,3.578455443127016622e+01,3.020560092623160813e+02,1.050630637539230081e-06
