beta.1,beta.2,beta.3,beta.4,beta.5,beta.6,sigma2,delta
2.649083838562193635e-02,8.065847377494357942e-03,2.832359902599103970e-03,4.164286729905269588e-03,1.000000000000000048e-04,6.456100949146072274e-04,3.106952663430018333e+02,2.220446049250313081e-15
