"","beta.1","beta.2","beta.3","beta.4","beta.5","beta.6","sigma2","delta"
"1",0.472819759217418,0.194862453894995,0.0352634151176528,0.23760880323005,8.13588623561798e-09,0.000960597726634979,10.0654767618989,3.55258839869302e-07
