beta.1,beta.2,beta.3,beta.4,beta.5,beta.6,sigma2,delta,mu
0.068157,0.024097,0.010132,0.034078,0.0001,0.00026624,6.0341,0,0.88824
