"","beta.1","beta.2","beta.3","beta.4","beta.5","beta.6","sigma2","delta"
"1",-2.71886367250058,2.50852937904204,1.07846084141535,-0.526989056259288,-0.0254980465140585,-0.0253068720257546,0.0331993335864094,0
