beta.1,beta.2,beta.3,beta.4,beta.5,beta.6,sigma2,delta
1.553639987750004593e-02,6.408918747602280856e-03,1.407931872836547466e-03,4.685482248849780554e-03,1.000000000000000048e-04,2.357777040787906338e-04,8.497495828311368768e+02,2.220446049250313081e-15
