"","beta.1","beta.2","beta.3","beta.4","beta.5","beta.6","sigma2","delta"
"1",0.357205603607686,0.111979041570756,0.0119879429993662,0.20454952969885,1.342328832687e-07,0.00969040577032817,82.5456605427001,4.62839011613193e-08
