"","beta.1","beta.2","beta.3","beta.4","beta.5","beta.6","sigma2","delta"
"1",0.146736583928263,0.0506499658269583,0.00485111643367727,0.105733843799739,4.50039581371217e-14,3.02180696638822e-06,545.577569231811,4.94785046736301e-06
