beta.1,beta.2,beta.3,beta.4,beta.5,beta.6,sigma2,delta
1.710948862827573524e+00,2.959230438141985609e+00,1.284517874952986816e+01,2.246512373116431593e+00,1.354742641176838333e+03,6.357390853009350451e+01,1.123708513672837398e+03,1.096302722023010620e-06
