"","beta.1","beta.2","beta.3","beta.4","beta.5","beta.6","sigma2","delta"
"1",-2.73624598639789,2.50429411371977,1.02475773165002,-0.517864864814745,0.0360892176564716,0.0126193888410287,0.0326998113712941,0
