"","beta.1","beta.2","beta.3","beta.4","beta.5","beta.6","sigma2","delta"
"1",0.544857143482839,0.166994628399456,0.0334641609292463,0.240731780303841,3.14889726387514e-08,0.00134205894938024,11.0889808906719,3.53014847551478e-07
