beta.1,beta.2,beta.3,beta.4,beta.5,beta.6,sigma2,delta
3.924295647969877621e-02,6.867928753826225974e-03,2.956371346373907593e-03,4.321576323571685654e-03,1.000000000000000048e-04,4.777483752393465468e-04,1.923494446388501729e+02,2.220446049250313081e-15
