"","beta.1","beta.2","beta.3","beta.4","beta.5","beta.6","beta.7","beta.8","beta.9","beta.10","beta.11","beta.12","beta.13","beta.14","beta.15","beta.16","beta.17","beta.18","beta.19","beta.20","beta.21","beta.22","beta.23","beta.24","beta.25","beta.26","beta.27","sigma2","delta"
"1",-4.24107936282994,1.9168818608673,3.8107812806682,-0.927307481740812,-0.855693981411936,1.43473456009018,0.0193890282794351,0.0316320748703348,-0.00340387712670422,-0.644450429176874,0.0682114033923656,-0.0122354274999044,-0.754805366036487,0.440440965337666,0.040889512531091,-0.0178736143881908,-0.000315711496808553,-0.0296459815800256,0.0601062742521071,-0.0312387036274745,-0.00797824944459854,0.0268280031683428,0.0225274546860017,-0.0297409530584976,-0.00178249220478011,-0.00252158312927853,-0.0094328129059115,0.000945942651901074,0
