"","beta.1","beta.2","beta.3","beta.4","beta.5","beta.6","sigma2","delta"
"1",0.470516140973578,0.161886517795702,0.0287191418770142,0.253020736612312,2.97048775585474e-08,0.00129347098396301,10.247715830414,3.56653268394661e-07
