"","beta.1","beta.2","beta.3","beta.4","beta.5","beta.6","sigma2","delta"
"1",1.97519625581778,4.08927482854224,4.08927482854224,4.08927482854224,4.08927482854224,4.08927482854224,0,4.23789576677976e-07
