"","beta.1","beta.2","beta.3","beta.4","beta.5","beta.6","sigma2","delta"
"1",-2.7733547845444,2.48568604209757,1.06431727595332,-0.497864898614164,-0.0190825719196467,-0.0165204736230508,0.0342438372034354,0
