"","beta.1","beta.2","beta.3","beta.4","beta.5","beta.6","sigma2","delta"
"1",0.142292754647665,0.11776077542638,0.0642903026236557,0.06638866154983,1e-10,4.09753557084011e-05,2.57687793643929,0
