beta.1,beta.2,beta.3,beta.4,beta.5,beta.6,sigma2,delta,mu
0.081052,0.012582,0.0078125,0.013721,0.00010265,0.00023379,18.322,0,1.8445
