"","beta.1","beta.2","beta.3","beta.4","beta.5","beta.6","beta.7","beta.8","beta.9","beta.10","beta.11","beta.12","beta.13","beta.14","beta.15","beta.16","beta.17","beta.18","beta.19","beta.20","beta.21","beta.22","beta.23","beta.24","beta.25","beta.26","beta.27","sigma2","delta"
"1",-4.19685266250633,1.90268999695286,3.76365992749362,-0.898138800688522,-0.824093358359844,1.48523190193024,0.0289648218028967,-0.0526903160398382,-0.0450070608126297,-0.570516662358988,0.0189427416508343,0.025778332921476,-0.742152081560296,0.41071940916207,-0.00138878505488652,0.0266317969208459,0.0612866543093529,0.0128715628780137,-0.0171412018196998,-0.0479663972469626,-0.0291322978498292,-0.0554784569247603,0.00824868218553882,-0.0314344188474104,-0.0113648936392788,-0.010859237713881,0.0746096856359587,0.000938071068682409,0
