"","beta.1","beta.2","beta.3","beta.4","beta.5","beta.6","sigma2","delta"
"1",0.151482859549528,0.116096651354034,0.0658505629998197,0.0747412714634268,1e-10,8.99805850897121e-05,2.39641003801524,0
