"","beta.1","beta.2","beta.3","beta.4","beta.5","beta.6","sigma2","delta"
"1",1.98581275744057,4.06896035382932,4.06896035382932,4.06896035382932,4.06896035382932,4.06896035382932,0,2.03188554954733e-06
