beta.1,beta.2,beta.3,beta.4,beta.5,beta.6,sigma2,delta
1.764493713227224259e+00,3.894543955764230514e+00,1.583822195181846304e+01,2.387304541639649447e+00,2.437134474563387357e+03,6.743453471467442739e+01,2.355426454391872085e+03,1.525900790300506305e-06
