"","beta.1","beta.2","beta.3","beta.4","beta.5","beta.6","sigma2","delta"
"1",0.537447997447402,0.143280505510545,0.0155130276552998,0.358702984229617,3.3738706772861e-09,0.0131133940565829,44.5886681614869,0
