"","beta.1","beta.2","beta.3","beta.4","beta.5","beta.6","sigma2","delta"
"1",1.31013930497821,1.61135309953132,1.96666666666667,1.96666666666667,1.96666666666667,1.96666666666667,0.0303002814951858,3.03002819504402e-10
