"","beta.1","beta.2","beta.3","beta.4","beta.5","beta.6","sigma2","delta"
"1",0.900031460037409,1.69532511255736,3.10555555555556,3.10555555555556,3.10555555555556,3.10555555555556,0,0.000628728565462775
