"","beta.1","beta.2","beta.3","beta.4","beta.5","beta.6","sigma2","delta"
"1",0.891641039887606,1.41565417508382,1.96666666666667,1.96666666666667,1.96666666666667,1.96666666666667,0.106214680352244,0
