beta.1,beta.2,beta.3,beta.4,beta.5,beta.6,sigma2,delta
1.298246356075632768e+00,1.944295296060191802e+00,5.043460094450182396e+00,1.860271451000305554e+00,5.882453702511425035e+03,3.918035054723067105e+02,1.965076723269040926e+00,5.562684646268136855e-309
