"","beta.1","beta.2","beta.3","beta.4","beta.5","beta.6","sigma2","delta"
"1",-0.608271906185328,0.568880199139804,0.225231157241599,-0.124668202729704,-0.0303060988999738,-0.0118437294357896,0.00155457361947819,0
