beta.1,beta.2,beta.3,beta.4,beta.5,beta.6,sigma2,delta
1.367848233663062851e+00,2.961506677270844268e+00,6.707861331348894396e+00,2.274125238393434056e+00,3.075089396184795769e+05,1.443207488436354708e+02,3.724226342906291620e+00,1.388037699776973474e-07
