"","beta.1","beta.2","beta.3","beta.4","beta.5","beta.6","sigma2","delta"
"1",0.231550499451739,0.0611683912012872,0.00929066483649269,0.104008539786621,1e-10,6.89465486308256e-07,3.09982282495509,1.1400283751309e-07
