"","beta.1","beta.2","beta.3","beta.4","beta.5","beta.6","sigma2","delta"
"1",1.3595562833739,1.69683641330354,1.96666666666667,1.96666666666667,1.96666666666667,1.96666666666667,0.0280347346132154,0
