"","beta.1","beta.2","beta.3","beta.4","beta.5","beta.6","sigma2","delta"
"1",0.92973393313924,1.53232324920228,1.96666666666667,1.96666666666667,1.96666666666667,1.96666666666667,0.112650130947647,2.4687615015671e-06
