"","beta.1","beta.2","beta.3","beta.4","beta.5","beta.6","sigma2","delta"
"1",0.208508276028077,0.0546260770232233,0.00728985987834797,0.0982884482998209,1.42762951616499e-28,4.82899967315658e-07,4.46683680340231,2.87493911641668e-07
