"","beta.1","beta.2","beta.3","beta.4","beta.5","beta.6","sigma2","delta"
"1",0.161199305248437,0.118979955302962,0.0450825680308598,0.0481522474032124,4.64056832943807e-06,1e-10,0.171147609772395,0
