"","beta.1","beta.2","beta.3","beta.4","beta.5","beta.6","sigma2","delta"
"1",0.290498401038753,0.140304709233045,0.0209488267244561,0.133824153654457,1e-10,2.62923037905771e-06,1.63265218844154,1.01964929462616e-07
