"","beta.1","beta.2","beta.3","beta.4","beta.5","beta.6","sigma2","delta"
"1",0.829500755361981,1.35706137678125,1.96666666666667,1.96666666666667,1.96666666666667,1.96666666666667,0.0888477990110969,0
