"","beta.1","beta.2","beta.3","beta.4","beta.5","beta.6","sigma2","delta"
"1",0.878359907906614,1.59239613140426,1.96666666666667,1.96666666666667,1.96666666666667,1.96666666666667,0.0831213057054461,2.53843872804765e-06
