"","beta.1","beta.2","beta.3","beta.4","beta.5","beta.6","sigma2","delta"
"1",-0.489051165401292,0.473015546281816,0.182267109296948,-0.0994463313199047,-0.018752019750777,-0.0167569218696676,0.00109352147991797,0
