"","beta.1","beta.2","beta.3","beta.4","beta.5","beta.6","sigma2","delta"
"1",0.326658632911723,0.19172955921762,0.0232167361177109,0.127429851279098,1.4258825466438e-06,9.18249629565353e-05,1.66999852837622,0
