"","beta.1","beta.2","beta.3","beta.4","beta.5","beta.6","sigma2","delta"
"1",0.888498497950544,1.82434729905947,2.83527777777778,2.83527777777778,2.83527777777778,2.83527777777778,0,0.000503245660220437
