beta.1,beta.2,beta.3,beta.4,beta.5,beta.6,sigma2,delta
6.254538057920871807e+00,8.780654919237742106e+00,1.956156216605280918e+01,8.599552346463005037e+00,1.803270007665999699e+06,1.057042032569849198e+03,2.035406202574655765e+01,5.562684646268136855e-309
