"","beta.1","beta.2","beta.3","beta.4","beta.5","beta.6","sigma2","delta"
"1",0.912620969943071,1.43427819289356,1.96666666666667,1.96666666666667,1.96666666666667,1.96666666666667,0.121490750890187,0
