beta.1,beta.2,beta.3,beta.4,beta.5,beta.6,sigma2,delta
2.500048056646392780e+01,3.837724822309311890e+01,6.630186395901596086e+01,4.505359046819390301e+01,1.421249455347720505e+04,1.319979508047148738e+04,5.500680307496422472e+01,1.215108300733733168e-48
