"","beta.1","beta.2","beta.3","beta.4","beta.5","beta.6","sigma2","delta"
"1",0.357883509472149,0.0956796187623763,0.028218136897612,0.125186274277643,5.99158151113315e-08,4.67967812655758e-05,1.46167078450139,0
