"","beta.1","beta.2","beta.3","beta.4","beta.5","beta.6","sigma2","delta"
"1",0.932175205069995,1.30513152497035,1.96666666666667,1.96666666666667,1.96666666666667,1.96666666666667,0.106673280179783,0
