"","beta.1","beta.2","beta.3","beta.4","beta.5","beta.6","sigma2","delta"
"1",2.1478221390951,6.65785580085811,26.3345813877324,19.7325161315944,36,36,0,"1e-06"
