"","beta.1","beta.2","beta.3","beta.4","beta.5","beta.6","sigma2","delta"
"1",0.259545774657966,0.0594104756472871,0.0174260748729277,0.0869924449012154,4.47763501365316e-05,2.47458628329032e-07,3.77796844082861,0
