beta.1,beta.2,beta.3,beta.4,beta.5,beta.6,sigma2,delta
2.135222954953430374e+01,2.910265376539464910e+01,5.971742677630795271e+01,3.955282564054322592e+01,2.578820171829023864e+06,2.790975489174854942e+06,4.444068017607260401e+01,5.562684646268136855e-309
