"","beta.1","beta.2","beta.3","beta.4","beta.5","beta.6","sigma2","delta"
"1",1.37103884079472,1.6411263717941,1.96666666666667,1.96666666666667,1.96666666666667,1.96666666666667,0.0339360902033531,0
