beta.1,beta.2,beta.3,beta.4,beta.5,beta.6,sigma2,delta,mu
0.068157,0.039658,0.0081584,0.0076451,0.0001,0.00011439,0.15367,0,0.81427
