"","beta.1","beta.2","beta.3","beta.4","beta.5","beta.6","sigma2","delta"
"1",0.802401053640227,1.92184802330526,2.69,2.69,2.69,2.69,0,0.000623481837083499
