"","beta.1","beta.2","beta.3","beta.4","beta.5","beta.6","sigma2","delta"
"1",1.3101546204977,1.61135364186694,1.96666666666667,1.96666666666667,1.96666666666667,1.96666666666667,0.0303005032985146,0
