"","beta.1","beta.2","beta.3","beta.4","beta.5","beta.6","sigma2","delta"
"1",1.35939004636621,1.7830798528161,1.96666666666667,1.96666666666667,1.96666666666667,1.96666666666667,0.0561685332187955,5.61685340627142e-10
