"","beta.1","beta.2","beta.3","beta.4","beta.5","beta.6","sigma2","delta"
"1",-0.555986196366306,0.520094066132853,0.241829748624179,-0.108100547805104,0.0135448134890113,-0.0116091468124643,0.00145623343445355,0
