"","beta.1","beta.2","beta.3","beta.4","beta.5","beta.6","sigma2","delta"
"1",1.3319361744767,2.18285374086086,2.83194444444445,2.83194444444445,2.83194444444445,2.83194444444445,0,0.000878040238821798
