"","beta.1","beta.2","beta.3","beta.4","beta.5","beta.6","sigma2","delta"
"1",0.126354036478355,0.0563216521723978,0.00685565794448494,0.0626498270769177,9.16596011835427e-11,9.773337403898e-07,5.12195138335864,8.62817516719932e-07
