beta.1,beta.2,beta.3,beta.4,beta.5,beta.6,sigma2,delta
2.319577201799840793e+01,3.011920753878449375e+01,6.100710190153152013e+01,4.058871450534495295e+01,5.799676472176626703e+03,5.570587691382422236e+03,4.453304895134917984e+01,5.562684646268136855e-309
