"","beta.1","beta.2","beta.3","beta.4","beta.5","beta.6","sigma2","delta"
"1",1.35955985190348,1.69683800881814,1.96666666666667,1.96666666666667,1.96666666666667,1.96666666666667,0.028034785122846,2.80347855440619e-10
