"","beta.1","beta.2","beta.3","beta.4","beta.5","beta.6","sigma2","delta"
"1",0.836054834128476,1.45207585378819,1.96666666666667,1.96666666666667,1.96666666666667,1.96666666666667,0.090790182995306,1.99015876265963e-06
