beta.1,beta.2,beta.3,beta.4,beta.5,beta.6,sigma2,delta
7.051531924958153397e+00,1.234624451002489032e+01,2.640170886518764348e+01,9.674012451577917560e+00,1.067515836746062087e+04,9.883815678839046086e+03,3.421133268511605507e+01,5.562684646268136855e-309
