"","beta.1","beta.2","beta.3","beta.4","beta.5","beta.6","sigma2","delta"
"1",1.40968076672869,1.6823415935605,1.96666666666667,1.96666666666667,1.96666666666667,1.96666666666667,0.0399955110617571,0
