"","beta.1","beta.2","beta.3","beta.4","beta.5","beta.6","sigma2","delta"
"1",1.35477298608435,1.73467147503368,1.96666666666667,1.96666666666667,1.96666666666667,1.96666666666667,0.0322375245248181,0
