"","beta.1","beta.2","beta.3","beta.4","beta.5","beta.6","sigma2","delta"
"1",-0.532196190925808,0.525939058174958,0.214494648295896,-0.112347953645502,-0.0202061303817161,-0.0213123770664998,0.00147850124892004,0
