beta.1,beta.2,beta.3,beta.4,beta.5,beta.6,sigma2,delta,mu
0.068157,0.010132,0.003582,0.014328,0.0001,0.00011194,0.4766,0,0.49732
