"","beta.1","beta.2","beta.3","beta.4","beta.5","beta.6","sigma2","delta"
"1",1.20799384562666,1.64507996429437,1.96666666666667,1.96666666666667,1.96666666666667,1.96666666666667,0.0475868987071916,4.75868994221734e-10
