"","beta.1","beta.2","beta.3","beta.4","beta.5","beta.6","sigma2","delta"
"1",-0.540499063839308,0.494516588316452,0.210584982056945,-0.125251267654179,0.00311856971632775,-0.0282053424224878,0.00157083350994678,0
