beta.1,beta.2,beta.3,beta.4,beta.5,beta.6,sigma2,delta
2.000690891459991683e+00,3.006415345941306771e+00,8.626619430360211283e+00,2.839842059904283289e+00,4.186929576683726045e+05,7.409037971957430955e+02,5.250268263212193531e+00,8.741072690692593725e-07
