"","beta.1","beta.2","beta.3","beta.4","beta.5","beta.6","sigma2","delta"
"1",3.39080470127236,6.20977781518822,30.6378496193262,15.3596305486586,36,36,0,"1e-06"
