"","beta.1","beta.2","beta.3","beta.4","beta.5","beta.6","sigma2","delta"
"1",1.28595993762947,1.66063537683637,1.96666666666667,1.96666666666667,1.96666666666667,1.96666666666667,0.054907326871713,5.49073276966824e-10
