beta.1,beta.2,beta.3,beta.4,beta.5,beta.6,sigma2,delta
6.812625692176866643e+00,9.938012391948243263e+00,2.621740217253596938e+01,9.211887997627702163e+00,5.204377474050116689e+03,5.338145058897647687e+03,4.040919665025093366e+01,2.202279928227320875e-39
