"","beta.1","beta.2","beta.3","beta.4","beta.5","beta.6","sigma2","delta"
"1",1.35478012509721,1.73467562675339,1.96666666666667,1.96666666666667,1.96666666666667,1.96666666666667,0.0322376612029664,3.22376616873295e-10
