"","beta.1","beta.2","beta.3","beta.4","beta.5","beta.6","sigma2","delta"
"1",0.1632996683913,0.103215416074429,0.0567658617085453,0.0534506609383925,1e-10,1.21965985308411e-05,0.227111988588984,0
