"","beta.1","beta.2","beta.3","beta.4","beta.5","beta.6","sigma2","delta"
"1",1.35938530686127,1.7830850582681,1.96666666666667,1.96666666666667,1.96666666666667,1.96666666666667,0.0561685967004217,0
