beta.1,beta.2,beta.3,beta.4,beta.5,beta.6,sigma2,delta
6.614070653543913103e+00,8.901770426235325218e+00,2.105684697250407211e+01,1.039019632719779374e+01,4.385737267160658121e+03,4.355219910746017376e+03,1.842192122876491922e+01,5.562684646268136855e-309
