"","beta.1","beta.2","beta.3","beta.4","beta.5","beta.6","beta.7","beta.8","beta.9","beta.10","beta.11","beta.12","beta.13","beta.14","beta.15","beta.16","beta.17","beta.18","beta.19","beta.20","beta.21","beta.22","beta.23","beta.24","beta.25","beta.26","beta.27","sigma2","delta"
"1",-0.829367681244314,0.36860202894219,0.78480458209491,-0.197659821167113,-0.174083413027761,0.317235930872811,0.00559861025453352,-0.0150492797055884,-0.0189182647200116,-0.0890589904196696,0.00794865210543807,-0.00758694290112393,-0.149846398657638,0.0533812300176652,-0.00491631053303633,0.0350419103363562,0.0169253384352595,0.00147009215630143,-0.00745357161377865,-0.015408803771696,0.0273096807411134,-0.019596354885448,-0.0288764460018401,-0.0266369416259028,0.0251672099571799,0.00437600768250076,-0.0116308284826446,2.84278928322817e-05,0
