"","beta.1","beta.2","beta.3","beta.4","beta.5","beta.6","sigma2","delta"
"1",0.295789343316419,0.0721562346778347,0.0134052729533675,0.106250728840324,3.88874148884401e-08,1.9087412394979e-05,2.37149097510451,1.05965294003189e-07
