"","beta.1","beta.2","beta.3","beta.4","beta.5","beta.6","sigma2","delta"
"1",0.254005618071091,0.0582918973801081,0.00948288895837808,0.100546085382847,6.73547531557466e-08,5.95040893085309e-07,4.62867458605398,8.05474983661688e-07
