"","beta.1","beta.2","beta.3","beta.4","beta.5","beta.6","sigma2","delta"
"1",0.183073076116214,0.16286574275857,0.00950169626422737,0.0669301691312268,7.61754148906104e-08,3.0038140622316e-06,5.10092161787531,0
