"","beta.1","beta.2","beta.3","beta.4","beta.5","beta.6","beta.7","beta.8","beta.9","beta.10","beta.11","beta.12","beta.13","beta.14","beta.15","beta.16","beta.17","beta.18","beta.19","beta.20","beta.21","beta.22","beta.23","beta.24","beta.25","beta.26","beta.27","sigma2","delta"
"1",-0.784372948977583,0.340794927756931,0.671087854348339,-0.137505490801868,-0.139648850326144,0.232509760158542,0.0182611185485974,0.0178688217942949,0.011377881772996,-0.108944282301566,0.000958940907337119,-0.0104985253753301,-0.119714986579158,0.0806190471637303,0.0167857347060976,-0.00431780230902007,-0.0075604658742647,-0.0273709206057812,0.0205734173858111,-0.00828168146735953,-0.0238812805430447,0.00799011743403576,-0.00182125649193832,-0.00585558312284906,-0.0125691609694639,0.00197199084351471,0.0232845557809299,1.42477526294634e-05,0
