"","beta.1","beta.2","beta.3","beta.4","beta.5","beta.6","sigma2","delta"
"1",0.262939557615499,0.057616034451525,0.0119053903276741,0.0926349604470246,1.19892457314356e-13,2.4374283236662e-05,3.74954313480032,1.42775955996873e-07
