"","beta.1","beta.2","beta.3","beta.4","beta.5","beta.6","sigma2","delta"
"1",1.28596028812622,1.66063728507437,1.96666666666667,1.96666666666667,1.96666666666667,1.96666666666667,0.0549074947938732,0
