"","beta.1","beta.2","beta.3","beta.4","beta.5","beta.6","sigma2","delta"
"1",0.882068128610208,1.65433179135327,1.96666666666667,1.96666666666667,1.96666666666667,1.96666666666667,0.093715611362084,0
