"","beta.1","beta.2","beta.3","beta.4","beta.5","beta.6","sigma2","delta"
"1",0.299703446780905,0.149474242765637,0.0251390048550975,0.149332709243959,1.04956188832923e-12,4.21629654433928e-06,1.60159008205199,0
