"","beta.1","beta.2","beta.3","beta.4","beta.5","beta.6","sigma2","delta"
"1",0.183112069099583,0.126625751136843,0.0510962555416562,0.048472334474932,3.909214867702e-05,1e-10,0.237516014666789,0
