"","beta.1","beta.2","beta.3","beta.4","beta.5","beta.6","sigma2","delta"
"1",3.48119793249498,9.93785135741448,36,23.9057967171076,36,36,0,"1e-06"
