"","beta.1","beta.2","beta.3","beta.4","beta.5","beta.6","sigma2","delta"
"1",2.19769615946905,4.6543923120474,12.9807198256911,16.5900572773143,36,36,0,"1e-06"
