"","beta.1","beta.2","beta.3","beta.4","beta.5","beta.6","beta.7","beta.8","beta.9","beta.10","beta.11","beta.12","beta.13","beta.14","beta.15","beta.16","beta.17","beta.18","beta.19","beta.20","beta.21","beta.22","beta.23","beta.24","beta.25","beta.26","beta.27","sigma2","delta"
"1",-0.932241985412268,0.413385197967756,0.801431071568271,-0.182288420434533,-0.171951868927401,0.31218302885928,0.00829476586025425,0.00886425011833629,0.00406729453119866,-0.0754944559703986,-0.00636567204994292,-0.0124678045026566,-0.173656102062073,0.0510693066003049,-0.0194738013561985,0.0197736541254122,0.0402271730851704,-0.0127275093529956,0.0182530948255492,-0.0116458590185352,-0.0190704002784732,0.00213606886992193,-0.0135982521792156,-0.0146532227073012,0.000519470746414744,-0.00196796056757636,0.0327104703181373,3.00201489355171e-05,0
