"","beta.1","beta.2","beta.3","beta.4","beta.5","beta.6","sigma2","delta"
"1",0.154196282191375,0.0908378026988404,0.0433824690652914,0.0492141581348552,1e-10,1e-10,0.245886306023124,0
