"","beta.1","beta.2","beta.3","beta.4","beta.5","beta.6","beta.7","beta.8","beta.9","beta.10","beta.11","beta.12","beta.13","beta.14","beta.15","beta.16","beta.17","beta.18","beta.19","beta.20","beta.21","beta.22","beta.23","beta.24","beta.25","beta.26","beta.27","sigma2","delta"
"1",-0.827834048002395,0.348673027355656,0.803458084909086,-0.195899547406939,-0.16818382884229,0.304541847927573,-0.0345393585672894,-0.00458973543579212,0.0123826128049864,-0.0978106787232771,-0.028316888868713,0.018918061557962,-0.168341705891399,0.0774710344532432,0.0482316774049455,0.0221613694101662,-0.0136992129542755,0.00568061653915778,0.0136482244428998,-0.0495712956019379,-0.0195851447647954,0.05196398755007,-0.0157960791402518,0.00263903019716581,-0.00176444082878889,-0.0264860859817388,0.00551895883022725,2.00897627921357e-05,0
