beta.1,beta.2,beta.3,beta.4,beta.5,beta.6,sigma2,delta
1.320267043192532075e+00,2.973173022556552247e+00,5.886591059749475718e+00,2.455184237426573102e+00,2.352068364491167429e+01,1.440093503721609558e+01,2.529238081238077474e+00,4.347582446306880212e-16
