"","beta.1","beta.2","beta.3","beta.4","beta.5","beta.6","sigma2","delta"
"1",1.28271933518995,1.75183565277734,1.96666666666667,1.96666666666667,1.96666666666667,1.96666666666667,0.0457037175420922,4.57037182287796e-10
