"","beta.1","beta.2","beta.3","beta.4","beta.5","beta.6","sigma2","delta"
"1",0.231856863201171,0.0504742276739743,0.00779076297642551,0.0946412789063665,1.83813260118997e-08,3.91956886928442e-07,6.51765215487831,1.15469996348008e-07
