beta.1,beta.2,beta.3,beta.4,beta.5,beta.6,sigma2,delta
2.551688855088714902e+01,3.700277198651482280e+01,6.898557937239397120e+01,5.032589212986571425e+01,1.686948102372813446e+04,1.682240267953929651e+04,4.645529493139489574e+01,5.562684646268136855e-309
