"","beta.1","beta.2","beta.3","beta.4","beta.5","beta.6","sigma2","delta"
"1",1.34361002611193,1.70592387541272,1.96666666666667,1.96666666666667,1.96666666666667,1.96666666666667,0.0655576245167861,6.55576255017737e-10
