"","beta.1","beta.2","beta.3","beta.4","beta.5","beta.6","beta.7","beta.8","beta.9","beta.10","beta.11","beta.12","beta.13","beta.14","beta.15","beta.16","beta.17","beta.18","beta.19","beta.20","beta.21","beta.22","beta.23","beta.24","beta.25","beta.26","beta.27","sigma2","delta"
"1",-0.872456708825842,0.379804377014256,0.716532051627848,-0.177739421877359,-0.151699508827551,0.239482321356784,0.0127447527725273,0.0262077503107783,0.0123758978421629,-0.15032289635686,0.0224371847898649,0.0095946881110466,-0.12423665891489,0.0733880881613294,0.00923863552480803,0.0183307749770651,0.00273059100937363,-0.00784297330156839,-0.000199270569600517,-0.0131156763664097,-0.014191951318512,0.0208323041810972,-0.00511427095211515,-0.000250691473131137,0.0223278104811533,-0.00683004296743452,-0.00155968211108793,2.62330007953806e-05,0
