"","beta.1","beta.2","beta.3","beta.4","beta.5","beta.6","sigma2","delta"
"1",0.933122345240122,1.29643404329537,1.96666666666667,1.96666666666667,1.96666666666667,1.96666666666667,0.106148586083139,1.06148587677996e-09
