beta.1,beta.2,beta.3,beta.4,beta.5,beta.6,sigma2,delta
5.806651991480240582e+00,9.433887343713919904e+00,1.951811009884453796e+01,9.022786734877820791e+00,3.841044257048064082e+03,1.853896234472143533e+03,1.827688278584803783e+01,5.562684646268136855e-309
