"","beta.1","beta.2","beta.3","beta.4","beta.5","beta.6","sigma2","delta"
"1",0.192738954012696,0.143035785082901,0.0594726955625314,0.0495495826256059,1.14510626058856e-10,1e-10,0.190155033329165,0
