"","beta.1","beta.2","beta.3","beta.4","beta.5","beta.6","sigma2","delta"
"1",0.986154967874008,1.97697849365469,2.98916666666667,2.98916666666667,2.98916666666667,2.98916666666667,0,0.000674748167009204
