beta.1,beta.2,beta.3,beta.4,beta.5,beta.6,sigma2,delta,mu
0.068157,0.012312,0.0081584,0.0079836,0.0001,0.00011439,0.38509,0,0.68416
