"","beta.1","beta.2","beta.3","beta.4","beta.5","beta.6","sigma2","delta"
"1",0.295312900618926,0.138121009939153,0.0225124291068456,0.145316167300397,2.00301008917028e-10,3.18474479221993e-06,1.857369368322,3.01250653541037e-09
