"","beta.1","beta.2","beta.3","beta.4","beta.5","beta.6","sigma2","delta"
"1",1.4047615090854,1.68787826955935,1.96666666666667,1.96666666666667,1.96666666666667,1.96666666666667,0.0399854058031677,3.99854064039388e-10
