"","beta.1","beta.2","beta.3","beta.4","beta.5","beta.6","sigma2","delta"
"1",3.05208682210482,8.84772150747751,36,11.9328080952072,36,36,0,"1e-06"
