"","beta.1","beta.2","beta.3","beta.4","beta.5","beta.6","sigma2","delta"
"1",1.2080034704105,1.64507623300704,1.96666666666667,1.96666666666667,1.96666666666667,1.96666666666667,0.0475872266744474,0
