beta.1,beta.2,beta.3,beta.4,beta.5,beta.6,sigma2,delta
1.596582793269286205e+00,3.260985024085072403e+00,8.813831552329368435e+00,2.372835781357661489e+00,2.136429930957073339e+03,1.891834555300057218e+03,5.974244418484996544e+00,3.106379594710409931e-07
