"","beta.1","beta.2","beta.3","beta.4","beta.5","beta.6","sigma2","delta"
"1",1.28270895945872,1.75182304564534,1.96666666666667,1.96666666666667,1.96666666666667,1.96666666666667,0.0457033475113323,0
