"","beta.1","beta.2","beta.3","beta.4","beta.5","beta.6","sigma2","delta"
"1",0.115946760804465,0.0513547658200892,0.00587914817142532,0.0595310217777612,9.72189159549514e-10,8.18300854253798e-07,6.72698549689564,1.1874176122402e-07
