beta.1,beta.2,beta.3,beta.4,beta.5,beta.6,sigma2,delta
2.753003626445873664e+01,4.363912964448743281e+01,8.024492685770701428e+01,5.002320525308246602e+01,3.427931264094293583e+06,3.156169258935333695e+06,6.900179688368176301e+01,5.562684646268136855e-309
