"","beta.1","beta.2","beta.3","beta.4","beta.5","beta.6","sigma2","delta"
"1",1.34361847575786,1.70593421768026,1.96666666666667,1.96666666666667,1.96666666666667,1.96666666666667,0.0655584055434985,0
