"","beta.1","beta.2","beta.3","beta.4","beta.5","beta.6","sigma2","delta"
"1",0.932763668057372,1.42453744237209,1.96666666666667,1.90374592894423,1.96666666666667,1.96666666666667,0.115057078266461,2.29826037569993e-06
