beta.1,beta.2,beta.3,beta.4,beta.5,beta.6,sigma2,delta,mu
0.068157,0.039658,0.01058,0.0079836,0.0001,0.00011439,0.1862,0,1.1079
