beta.1,beta.2,beta.3,beta.4,sigma2,delta
5.267036052889118025e+00,2.630388440127196503e+01,1.359128818826351548e+06,3.605575414141823387e+01,2.659766912186191945e+01,5.562684646268136855e-309
