"","beta.1","beta.2","beta.3","beta.4","sigma2","delta"
"1",1.10213540681986,1e-10,9.3068346907793e-07,0.00494314629566214,1.76927736997233,0
