beta.1,beta.2,beta.3,beta.4,sigma2,delta
2.771839951062624596e-01,1.016731219524214147e+01,1.175062506685942935e+03,1.670037600539760803e+00,3.092701570049166460e+00,5.097854012739010809e-07
