beta.1,beta.2,beta.3,beta.4,sigma2,delta,mu
1,0.003687,0.0010962,0.083427,0.092366,0,1.0235
