"","beta.1","beta.2","beta.3","beta.4","sigma2","delta"
"1",0.23362638807621,1.975,1.79387310696188,1.15086169440545,0.119670766704271,1.19670768502295e-09
