"","beta.1","beta.2","beta.3","beta.4","sigma2","delta"
"1",0.536779284495033,1.975,1.975,1.975,0.0288551137619016,2.88551141954427e-10
