beta.1,beta.2,beta.3,beta.4,sigma2,delta,mu
0.7937,0.01392,0.0098431,0.035077,0.11741,0,1.0689
