beta.1,beta.2,beta.3,beta.4,sigma2,delta
2.223465361045377231e-01,5.123154589771726023e+03,4.252057944665276409e+03,6.926094492251924528e+00,4.473860293601595686e+02,4.206195263460624491e-07
