"","beta.1","beta.2","beta.3","beta.4","sigma2","delta"
"1",0.10947592547144,2.265625,2.265625,2.07908956975648,0,2.4548392921494e-05
