"","beta.1","beta.2","beta.3","beta.4","sigma2","delta"
"1",8.75692655217081,0.256953975996136,5.31153675103344e-06,0.0760255794454465,1.53009203518441,0
