"","beta.1","beta.2","beta.3","beta.4","sigma2","delta"
"1",37.2173068630436,1.1385127793698e-06,9.26908636424876e-07,0.0546121802876455,4.54574382450455,0
