"","beta.1","beta.2","beta.3","beta.4","sigma2","delta"
"1",0.188825885509331,2.3784375,2.3784375,1.16713250055917,0,0.000142345072613772
