"","beta.1","beta.2","beta.3","beta.4","sigma2","delta"
"1",3.73806836944262,0.00122815647739516,1e-10,0.0486061323175389,0.267962334799968,0
