"","beta.1","beta.2","beta.3","beta.4","sigma2","delta"
"1",0.210099243059864,1.975,1.975,1.09449932915884,0.0940919598150487,0
