"","beta.1","beta.2","beta.3","beta.4","sigma2","delta"
"1",44.9985254927475,4.95439671767337e-20,7.12623335396545e-06,0.165995285299115,0.850509519751789,0
