beta.1,beta.2,beta.3,beta.4,sigma2,delta
1.741436726562600512e+00,3.532497917262287228e+05,9.145368572987447209e+00,9.881698929528360154e+00,2.429772874161249874e+01,2.271662212011014159e-07
