"","beta.1","beta.2","beta.3","beta.4","beta.5","beta.6","beta.7","beta.8","beta.9","beta.10","beta.11","beta.12","beta.13","beta.14","sigma2","delta"
"1",0.469755025320764,0.23335693888683,-0.083033665947335,-0.0471774699257285,0.101562127918935,0.018235460175555,0.0754780166281458,-0.0719559434256767,0.0270611408743029,-0.202133336218596,-0.316530161203732,0.0664358162127782,-0.0910311334974046,0.13914962497451,0.00103342692733735,0
