"","beta.1","beta.2","beta.3","beta.4","sigma2","delta"
"1",0.187160959323574,1.975,1.975,1.53587257037814,0.180480877788891,0
