"","beta.1","beta.2","beta.3","beta.4","sigma2","delta"
"1",0.386253649430886,1.975,1.975,1.975,0.0949375428817334,9.49375443081471e-10
