"","beta.1","beta.2","beta.3","beta.4","beta.5","beta.6","beta.7","beta.8","beta.9","beta.10","beta.11","beta.12","beta.13","beta.14","sigma2","delta"
"1",0.665610866724203,0.260853700410358,0.0663872887659145,-0.133680016215036,0.00647823504393902,0.0638314668648756,-0.0640443370786505,0.0103372903278833,0.0143507948027708,-0.186796108059998,-0.286684430529923,-0.0335280330838598,-0.0992901251444069,0.148384130855447,0.00132984695092596,0
