"","beta.1","beta.2","beta.3","beta.4","sigma2","delta"
"1",0.449328976298135,1.975,1.975,1.24649040850305,0.0718809083736985,0
