"","beta.1","beta.2","beta.3","beta.4","beta.5","beta.6","beta.7","beta.8","beta.9","beta.10","beta.11","beta.12","beta.13","beta.14","sigma2","delta"
"1",0.600760996318658,0.253734988684548,0.0273300121265098,0.0759069866202149,-0.0139162035864111,0.0585817244353088,-0.0720109533271592,-0.0692465924031402,0.0122919494890122,-0.208076819533715,-0.197828956491806,-0.0196607540374192,-0.0204016893311799,0.0535622908289333,0.00167991865274285,0
