"","beta.1","beta.2","beta.3","beta.4","sigma2","delta"
"1",15.4035365880375,0.000692779647254639,2.88520571124464e-07,0.0261299707014351,4.42583172277851,5.00449749882483e-07
