"","beta.1","beta.2","beta.3","beta.4","beta.5","beta.6","beta.7","beta.8","beta.9","beta.10","beta.11","beta.12","beta.13","beta.14","sigma2","delta"
"1",0.503866616002174,0.255931116207631,0.135018767737343,-0.0796291998567474,-0.0926879999759582,0.137230284737575,-0.0927569663547461,-0.0319781286523039,-0.0594431189686655,-0.281430074746663,-0.311750405153955,0.0160040764973867,0.0174286123452961,0.194091349273801,0.000830768619062168,0
