"","beta.1","beta.2","beta.3","beta.4","sigma2","delta"
"1",27.6604159339637,3.00367790292465e-09,1.4434540583964e-06,0.0584574813239616,6.48277937721737,5.14627099170108e-08
