beta.1,beta.2,beta.3,beta.4,sigma2,delta,mu
1.4142,0.003795,0.0011613,0.036105,0.091557,0,0.42033
