"","beta.1","beta.2","beta.3","beta.4","sigma2","delta"
"1",0.564862699957563,1.975,1.975,1.975,0.0359620930656022,0
