"","beta.1","beta.2","beta.3","beta.4","sigma2","delta"
"1",0.265912330727871,1.975,1.975,0.76913941914176,0.154249921199757,0
