"","beta.1","beta.2","beta.3","beta.4","sigma2","delta"
"1",26.2083708693631,2.6940291624062e-12,9.50166930416838e-07,0.050686555302617,9.58331988046984,2.98934931346478e-07
