"","beta.1","beta.2","beta.3","beta.4","sigma2","delta"
"1",0.0743291225710214,9.1216483529718,16,3.73013432666705,0,"1e-06"
