beta.1,beta.2,beta.3,beta.4,sigma2,delta,mu
2,0.0034801,0.00097656,0.055681,0.079926,0,0.61947
