"","beta.1","beta.2","beta.3","beta.4","sigma2","delta"
"1",0.439287747642206,1.975,1.975,1.975,0.0673448528373926,6.73448538492328e-10
