beta.1,beta.2,beta.3,beta.4,sigma2,delta
1.699438275711457225e+00,2.220608182146857956e+01,4.305021071452533761e+03,8.049195327932514132e+00,2.134334300688726671e+01,2.128463050178900117e-50
