"","beta.1","beta.2","beta.3","beta.4","sigma2","delta"
"1",0.147457398947523,5.21088124449192,16,1.26742993836966,0,"1e-06"
