"","beta.1","beta.2","beta.3","beta.4","sigma2","delta"
"1",0.0924961165307131,2.2965625,2.2965625,2.2965625,0,0.000735226458729068
