beta.1,beta.2,beta.3,beta.4,sigma2,delta
1.716754084114567203e+00,6.413004378011761375e+00,5.847939533685232745e+05,1.406824021511562073e+01,3.158654272582379718e+01,5.562684646268136855e-309
