"","beta.1","beta.2","beta.3","beta.4","sigma2","delta"
"1",0.492828192491834,1.975,1.975,1.975,0.0444775876115847,0
