beta.1,beta.2,beta.3,beta.4,sigma2,delta
5.971291588192029209e+00,6.317952850294998512e+01,3.195966406228400592e+04,3.434438163554319345e+01,2.852997405141842080e+01,5.562684646268136855e-309
