"","beta.1","beta.2","beta.3","beta.4","sigma2","delta"
"1",11.6186030790056,0.0149750904434115,7.51790527993428e-07,0.262776251664832,0.914981674939034,0
