"","beta.1","beta.2","beta.3","beta.4","sigma2","delta"
"1",0.521090431186677,0.0136484357959805,-0.00188227221085236,-0.219708126232011,0.00236268948368473,0
