"","beta.1","beta.2","beta.3","beta.4","sigma2","delta"
"1",0.083306627298464,16,16,1.7347388366971,0,"1e-06"
