beta.1,beta.2,beta.3,beta.4,sigma2,delta
2.989396288962559711e-01,6.628237658558657859e+04,2.393156307495426738e+00,1.737062309328825105e+00,9.876362041999818819e-01,4.355140308709983995e-06
