"","beta.1","beta.2","beta.3","beta.4","sigma2","delta"
"1",0.232090288686602,1.975,1.69196264752978,1.06417761479709,0.0997276971467962,0
