"","beta.1","beta.2","beta.3","beta.4","sigma2","delta"
"1",1.36808032324036,1e-10,1.06193343773766e-10,0.0175701423913238,0.753415067913367,0
