"","beta.1","beta.2","beta.3","beta.4","sigma2","delta"
"1",1.75467506058705,0.000165468910358909,1e-10,0.0136961954468746,0.734034242662518,0
