"","beta.1","beta.2","beta.3","beta.4","sigma2","delta"
"1",5.62597816639929,2.12709182908279e-08,0.0896848923952446,0.159510846970183,0.962506925708514,4.27322390723116e-06
