"","beta.1","beta.2","beta.3","beta.4","sigma2","delta"
"1",0.645920988050588,1.975,1.975,1.975,0.0507139475316281,5.0713948293593e-10
