"","beta.1","beta.2","beta.3","beta.4","sigma2","delta"
"1",0.0893735915917453,2.2575,2.2575,1.48490063836912,0,6.09547286062624e-05
