beta.1,beta.2,beta.3,beta.4,sigma2,delta
6.265432406715288671e+00,9.087110244059950048e+01,6.278713679731228331e+04,3.445567121810329780e+01,2.881717152498091750e+01,5.562684646268136855e-309
