"","beta.1","beta.2","beta.3","beta.4","sigma2","delta"
"1",0.259015922399604,1.975,1.97427828375175,1.89287336098278,0.307721425189549,3.0772142981299e-09
