"","beta.1","beta.2","beta.3","beta.4","sigma2","delta"
"1",19.0229298229727,1.05618367318374e-07,1.17182222689455e-07,0.032370991647667,17.4694585955698,2.54459219752767e-07
