"","beta.1","beta.2","beta.3","beta.4","sigma2","delta"
"1",0.492827745432592,1.975,1.975,1.975,0.0444774921964047,4.44774928646684e-10
