beta.1,beta.2,beta.3,beta.4,sigma2,delta
2.800025133083143269e-01,4.320261969681930168e+03,8.671035744702063312e+03,2.261297114280129250e+01,3.093682306908153805e+03,5.271088810770004708e-06
