beta.1,beta.2,beta.3,beta.4,sigma2,delta
4.705418292724958818e+00,1.220313327125840078e+04,1.181805228324724521e+04,4.447415606262539001e+01,5.445615982107241848e+01,5.562684646268136855e-309
