beta.1,beta.2,beta.3,beta.4,sigma2,delta
6.165341271225895703e+00,8.891318461265871301e+05,3.893971694806681683e+01,2.871057476049011470e+01,2.413428983524389082e+01,5.562684646268136855e-309
