"","beta.1","beta.2","beta.3","beta.4","sigma2","delta"
"1",0.421449133981372,1.975,1.975,1.46738014651112,0.054494381860469,0
