"","beta.1","beta.2","beta.3","beta.4","sigma2","delta"
"1",10.8914953941474,0.0118467561328061,1.12923179766493e-06,0.705415668808934,0.461368057964392,0
