"","beta.1","beta.2","beta.3","beta.4","sigma2","delta"
"1",0.105855790311551,2.14640625,2.14640625,0.980543824180591,0,6.49112268513911e-05
