"","beta.1","beta.2","beta.3","beta.4","sigma2","delta"
"1",0.657217764566007,1.975,1.975,1.975,0.0454331489850751,1.1566459656575e-05
