"","beta.1","beta.2","beta.3","beta.4","beta.5","beta.6","beta.7","beta.8","beta.9","beta.10","beta.11","beta.12","beta.13","beta.14","sigma2","delta"
"1",0.395641450404565,0.262045025547531,0.046455497120529,-0.0656433471549109,-0.0337415151966554,0.0254455007244203,0.128653837576512,0.0388200666867405,-0.0470419118771959,-0.0629465436849348,-0.268469558834259,-0.0258620034821872,-0.139090048841524,0.0441384764608876,0.000916157108918906,0
