"","beta.1","beta.2","beta.3","beta.4","sigma2","delta"
"1",0.421447973751912,1.975,1.975,1.46736769229895,0.0544932233988817,5.44932242176293e-10
