"","beta.1","beta.2","beta.3","beta.4","sigma2","delta"
"1",0.515266227282954,1.975,1.975,1.36021338012542,0.105371035156916,0
