"","beta.1","beta.2","beta.3","beta.4","sigma2","delta"
"1",0.284975703265179,1.975,1.975,1.84118759932701,0.25580153048585,6.40101878896772e-06
