"","beta.1","beta.2","beta.3","beta.4","sigma2","delta"
"1",0.519616004645827,1.975,1.975,1.40235433628413,0.105443447725942,2.83550697365739e-06
