"","beta.1","beta.2","beta.3","beta.4","sigma2","delta"
"1",27.5997196262248,1e-10,5.39271605892028e-07,0.0547319843541279,3.98876848010059,5.15451148358245e-08
