beta.1,beta.2,beta.3,beta.4,sigma2,delta
1.679013554774213324e+00,1.856962938577849087e+01,4.426132486057504138e+03,7.279316557431585011e+00,1.971820580591951710e+01,5.562684646268136855e-309
