"","beta.1","beta.2","beta.3","beta.4","sigma2","delta"
"1",10.2422509766224,0.00423800249901412,6.10324618817696e-07,0.19225116836312,1.86139339263466,7.53695404853275e-08
