"","beta.1","beta.2","beta.3","beta.4","sigma2","delta"
"1",0.645921657094153,1.975,1.975,1.975,0.0507141192263467,0
