"","beta.1","beta.2","beta.3","beta.4","sigma2","delta"
"1",0.551827191079602,-0.00800398811870342,-0.0177117854599372,-0.226737912503297,0.00202188338637895,0
