"","beta.1","beta.2","beta.3","beta.4","sigma2","delta"
"1",0.558756956091875,-0.0133105970520499,-0.0020217382563707,-0.242018031103871,0.00207110314197737,0
