"","beta.1","beta.2","beta.3","beta.4","sigma2","delta"
"1",0.536767770795825,1.975,1.975,1.975,0.0288544123446146,0
