"","beta.1","beta.2","beta.3","beta.4","sigma2","delta"
"1",0.255225416311128,1.72751856002826,1.91373776020491,0.712776640116495,0.103302923281314,7.78353395377724e-07
