beta.1,beta.2,beta.3,beta.4,sigma2,delta,mu
0.7937,0.064331,0.0082771,0.011372,0.13654,0,0.77875
