"","beta.1","beta.2","beta.3","beta.4","sigma2","delta"
"1",0.564861964407262,1.975,1.975,1.975,0.0359619886670015,3.59619892073217e-10
