"","beta.1","beta.2","beta.3","beta.4","sigma2","delta"
"1",6.33636013276897,0.00279027306029487,1.50738046044196e-07,0.231731100429217,4.62013172549109,8.96603281817627e-08
