beta.1,beta.2,beta.3,beta.4,sigma2,delta
2.599728204382614205e-01,1.498349515924176956e+01,1.258058281108255187e+03,1.245647524428204811e+00,1.793298252325046027e+00,8.516831450916935272e-07
