"","beta.1","beta.2","beta.3","beta.4","sigma2","delta"
"1",0.218470391866538,16,16,3.69330171236255,0,"1e-06"
