beta.1,beta.2,beta.3,beta.4,sigma2,delta
1.438882319774839047e+00,4.600485029756068798e+03,5.845030160669444740e+03,2.415302106128416781e+01,3.013009731844379644e+02,5.562684646268136855e-309
