"","beta.1","beta.2","beta.3","beta.4","sigma2","delta"
"1",0.494404478511258,1.975,1.975,1.60722180792815,0.0694397452031988,2.76299157810401e-05
