"","beta.1","beta.2","beta.3","beta.4","sigma2","delta"
"1",0.75897623652076,0.00710252769570165,-0.00882921204057682,-0.269637021329657,0.00227792812956158,0
