"","beta.1","beta.2","beta.3","beta.4","sigma2","delta"
"1",7.70953326165894,0.00192837930897771,8.38301539391495e-11,0.333758350906075,1.51972520264669,1.01565640674733e-06
