"","beta.1","beta.2","beta.3","beta.4","sigma2","delta"
"1",38.7339474805996,1e-10,1.89769302426861e-06,0.0745142751669014,2.18844025754276,4.38023944183141e-08
