"","beta.1","beta.2","beta.3","beta.4","sigma2","delta"
"1",0.211093762024879,1.975,1.975,0.977830504394651,0.0745399117289725,0
