"","beta.1","beta.2","beta.3","beta.4","sigma2","delta"
"1",0.439290008310488,1.975,1.975,1.975,0.0673464636008509,0
