"","beta.1","beta.2","beta.3","beta.4","sigma2","delta"
"1",0.241021872473921,1.975,1.975,1.975,0.192721557942144,2.9172584646495e-05
