"","beta.1","beta.2","beta.3","beta.4","sigma2","delta"
"1",0.70066269219017,-0.0248978159631803,-0.0193128437881068,-0.252287189659847,0.002485291384922,0
