"","beta.1","beta.2","beta.3","beta.4","sigma2","delta"
"1",0.386253506966733,1.975,1.975,1.975,0.0949385510930481,0
