"","beta.1","beta.2","beta.3","beta.4","sigma2","delta"
"1",0.654517145529819,1.975,1.975,1.975,0.0486504164270483,0
