"","beta.1","beta.2","beta.3","beta.4","sigma2","delta"
"1",4.06861922333372,1e-10,1e-10,0.0455282382087745,0.443028729233923,0
