"","beta.1","beta.2","beta.3","beta.4","sigma2","delta"
"1",9.83149649265447,1e-10,0.000772069515775912,0.0755036597922189,23363.905243919,4.86187442273983e-08
