beta.1,beta.2,beta.3,beta.4,sigma2,delta
2.127065479315107810e-01,3.731068333725262413e-03,6.881804703376817123e-04,5.697172574758749622e-03,3.988558923650670476e+04,2.220446049250313081e-15
