"","beta.1","beta.2","beta.3","beta.4","sigma2","delta"
"1",1.48827832346731,1e-10,8.04560473443338e-06,0.0376170105442673,4107.43483743649,0
