"","beta.1","beta.2","beta.3","beta.4","sigma2","delta"
"1",0.582856709704174,2.27830755862289,2.00340283391308,2.27830755862289,0,0.000354603859038243
