"","beta.1","beta.2","beta.3","beta.4","beta.5","beta.6","beta.7","beta.8","beta.9","beta.10","beta.11","beta.12","beta.13","beta.14","sigma2","delta"
"1",52.2936991733418,23.0380112454497,-8.78690163693084,17.1809708659713,6.67391088688439,-3.41574877399907,9.16406743516453,0.379585405530774,-1.35570229136492,-29.3427992593225,-24.2098926677879,-5.71335048482824,2.95410453974968,13.846455720697,11.156248364726,0
