beta.1,beta.2,beta.3,beta.4,sigma2,delta
2.592873025363964246e-01,1.842404848608289740e+03,4.240771987913493831e+03,4.713630227055298327e+00,4.713737708866402681e+04,3.254589215303858168e-02
