"","beta.1","beta.2","beta.3","beta.4","sigma2","delta"
"1",5.13145867186718,0.00938842992163182,0.0286623784179911,0.0602275919673699,13469.9141263786,0
