beta.1,beta.2,beta.3,beta.4,sigma2,delta
1.618193928725860931e-01,1.967143816717980953e+05,5.082263086112955079e+02,1.249573471313366380e+00,6.395201968519989350e+03,1.231952283024357041e-15
