beta.1,beta.2,beta.3,beta.4,sigma2,delta
4.721415980275744939e-01,1.066046557027516958e-03,7.771070686629793535e-04,1.135062881869699364e-01,2.133842837173140651e+03,2.220446049250313081e-15
