beta.1,beta.2,beta.3,beta.4,sigma2,delta,mu
0.28062,0.01518,0.007374,0.017039,2857.1,0,0.77053
