beta.1,beta.2,beta.3,beta.4,sigma2,delta
2.421148817041070267e-01,5.126971904038616669e-03,1.520607707627692111e-03,1.822393624949930277e-02,1.054984221000127945e+04,2.220446049250313081e-15
