beta.1,beta.2,beta.3,beta.4,sigma2,delta
1.505193478731771395e-01,1.918048855869900251e+02,6.403270132536387109e+02,2.478029222470633286e+00,1.525186061926147522e+04,1.231952283024357041e-15
