"","beta.1","beta.2","beta.3","beta.4","sigma2","delta"
"1",16.326733213599,8.77789930433015e-09,0.000100386874258823,0.0365184126167706,34641.7227748746,3.85588984165675e-08
