"","beta.1","beta.2","beta.3","beta.4","sigma2","delta"
"1",20.9623166655032,3.81290385093974e-05,3.9308534411661e-09,0.0488653936291054,13706.0220003961,0.0142770659702822
