"","beta.1","beta.2","beta.3","beta.4","sigma2","delta"
"1",7.00099744934923,1.07086188933974e-10,5.67441964897284e-07,0.016163416734124,63872.1617880195,0.0265755511008714
