"","beta.1","beta.2","beta.3","beta.4","sigma2","delta"
"1",79.3639918285147,1.91674692723983,-1.11586427571804,-33.4556212775507,41.9276678359232,0
