"","beta.1","beta.2","beta.3","beta.4","beta.5","beta.6","beta.7","beta.8","beta.9","beta.10","beta.11","beta.12","beta.13","beta.14","sigma2","delta"
"1",63.325087165072,33.0831840225514,-5.26112373955262,17.8109557014039,-14.3234424279892,-10.1928114555789,-0.121808142153988,5.28116724699384,16.7384408257878,-24.9199833618242,-55.4026814428741,8.65084042417076,-13.7498823989843,23.9637850204959,14.3041743804893,0
