"","beta.1","beta.2","beta.3","beta.4","sigma2","delta"
"1",76.5686385132294,6.35246563939802,0.745223014964811,-29.4835481792654,23.4292202261395,0
