"","beta.1","beta.2","beta.3","beta.4","sigma2","delta"
"1",19.1007889761823,1.59188676869654e-13,1.94010307408893e-06,0.320567071748196,6379.02558296561,0
