"","beta.1","beta.2","beta.3","beta.4","sigma2","delta"
"1",1.65698988593248,1e-10,1e-10,0.0352890571717975,8739.62773690015,0
