"","beta.1","beta.2","beta.3","beta.4","sigma2","delta"
"1",13.0232788265482,1e-10,0.00201658502285733,0.0928560679833796,19566.2747770812,3.41485305371736e-08
