"","beta.1","beta.2","beta.3","beta.4","sigma2","delta"
"1",0.1606257850841,16,16,9.48396999120133,0,"1e-06"
