"","beta.1","beta.2","beta.3","beta.4","sigma2","delta"
"1",0.440892333525326,15.099421474743,16,16,0,"1e-06"
