"","beta.1","beta.2","beta.3","beta.4","sigma2","delta"
"1",79.7109274888167,0.366175412010509,0.857139782986036,-33.101164681258,56.6675120294852,0
