"","beta.1","beta.2","beta.3","beta.4","beta.5","beta.6","beta.7","beta.8","beta.9","beta.10","beta.11","beta.12","beta.13","beta.14","sigma2","delta"
"1",74.4676812245114,25.0859173714493,5.05835251429559,-4.26072196608587,-7.09356526964233,-3.71987678259373,-1.03778932107454,8.90604634636342,-1.57941913621084,-41.2684970378677,-41.7018905697002,-2.01143135152005,3.5335701274885,29.0482602143499,16.2580164921327,0
