"","beta.1","beta.2","beta.3","beta.4","sigma2","delta"
"1",0.154536824386853,16,16,8.78857400264381,0,"1e-06"
