"","beta.1","beta.2","beta.3","beta.4","sigma2","delta"
"1",0.528075384965934,2.20940241276647,2.20940241276647,2.03912168049496,0,0.000626407677929786
