beta.1,beta.2,beta.3,beta.4,sigma2,delta
2.351074215863332983e-01,9.008307544977147700e+03,1.995806915380029167e+01,2.104158339033799674e+00,2.123008099505193604e+04,1.231952283024357041e-15
