"","beta.1","beta.2","beta.3","beta.4","sigma2","delta"
"1",0.675345818749688,2.55344240618927,2.55344240618927,2.55344240618927,0,0.000112919572411478
