"","beta.1","beta.2","beta.3","beta.4","sigma2","delta"
"1",9.01013421808694,6.11301176274093e-09,0.00130075924183384,0.113109117579521,21031.6289966239,0
