beta.1,beta.2,beta.3,beta.4,sigma2,delta,mu
0.7937,0.011706,0.01392,0.014748,1203.8,0,0.85367
