"","beta.1","beta.2","beta.3","beta.4","sigma2","delta"
"1",0.674792184609537,2.27360388319854,2.27360388319854,2.27360388319854,0,0.000192952853586988
