beta.1,beta.2,beta.3,beta.4,sigma2,delta
5.869627582106009545e-01,8.042990914660186428e-04,1.571408371609744892e-02,1.092773307252394542e-02,2.864001671312982126e+03,2.220446049250313081e-15
