"","beta.1","beta.2","beta.3","beta.4","sigma2","delta"
"1",12.5683297607527,6.91806085260854e-30,0.00174201855385468,0.0849660128592049,24369.1067765624,0.000451226989852578
