beta.1,beta.2,beta.3,beta.4,sigma2,delta,mu
0.7937,0.0016424,0.00087002,0.020857,4447.8,0,0.59045
