"","beta.1","beta.2","beta.3","beta.4","sigma2","delta"
"1",8.54494465228643,0.000621487585272973,3.82798915344873e-72,0.0173556067823389,48052.202578208,0.088693414181268
