"","beta.1","beta.2","beta.3","beta.4","sigma2","delta"
"1",1.20893310848828,1e-10,1e-10,0.00666942454293823,26579.1116516121,0
