"","beta.1","beta.2","beta.3","beta.4","sigma2","delta"
"1",16.1782048060179,1.21503331532744e-06,2.27439519007316e-06,0.101941044357322,14246.7249230358,0
