"","beta.1","beta.2","beta.3","beta.4","sigma2","delta"
"1",78.3329868510502,-1.20556027212851,3.7115210414135,-28.5031532032289,40.36934861677,0
