"","beta.1","beta.2","beta.3","beta.4","sigma2","delta"
"1",12.9183539726114,1.49399276237283e-08,0.00164478515513881,0.103524666072811,21884.5581870985,0
