"","beta.1","beta.2","beta.3","beta.4","sigma2","delta"
"1",9.16794338618604,1.45781048327302e-20,0.00143874933428404,0.108975098995279,20495.9203184123,4.05975197434588e-05
