"","beta.1","beta.2","beta.3","beta.4","sigma2","delta"
"1",0.254523654213083,2.52606677950941,2.52606677950941,2.52606677950941,0,3.71423883616889e-05
