"","beta.1","beta.2","beta.3","beta.4","sigma2","delta"
"1",77.8484517942458,1.7356656531509,-4.15760402356523,-26.3573267254874,21.9979388447568,0
