"","beta.1","beta.2","beta.3","beta.4","beta.5","beta.6","beta.7","beta.8","beta.9","beta.10","beta.11","beta.12","beta.13","beta.14","sigma2","delta"
"1",64.4436667309437,30.1009677082662,11.2666756092883,-6.382921548471,-9.1193175937652,16.1224552366275,-13.5988365791608,-1.21348012163375,-10.2751222578976,-37.0228871907249,-14.364415011902,6.3447799605846,-2.87921042740403,16.21415791935,11.743678294008,0
