"","beta.1","beta.2","beta.3","beta.4","sigma2","delta"
"1",5.39914371819176,1e-10,1.14537269456695e-07,0.00669635932564321,341736.162425842,6.1301503152172e-08
