beta.1,beta.2,beta.3,beta.4,sigma2,delta
2.613583189617937896e-01,2.567318128595088862e-03,3.114325935519757400e-03,1.349494421895866270e-01,6.792753365836332705e+03,2.220446049250313081e-15
