"","beta.1","beta.2","beta.3","beta.4","beta.5","beta.6","beta.7","beta.8","beta.9","beta.10","beta.11","beta.12","beta.13","beta.14","sigma2","delta"
"1",54.3971135265178,39.1965625484543,13.8655764611164,-22.7127377499876,6.27127073975277,-15.8060308838531,8.96876558696632,-9.62790487510834,17.7855586950773,-33.6183555735479,-18.1081071744851,-7.71118152944433,6.6136997135081,14.2796870070383,19.9822836587497,0
