"","beta.1","beta.2","beta.3","beta.4","sigma2","delta"
"1",1.93440606321489,1e-10,0.00440924842038352,0.0630701295771424,4444.08426248904,0
