"","beta.1","beta.2","beta.3","beta.4","sigma2","delta"
"1",22.2348211212683,1.5218227523546e-05,1.31632669601265e-06,0.0789116919094397,14566.1091921937,0
