"","beta.1","beta.2","beta.3","beta.4","sigma2","delta"
"1",0.400968328518242,16,16,7.54589265744445,0,"1e-06"
