"","beta.1","beta.2","beta.3","beta.4","sigma2","delta"
"1",1.63040717944944,1e-10,0.000705719037246875,0.0172283174887901,13117.193991569,0
