beta.1,beta.2,beta.3,beta.4,sigma2,delta
1.963854832486355839e-01,7.555537449453447152e+03,1.762390296363063058e+01,2.140911896534878345e+00,2.117514366789256746e+04,2.377968270111909757e-08
