"","beta.1","beta.2","beta.3","beta.4","beta.5","beta.6","beta.7","beta.8","sigma2","delta"
"1",1.9875,0.620257600272313,0.818740593259314,1.9875,1.9875,1.9875,1.9875,1.9875,0.0327456728292809,0
