"","beta.1","beta.2","beta.3","beta.4","beta.5","beta.6","beta.7","beta.8","beta.9","beta.10","beta.11","beta.12","beta.13","beta.14","beta.15","beta.16","beta.17","beta.18","beta.19","beta.20","beta.21","beta.22","beta.23","beta.24","beta.25","beta.26","beta.27","beta.28","beta.29","beta.30","beta.31","beta.32","beta.33","beta.34","beta.35","beta.36","beta.37","beta.38","beta.39","beta.40","beta.41","beta.42","beta.43","beta.44","sigma2","delta"
"1",-0.0980068743832813,0.135247133978369,-0.839137174491579,-0.0985480186414689,0.742807782321535,-0.992689405121757,-0.020048304083381,-0.0988140499142768,1.50565042818452,0.368484313180777,-0.0125401539812148,-0.0916862297858243,-0.0819037907563797,0.000278401246023831,0.247191787362532,-0.0118574406085841,0.0115494387350151,-0.0806847146789897,-0.0186390283310414,0.0104202552961836,0.189776380086404,0.0521366600699387,0.0318301816905349,-0.0689960862678049,-0.0392223156932329,-0.013448955111539,-0.0329130979078491,0.156234194610595,0.0385392846885905,0.0540287084838515,-0.0647902512189295,-0.00837576929779857,-0.0600490622409663,-0.0368768980003623,-0.0515259084474619,0.105266980224429,-0.0902623468769957,0.054867904875142,0.00777780530391903,-0.0602994942533612,0.0176829183837818,-0.0183546126923039,0.0163579133729388,-0.0186643366632842,0.00142988871410996,0
