"","beta.1","beta.2","beta.3","beta.4","beta.5","beta.6","beta.7","beta.8","sigma2","delta"
"1",0.0581968347885451,0.673467702935262,0.24963853681135,0.0143269904735226,0.0125902866849846,0.00548955168533302,0.0027068513024133,0.000445996276654905,0.431150832133715,0
