"","beta.1","beta.2","beta.3","beta.4","beta.5","beta.6","beta.7","beta.8","sigma2","delta"
"1",3.6310546875,0.264239223653248,0.557578130164968,3.6310546875,3.6310546875,3.6310546875,3.6310546875,3.6310546875,0,0.000432913527730776
