beta.1,beta.2,beta.3,beta.4,beta.5,beta.6,beta.7,beta.8,sigma2,delta,mu
0.17678,0.14865,0.035897,0.0030648,0.0020933,0.00082119,0.00016107,0.0001,0.51726,0,5.9494
