"","beta.1","beta.2","beta.3","beta.4","beta.5","beta.6","beta.7","beta.8","sigma2","delta"
"1",0.0671503360764478,0.688061428072078,0.277152907605244,0.0185575035814756,0.0116117947358228,0.00854757082356083,0.00206998371824125,0.000567431355723541,0.527437496568777,0
