"","beta.1","beta.2","beta.3","beta.4","beta.5","beta.6","beta.7","beta.8","sigma2","delta"
"1",1.9875,0.416566256008007,0.609959631666397,1.9875,1.9875,1.9875,1.9875,1.9875,0.110281709773012,0
