"","beta.1","beta.2","beta.3","beta.4","beta.5","beta.6","beta.7","beta.8","sigma2","delta"
"1",0.00840677060798242,0.500950260440056,0.102408097897337,0.00461040227858553,0.00248597979212646,0.00288575477356263,0.000973552326824291,0.0130813727126782,51.9143990617287,0
