"","beta.1","beta.2","beta.3","beta.4","beta.5","beta.6","beta.7","beta.8","sigma2","delta"
"1",0.0154189409796934,1.06424591173781,0.237875782445714,0.00205853316283481,0.0059740761717671,0.00127719927418602,0.0130745145078796,0.000314542025884284,2.84172460681211,2.31812055258257e-05
