"","beta.1","beta.2","beta.3","beta.4","beta.5","beta.6","beta.7","beta.8","sigma2","delta"
"1",1.9875,0.660749609744095,0.790060546791175,1.9875,1.9875,1.9875,1.9875,1.9875,0.036454232826867,3.64542333745831e-10
