"","beta.1","beta.2","beta.3","beta.4","beta.5","beta.6","beta.7","beta.8","sigma2","delta"
"1",0.00212698316594904,0.527426842976704,0.0509845878321434,0.00274316011345478,0.00030501209717998,0.00151658838050804,9.9707633091682e-06,0.000167017541380028,130.994130761611,1.54498474118253e-05
