"","beta.1","beta.2","beta.3","beta.4","beta.5","beta.6","beta.7","beta.8","sigma2","delta"
"1",0.061119845435166,0.674133438241184,0.272128146791808,0.0185326409615942,0.0137200222692399,0.0101817207788734,0.00399099718035439,0.000846531550654556,0.359789938345278,0
