"","beta.1","beta.2","beta.3","beta.4","beta.5","beta.6","beta.7","beta.8","sigma2","delta"
"1",1.9875,0.575772979327541,0.770080272106579,1.9875,1.9875,1.9875,1.9875,1.9875,0.0435237471161169,0
