"","beta.1","beta.2","beta.3","beta.4","beta.5","beta.6","beta.7","beta.8","sigma2","delta"
"1",1.9875,0.424664373526107,0.658102168178084,1.9875,1.9875,1.9875,1.9875,1.9875,0.0938750175569808,0
