beta.1,beta.2,beta.3,beta.4,beta.5,beta.6,beta.7,beta.8,sigma2,delta
6.216494238788506976e+01,9.385007092955845565e+00,2.043686756629950096e+01,1.083212570395782137e+02,1.123301508213296529e+02,1.184286445742359462e+02,1.910837816161804028e+02,3.425348342565002326e+02,9.106667523229760263e+03,2.608191255593517159e-100
