"","beta.1","beta.2","beta.3","beta.4","beta.5","beta.6","beta.7","beta.8","sigma2","delta"
"1",0.00802105381086916,0.673347029074964,0.134229547902669,0.00522552415483964,0.00447224868621052,0.00233167324133068,0.0011428461422004,0.000353426921723985,11.6814670441863,2.86167228339573e-07
