"","beta.1","beta.2","beta.3","beta.4","beta.5","beta.6","beta.7","beta.8","sigma2","delta"
"1",0.00803366895275754,0.673259164742106,0.137269947620297,0.0056609803066909,0.00476453876503406,0.00296331499920635,0.00228804024549772,0.000285044437599959,9.96714819897206,2.86331876713122e-07
