"","beta.1","beta.2","beta.3","beta.4","beta.5","beta.6","beta.7","beta.8","sigma2","delta"
"1",38.7990339972987,0.823133296658332,3.09740980213172,64,64,64,64,64,0,"1e-06"
