"","beta.1","beta.2","beta.3","beta.4","beta.5","beta.6","beta.7","beta.8","sigma2","delta"
"1",0.0695335031884828,0.650660304890431,0.250891448737675,0.0163959642670277,0.0104775538204948,0.00830627927549672,0.00263789993867373,0.000538421559767678,0.796408261176316,0
