beta.1,beta.2,beta.3,beta.4,beta.5,beta.6,beta.7,beta.8,sigma2,delta,mu
0.0625,0.17678,0.125,0.0096183,0.0017003,0.0010467,0.0025772,0.00026166,0.25924,0,2.8002
