"","beta.1","beta.2","beta.3","beta.4","beta.5","beta.6","beta.7","beta.8","sigma2","delta"
"1",0.00666596927214621,0.556988764485096,0.132790215098021,0.0142533160042157,0.00719872930132982,0.00212774463657138,0.00266058269966684,0.000656647863451293,19.2317449154603,0
