beta.1,beta.2,beta.3,beta.4,beta.5,beta.6,beta.7,beta.8,sigma2,delta
9.512376580681679172e+01,1.966898795259012545e+01,3.106232268112027484e+01,1.360377750199832576e+02,2.521707811983846454e+02,5.298554060977970721e+02,7.296471350969113701e+02,1.461973081932900186e+03,7.204466633992832385e+02,5.562684646268136855e-309
