beta.1,beta.2,beta.3,beta.4,beta.5,beta.6,beta.7,beta.8,sigma2,delta
1.904808245777119069e+01,1.341234655161660516e+00,3.310763733057968228e+00,1.933023570916111211e+01,3.117455198229536961e+01,2.906335742408759870e+01,4.612297309733659745e+01,7.915582077417272444e+01,6.578399283611736337e+02,2.644562678410902867e-06
