beta.1,beta.2,beta.3,beta.4,beta.5,beta.6,beta.7,beta.8,sigma2,delta
1.306789667176977900e+02,2.494884775251125220e+01,4.002976518381944970e+01,2.746334894125201913e+02,3.744386606037552951e+02,8.050535595510732492e+02,1.234245388106238806e+03,2.054281773084295310e+03,1.405155191383151987e+03,5.562684646268136855e-309
