"","beta.1","beta.2","beta.3","beta.4","beta.5","beta.6","beta.7","beta.8","sigma2","delta"
"1",1.9875,0.670865291399713,0.761437882258394,1.9875,1.9875,1.9875,1.9875,1.9875,0.0232106885483597,2.32106888970947e-10
