"","beta.1","beta.2","beta.3","beta.4","beta.5","beta.6","beta.7","beta.8","sigma2","delta"
"1",1.9875,0.602831671710605,0.786010937550684,1.9875,1.9875,1.9875,1.9875,1.9875,0.0343320036379031,0
