"","beta.1","beta.2","beta.3","beta.4","beta.5","beta.6","beta.7","beta.8","sigma2","delta"
"1",1.9875,0.693312433708014,0.791183779989139,1.9875,1.9875,1.9875,1.9875,1.9875,0.0204490401467007,2.04490404539426e-10
