beta.1,beta.2,beta.3,beta.4,beta.5,beta.6,beta.7,beta.8,sigma2,delta
2.287936109539571561e+01,1.425078141787885277e+00,3.943158028135536952e+00,2.198485291753874549e+01,3.089624877106076895e+01,4.077971864252214118e+01,5.166493267946220413e+01,1.058849046232073334e+02,8.481109255231272073e+02,1.893074994012950347e-06
