"","beta.1","beta.2","beta.3","beta.4","beta.5","beta.6","beta.7","beta.8","sigma2","delta"
"1",-0.056244693367477,-0.165004263258131,0.283926306037551,0.203575674737775,0.168465273575495,0.134935285565102,0.0587918485335739,-0.0110708910221544,0.0232561764719052,0
