"","beta.1","beta.2","beta.3","beta.4","beta.5","beta.6","beta.7","beta.8","sigma2","delta"
"1",1.9875,0.739094128530991,0.819448614893925,1.9875,1.9875,1.9875,1.9875,1.9875,0.0203601752237481,0
