beta.1,beta.2,beta.3,beta.4,beta.5,beta.6,beta.7,beta.8,sigma2,delta
4.756421742384441131e+01,6.496650487542329877e+00,1.455568712232476969e+01,8.091397877666408078e+01,7.219641349171638467e+01,9.928912365393114214e+01,2.118969947758212129e+02,1.936589415722055037e+03,3.124720330598332112e+03,5.562684646268136855e-309
