"","beta.1","beta.2","beta.3","beta.4","beta.5","beta.6","beta.7","beta.8","sigma2","delta"
"1",1.9875,0.602831113181892,0.786008929496454,1.9875,1.9875,1.9875,1.9875,1.9875,0.034331889306852,3.43318898226803e-10
