beta.1,beta.2,beta.3,beta.4,beta.5,beta.6,beta.7,beta.8,sigma2,delta
2.133773137736393366e+01,1.394475189237380564e+00,3.685472025723998790e+00,2.458010987918977008e+01,2.619574074365058536e+01,3.594140428364348594e+01,5.414126480100402006e+01,8.781157674733697149e+01,5.973919933503877928e+02,1.274361324620548112e-06
