beta.1,beta.2,beta.3,beta.4,beta.5,beta.6,beta.7,beta.8,sigma2,delta
6.642190117940563709e+01,8.902681559544122436e+00,2.083897998100617954e+01,9.209094108395129297e+01,1.141671636687279658e+02,1.455049383614116891e+02,2.024313687772437333e+02,4.059901901814965868e+02,1.366294113141327034e+04,5.562684646268136855e-309
