"","beta.1","beta.2","beta.3","beta.4","beta.5","beta.6","beta.7","beta.8","sigma2","delta"
"1",1.9875,0.676277853808204,0.763446048581243,1.9875,1.9875,1.9875,1.9875,1.9875,0.0276691593529052,2.76691597686276e-10
