"","beta.1","beta.2","beta.3","beta.4","beta.5","beta.6","beta.7","beta.8","sigma2","delta"
"1",1.9875,0.424664721657909,0.658104022749281,1.9875,1.9875,1.9875,1.9875,1.9875,0.0938748278953113,9.3874829305758e-10
