"","beta.1","beta.2","beta.3","beta.4","beta.5","beta.6","beta.7","beta.8","sigma2","delta"
"1",1.9875,0.670864165408137,0.761436583249145,1.9875,1.9875,1.9875,1.9875,1.9875,0.0232106451054626,0
