"","beta.1","beta.2","beta.3","beta.4","beta.5","beta.6","beta.7","beta.8","sigma2","delta"
"1",1.9875,0.416565768986336,0.609962979457343,1.9875,1.9875,1.9875,1.9875,1.9875,0.110281635949238,1.10281637606193e-09
