"","beta.1","beta.2","beta.3","beta.4","beta.5","beta.6","beta.7","beta.8","sigma2","delta"
"1",1.9875,0.676309127656852,0.763497656427962,1.9875,1.9875,1.9875,1.9875,1.9875,0.0276709930355299,0
