"","beta.1","beta.2","beta.3","beta.4","beta.5","beta.6","beta.7","beta.8","sigma2","delta"
"1",0.00499469031461273,0.876284970511276,0.0890562274200669,0.00866075135288755,0.00478916094207929,0.00795608808354993,0.00490300259730136,2.86563875888894e-05,29.372453879965,0
