"","beta.1","beta.2","beta.3","beta.4","beta.5","beta.6","beta.7","beta.8","sigma2","delta"
"1",-0.0636786018528101,-0.1280397440311,0.296069042054415,0.19156122828172,0.170795184596629,0.118593994574529,0.0638666325608057,0.0905243582802207,0.0175644389029369,0
