"","beta.1","beta.2","beta.3","beta.4","beta.5","beta.6","beta.7","beta.8","sigma2","delta"
"1",33.2273841933734,0.831991718291862,3.3162591261475,64,64,64,64,64,0,"1e-06"
