"","beta.1","beta.2","beta.3","beta.4","beta.5","beta.6","beta.7","beta.8","sigma2","delta"
"1",4.077890625,0.248178333558223,0.422683577356986,4.077890625,4.077890625,4.077890625,4.077890625,4.077890625,0,0.000536956353978926
