beta.1,beta.2,beta.3,beta.4,beta.5,beta.6,beta.7,beta.8,sigma2,delta
4.172881826400845284e+01,6.188278496167972875e+00,1.319831948424475954e+01,7.567482232480665516e+01,8.269688838014809562e+01,7.321711586306516040e+01,1.725676501950781017e+02,1.997207796213145684e+03,3.662767516056864679e+03,5.562684646268136855e-309
