"","beta.1","beta.2","beta.3","beta.4","beta.5","beta.6","beta.7","beta.8","sigma2","delta"
"1",46.4817556054362,0.885129074081387,3.36249834733613,64,64,64,64,64,0,"1e-06"
