"","beta.1","beta.2","beta.3","beta.4","beta.5","beta.6","beta.7","beta.8","sigma2","delta"
"1",0.00327931920359737,-0.167683161422188,0.274848447284144,0.225186059195687,0.215109082005284,0.127014054821584,0.0668419015253686,0.0603953935897911,0.0159327239764576,0
