"","beta.1","beta.2","beta.3","beta.4","beta.5","beta.6","beta.7","beta.8","sigma2","delta"
"1",1.9875,0.430617591336224,0.69644586993615,1.9875,1.9875,1.9875,1.9875,1.9875,0.0685820310879361,0
