"","beta.1","beta.2","beta.3","beta.4","beta.5","beta.6","beta.7","beta.8","sigma2","delta"
"1",1.9875,0.428739659465255,0.628547111119064,1.9875,1.9875,1.9875,1.9875,1.9875,0.0737146931479703,0
