"","beta.1","beta.2","beta.3","beta.4","beta.5","beta.6","beta.7","beta.8","sigma2","delta"
"1",0.00718854974835004,0.655288089365472,0.125311219230542,0.00487574774336542,0.00473978784557373,0.00290338919319141,0.00108438238258894,0.000327856985175027,10.4051778399511,2.87879141665043e-07
