"","beta.1","beta.2","beta.3","beta.4","beta.5","beta.6","beta.7","beta.8","sigma2","delta"
"1",4.245234375,0.252007444842502,0.438849052598256,4.245234375,4.245234375,4.245234375,4.245234375,4.245234375,0,0.000176810634982172
