"","beta.1","beta.2","beta.3","beta.4","beta.5","beta.6","beta.7","beta.8","sigma2","delta"
"1",0.00457725023577209,0.418171432003267,0.065705931407935,0.00287671911265065,0.00245533189638829,0.000622954854672423,0.00154727083559182,1.30810724918579e-06,129.869549942712,9.42859794378104e-06
