beta.1,beta.2,beta.3,beta.4,beta.5,beta.6,beta.7,beta.8,sigma2,delta
7.411433062253709636e+01,1.721457529953413257e+01,2.521831933845345475e+01,1.639688867513523007e+02,3.016043163747726226e+02,3.094201367144286792e+02,5.151056393393174631e+02,1.179651541669027893e+03,6.670540799996027772e+02,5.562684646268136855e-309
