beta.1,beta.2,beta.3,beta.4,beta.5,beta.6,beta.7,beta.8,sigma2,delta
1.609073891492224462e+01,1.225811910918115366e+00,3.097704507561354514e+00,1.683487950875724337e+01,1.821916078489176627e+01,2.791319693808689451e+01,3.138645171645008602e+01,7.566685377098622212e+01,1.835541787068106316e+02,1.466263767452359436e-06
