beta.1,beta.2,beta.3,beta.4,beta.5,beta.6,beta.7,beta.8,sigma2,delta
1.953902414674100640e+01,1.321435813457810360e+00,3.564833630485999105e+00,2.274063658391369103e+01,2.086375893426269457e+01,2.959416766316313030e+01,5.140703424081790729e+01,8.041797382230275559e+01,3.129291530854665098e+02,1.631307600819149248e-06
