"","beta.1","beta.2","beta.3","beta.4","beta.5","beta.6","beta.7","beta.8","sigma2","delta"
"1",1.9875,0.62025778895688,0.81874112979485,1.9875,1.9875,1.9875,1.9875,1.9875,0.0327456782228282,3.27456787148242e-10
