"","beta.1","beta.2","beta.3","beta.4","beta.5","beta.6","beta.7","beta.8","sigma2","delta"
"1",-0.0693027157207732,-0.117848926055554,0.293825403340151,0.184769579868124,0.185267495535035,0.171715771237182,0.0680635926241283,0.0979497430024489,0.0276639314794599,0
