"","beta.1","beta.2","beta.3","beta.4","beta.5","beta.6","beta.7","beta.8","beta.9","beta.10","beta.11","beta.12","beta.13","beta.14","beta.15","beta.16","beta.17","beta.18","beta.19","beta.20","beta.21","beta.22","beta.23","beta.24","beta.25","beta.26","beta.27","beta.28","beta.29","beta.30","beta.31","beta.32","beta.33","beta.34","beta.35","beta.36","beta.37","beta.38","beta.39","beta.40","beta.41","beta.42","beta.43","beta.44","sigma2","delta"
"1",0.0396440618676677,0.00897871058693149,-0.784436661683552,-0.0134844476912013,0.675314573256305,-1.10367363749801,0.0256380138846801,0.0152507167328428,1.48785903680339,0.350410563228213,-0.0357932575890469,-0.0915728226018664,-0.101127761465856,0.0156941121606198,0.321010455741632,-0.0773283919809401,-0.0128170552856398,-0.105451752069591,-0.108309996388912,-0.0141403873963078,0.259207369550077,-0.0169712986124274,-2.91519326468747e-05,-0.0888779579617861,-0.00532894585316687,-0.0925027046282342,-0.0445237076632089,0.070318473775184,-0.0235074905624992,0.0315988338913268,0.0197796114290858,0.0352909803334344,0.0555885249859347,0.017128927668028,-0.0417753006963268,0.120135075655178,0.00661824618170067,0.0108570109310066,0.00069391358571755,-0.0221808976608667,0.017133458491907,-0.00691390784727852,-0.0252431806503459,-0.0676913989454301,0.000872997455495139,0
