"","beta.1","beta.2","beta.3","beta.4","beta.5","beta.6","beta.7","beta.8","sigma2","delta"
"1",1.9875,0.581231179433178,0.750808731537849,1.9875,1.9875,1.9875,1.9875,1.9875,0.0363853730300617,0
