"","beta.1","beta.2","beta.3","beta.4","beta.5","beta.6","beta.7","beta.8","sigma2","delta"
"1",1.9875,0.578694325580225,0.776519756850479,1.9875,1.9875,1.9875,1.9875,1.9875,0.0582043039704241,5.82043048449297e-10
