beta.1,beta.2,beta.3,beta.4,beta.5,beta.6,beta.7,beta.8,sigma2,delta
7.702173236069354800e+01,1.697266656589444622e+01,2.566997470588513153e+01,1.476081198316178700e+02,2.192260660053743777e+02,1.707860955449990286e+02,5.755914992789638518e+02,1.034357688359642452e+03,2.820073458308061163e+02,3.170245973409051655e-273
