"","beta.1","beta.2","beta.3","beta.4","beta.5","beta.6","beta.7","beta.8","sigma2","delta"
"1",0.0075301931871596,0.663879244951338,0.120772111636093,0.00534213039192729,0.00369863505645842,0.00246934982614487,0.0012315672714887,0.000310045201508224,14.9419479218479,2.88715797898456e-07
