"","beta.1","beta.2","beta.3","beta.4","beta.5","beta.6","beta.7","beta.8","sigma2","delta"
"1",1.9875,0.693313015180762,0.791184538487845,1.9875,1.9875,1.9875,1.9875,1.9875,0.0204490636610489,0
