"","beta.1","beta.2","beta.3","beta.4","beta.5","beta.6","beta.7","beta.8","sigma2","delta"
"1",1.9875,0.43061879891668,0.696442296150665,1.9875,1.9875,1.9875,1.9875,1.9875,0.068581545777635,6.85815468080562e-10
