"","beta.1","beta.2","beta.3","beta.4","beta.5","beta.6","beta.7","beta.8","sigma2","delta"
"1",0.0082848580894591,0.670358301835421,0.139709217285435,0.0053227680779899,0.00306073655365244,0.00306471505126485,0.00153679826373746,0.000336832679890273,19.2701374753577,2.87677872797059e-07
