"","beta.1","beta.2","beta.3","beta.4","beta.5","beta.6","beta.7","beta.8","sigma2","delta"
"1",0.00281008091789544,0.566140362079219,0.0794284023798113,0.0187011649275989,0.0001560066744155,0.0176462360348792,6.94578230707988e-05,1.64694625953477e-05,39.6259556797501,9.66642697199547e-06
