"","beta.1","beta.2","beta.3","beta.4","beta.5","beta.6","beta.7","beta.8","sigma2","delta"
"1",1.9875,0.578698900213948,0.776523049079691,1.9875,1.9875,1.9875,1.9875,1.9875,0.0582049138489885,0
