"","beta.1","beta.2","beta.3","beta.4","beta.5","beta.6","beta.7","beta.8","sigma2","delta"
"1",0.00380675419196353,0.425714980698126,0.0955250058984786,0.00366845530510438,0.021924476738087,0.00173458914287102,0.0071994251500512,0.00160725240316391,34.3044497627237,0
