beta.1,beta.2,beta.3,beta.4,beta.5,beta.6,beta.7,beta.8,sigma2,delta
5.157798098243316787e+01,7.228931467116894716e+00,1.630216133655661181e+01,7.334810275346664810e+01,7.532709427279557701e+01,9.197593779128666824e+01,1.393700754417525900e+02,3.754922714332179225e+02,3.199833800456372501e+03,5.562684646268136855e-309
