"","beta.1","beta.2","beta.3","beta.4","beta.5","beta.6","beta.7","beta.8","beta.9","beta.10","beta.11","beta.12","beta.13","beta.14","beta.15","beta.16","beta.17","beta.18","beta.19","beta.20","beta.21","beta.22","beta.23","beta.24","beta.25","beta.26","beta.27","beta.28","beta.29","beta.30","beta.31","beta.32","beta.33","beta.34","beta.35","beta.36","beta.37","beta.38","beta.39","beta.40","beta.41","beta.42","beta.43","beta.44","sigma2","delta"
"1",-0.143410121459302,0.170210449322194,-0.844381583936063,0.0320849015952892,0.720015254703082,-1.02994074958177,-0.135250532754656,0.00591892659152915,1.41297875562099,0.361198578249995,0.0218687664323865,-0.0782451388571689,-0.0796717073367993,-0.0755162309376392,0.245800850929013,0.0104594797573378,0.00884779331420319,-0.0509433295985845,0.0200774327178238,-0.0985709065987592,0.100389907369281,-0.0337511731441799,0.0111365091186379,0.0246808995828903,-0.0333179267033836,0.0229461547961525,0.0673292745501691,0.0833132598501692,-0.0126604373075948,-0.0205273627192378,0.0397958450001587,-0.0480317160598619,-0.0100590326573548,0.00152634053603858,0.0262906355887975,0.0448125668190468,0.0488013156581148,0.0150745626207296,-0.0405607823243683,0.0227525853942421,-0.00977253039798448,-0.0519625283477028,-0.0166779926378752,0.00159628706445164,0.000769138575277929,0
