"","beta.1","beta.2","beta.3","beta.4","beta.5","beta.6","beta.7","beta.8","sigma2","delta"
"1",0.00101220370375422,0.370617820661615,0.0655522258684607,0.00285340086397306,0.00212199163825017,0.000216397851116606,1.52994427155728e-05,6.6487058703914e-05,208.378588114074,7.44909074510593e-06
