"","beta.1","beta.2","beta.3","beta.4","beta.5","beta.6","beta.7","beta.8","sigma2","delta"
"1",0.0108401380934883,0.595050839174605,0.114846917195402,0.032577820179082,0.0136679900568284,0.00148970515614836,0.0178837880486078,3.42009666576002e-05,11.6721135121116,0
