beta.1,beta.2,beta.3,beta.4,beta.5,beta.6,beta.7,beta.8,sigma2,delta,mu
0.15389,0.17678,0.029157,0.0024046,0.0015864,0.00079322,0.00017263,0.0001139,0.76098,0,5.6962
