"","beta.1","beta.2","beta.3","beta.4","beta.5","beta.6","beta.7","beta.8","sigma2","delta"
"1",45.4305843095782,0.894997123215072,3.87843134589767,64,64,64,64,64,0,"1e-06"
