"","beta.1","beta.2","beta.3","beta.4","beta.5","beta.6","beta.7","beta.8","beta.9","beta.10","beta.11","beta.12","beta.13","beta.14","beta.15","beta.16","beta.17","beta.18","beta.19","beta.20","beta.21","beta.22","beta.23","beta.24","beta.25","beta.26","beta.27","beta.28","beta.29","beta.30","beta.31","beta.32","beta.33","beta.34","beta.35","beta.36","beta.37","beta.38","beta.39","beta.40","beta.41","beta.42","beta.43","beta.44","sigma2","delta"
"1",-0.225227741431952,0.169957047366775,-1.12844230913144,0.0269586680300983,0.853781816012638,-1.42941258694483,0.0920956983911739,0.0398807494099256,1.93899927051527,0.547603025883898,0.0175012027722462,-0.00456908431910762,-0.0878068587767441,-0.0916975106356771,0.295469720359572,0.0182659716541428,-0.025793607990285,-0.0719515128429987,-0.073311379109415,0.0297987146637927,0.311420436272413,0.011579591625945,-0.0381307872137944,-0.0702066230227957,-0.0953901354196657,-0.0970304025929335,-0.0290779475960424,0.136577352792336,-0.0854782884131458,-0.00121520748996782,-0.100608479744664,-0.0446518190928801,0.0110826504050015,0.0268961948455547,0.0521862312121972,-0.0224363253257308,-0.0361765358866672,0.142249419163351,-0.135364297419565,-0.0815745169673603,0.0224242700763027,0.00273951194555661,0.0127210290820035,0.122557595804453,0.00181607731699172,0
