"","beta.1","beta.2","beta.3","beta.4","beta.5","beta.6","beta.7","beta.8","sigma2","delta"
"1",-0.0446066656552757,-0.144420091261641,0.27518716849516,0.198584154525497,0.174513801865459,0.153314462012151,0.0916461187532955,0.0516066937398092,0.0153236394517619,0
