beta.1,beta.2,beta.3,beta.4,beta.5,beta.6,beta.7,beta.8,sigma2,delta
8.373257359666772004e+01,1.532515894658652122e+01,2.305022871188334577e+01,2.327756871816351349e+02,1.339573746074279370e+02,3.072555761652926662e+02,4.639598546089615638e+02,1.012039486575396154e+03,2.666322997550638547e+02,6.109699508099100237e-257
