"","beta.1","beta.2","beta.3","beta.4","beta.5","beta.6","beta.7","beta.8","sigma2","delta"
"1",1.9875,0.660750531076599,0.790059821319421,1.9875,1.9875,1.9875,1.9875,1.9875,0.0364542491757979,0
