"","beta.1","beta.2","beta.3","beta.4","beta.5","beta.6","beta.7","beta.8","sigma2","delta"
"1",1.9875,0.423524456708432,0.633670623192544,1.9875,1.9875,1.9875,1.9875,1.9875,0.0702151789537501,4.54981490347321e-06
