"","beta.1","beta.2","beta.3","beta.4","beta.5","beta.6","beta.7","beta.8","sigma2","delta"
"1",4.179609375,0.238691676634558,0.398464431880603,4.179609375,4.179609375,4.179609375,4.179609375,4.179609375,0,0.000174944839690106
