"","beta.1","beta.2","beta.3","beta.4","beta.5","beta.6","beta.7","beta.8","sigma2","delta"
"1",3.8218359375,0.257042923631966,0.443358635344857,3.8218359375,3.8218359375,3.8218359375,3.8218359375,3.8218359375,0,0.000175068299500603
