beta.1,beta.2,beta.3,beta.4,beta.5,beta.6,beta.7,beta.8,sigma2,delta,mu
0.14359,0.11266,0.025383,0.002022,0.00085015,0.0014298,0.00017263,0.00014517,1.0472,0,5.9429
