"","beta.1","beta.2","beta.3","beta.4","beta.5","beta.6","beta.7","beta.8","sigma2","delta"
"1",1.9875,0.575776989095949,0.770087500002186,1.9875,1.9875,1.9875,1.9875,1.9875,0.0435243022563222,4.35243029102644e-10
