"","beta.1","beta.2","beta.3","beta.4","beta.5","beta.6","beta.7","beta.8","sigma2","delta"
"1",1.9875,0.581231385699701,0.750807345806046,1.9875,1.9875,1.9875,1.9875,1.9875,0.0363853151763303,3.63853157230109e-10
