"","beta.1","beta.2","beta.3","beta.4","beta.5","beta.6","beta.7","beta.8","beta.9","beta.10","beta.11","beta.12","beta.13","beta.14","beta.15","beta.16","beta.17","beta.18","beta.19","beta.20","beta.21","beta.22","beta.23","beta.24","beta.25","beta.26","beta.27","beta.28","beta.29","beta.30","beta.31","beta.32","beta.33","beta.34","beta.35","beta.36","beta.37","beta.38","beta.39","beta.40","beta.41","beta.42","beta.43","beta.44","sigma2","delta"
"1",-0.0742376646496877,0.0945560922938942,-0.895099996209661,-0.0281451135623605,0.80218806818457,-1.25122927906032,0.0378990337331298,-0.0101934470984454,1.71995147690896,0.434838815141827,-0.0244900772933285,0.0106149640902834,-0.143016641520577,0.0102499544606488,0.340577656559803,-0.0586997100398371,0.011516827938254,-0.0792777992203777,-0.0334576812025049,-0.0203026511639772,0.342042109208233,-0.0231589914572009,-0.129595156004606,-0.0384878112890622,-0.147006291658934,-0.0303735355497226,-0.0386799631295799,0.146192117223689,-0.0630181126716656,-0.0114241105717189,-0.0423424869516696,-0.0498018173766896,-0.0491748792104528,0.0242341039001969,0.0461626970489892,0.123704602832642,0.0584829557502508,-0.00313252569178254,-0.0500406138495634,-0.0638847798811651,-0.0107115820612336,0.0570994325808413,-0.0261475735450771,-0.0675621294776869,0.00149490059466449,0
