"","beta.1","beta.2","beta.3","beta.4","beta.5","beta.6","beta.7","beta.8","sigma2","delta"
"1",1.9875,0.739088499905374,0.819453121540441,1.9875,1.9875,1.9875,1.9875,1.9875,0.0203601431123368,2.0360143418243e-10
