"","beta.1","beta.2","beta.3","beta.4","beta.5","beta.6","beta.7","beta.8","sigma2","delta"
"1",38.6118682124509,0.836483817664874,3.11224167900708,64,64,64,64,64,0,"1e-06"
