"","beta.1","beta.2","beta.3","beta.4","beta.5","beta.6","beta.7","beta.8","sigma2","delta"
"1",0.0702407289433212,0.659399085014049,0.280293537350337,0.0195519449588225,0.0142185502604488,0.00621462206560667,0.00201219415510972,0.0006876363837659,0.45545521003951,0
