"","beta.1","beta.2","beta.3","beta.4","beta.5","beta.6","beta.7","beta.8","sigma2","delta"
"1",1.9875,0.404861587071374,0.581424481076852,1.9875,1.9875,1.9875,1.9875,1.9875,0.066601722681089,6.66017236817638e-10
