beta.1,beta.2,beta.3,beta.4,beta.5,beta.6,beta.7,beta.8,sigma2,delta
3.214493427565760442e+01,1.923736360517282362e+00,4.223766839234136761e+00,1.317259374814093853e+01,1.628007708952431898e+01,1.867637505827833166e+01,2.844666226155414890e+01,7.813250642909216026e+01,8.336314634164020419e+06,3.631337541937725054e-04
