"","beta.1","beta.2","beta.3","beta.4","beta.5","beta.6","beta.7","beta.8","sigma2","delta"
"1",0.00286794776621779,0.520676759431686,0.0458026833118439,0.00756878777993756,0.0253836678251559,0.00173116310693992,0.0929884487747186,0.00026382586690465,231422.245938055,0
