"","beta.1","beta.2","beta.3","beta.4","beta.5","beta.6","beta.7","beta.8","sigma2","delta"
"1",0.00135610777347529,0.554263476480555,0.0746785159021112,0.00434154371342771,0.01473775435248,0.00820611790388667,0.00888213233536889,0.000152377341294486,496750.967567265,0
