"","beta.1","beta.2","beta.3","beta.4","beta.5","beta.6","beta.7","beta.8","sigma2","delta"
"1",5.21660615942216,0.615496685158175,1.50272300395318,5.21660615942216,5.21660615942216,5.21660615942216,5.21660615942216,5.21660615942216,0,7.56368870105445e-06
