"","beta.1","beta.2","beta.3","beta.4","beta.5","beta.6","beta.7","beta.8","beta.9","beta.10","beta.11","beta.12","beta.13","beta.14","beta.15","beta.16","beta.17","beta.18","beta.19","beta.20","beta.21","beta.22","beta.23","beta.24","beta.25","beta.26","beta.27","beta.28","beta.29","beta.30","beta.31","beta.32","beta.33","beta.34","beta.35","beta.36","beta.37","beta.38","beta.39","beta.40","beta.41","beta.42","beta.43","beta.44","sigma2","delta"
"1",-3.2307170938623,1.66651235176783,-44.0853077601977,-1.21080464924074,38.6032224352296,-58.3890902901084,1.02404066671417,-1.37479743858675,76.6529282523058,15.105066889936,-0.192283713302341,-0.62762633379888,-2.87628757201213,-1.21747051323254,11.3011732603153,0.510377656818574,-1.51890964184449,-1.72771839394954,-2.66423212335093,-0.120593161886449,10.6339780951245,-0.725375091211115,-0.31856125480491,-2.0288475790082,-1.04539903613489,-1.19500807842972,-0.719799048795062,9.45506777766066,-1.14768094227054,2.0386840942119,-0.614767827843335,-0.196305768967253,-0.480300009591065,-0.551769853387959,-3.71293525380368,2.89235987465636,2.06240758743047,-1.21876196340553,-0.559648725605178,0.775350943713244,0.715369778035579,-1.48535896305687,-2.24897289505555,0.384368915727722,3.21928136146274,0
