"","beta.1","beta.2","beta.3","beta.4","beta.5","beta.6","beta.7","beta.8","sigma2","delta"
"1",0.0143126594178186,1.56858806705997,0.239279145553099,0.0230369579808282,0.0252602612684021,0.0104208016751395,0.00375241132601622,0.00138477421852401,4036.83783586215,6.32312545777889e-07
