beta.1,beta.2,beta.3,beta.4,beta.5,beta.6,beta.7,beta.8,sigma2,delta
4.905125470872653182e+01,2.176637699165254070e+00,5.315440449062069028e+00,1.396775589954870789e+01,1.646247798322616518e+01,2.206969872229361584e+01,4.132373874975053241e+01,1.221789935987535074e+02,2.212411373936543614e+07,4.299696878679052574e-04
