"","beta.1","beta.2","beta.3","beta.4","beta.5","beta.6","beta.7","beta.8","sigma2","delta"
"1",0.0131357721598944,1.52019133426733,0.218516447456504,0.0208447970526704,0.021416944197363,0.00895130987131842,0.00365260517983357,0.000725082832050485,4849.24468897078,6.39559842739919e-07
