beta.1,beta.2,beta.3,beta.4,beta.5,beta.6,beta.7,beta.8,sigma2,delta
5.620975841702475356e-02,2.589058103010032363e-01,3.424269745662620323e-01,1.315347867391044451e-02,2.936117540220818840e-03,3.321883328106661499e-04,3.475486652866447172e-04,3.383739140569725322e-03,5.259524643976210427e+02,2.220446049250313081e-15
