"","beta.1","beta.2","beta.3","beta.4","beta.5","beta.6","beta.7","beta.8","beta.9","beta.10","beta.11","beta.12","beta.13","beta.14","beta.15","beta.16","beta.17","beta.18","beta.19","beta.20","beta.21","beta.22","beta.23","beta.24","beta.25","beta.26","beta.27","beta.28","beta.29","beta.30","beta.31","beta.32","beta.33","beta.34","beta.35","beta.36","beta.37","beta.38","beta.39","beta.40","beta.41","beta.42","beta.43","beta.44","sigma2","delta"
"1",-5.61416503281423,6.23535357273283,-42.5948965432508,-2.51827373516013,38.4096160178935,-56.3452278332238,-1.96526102090122,-0.600424214835034,76.0868319468465,19.7948224373651,0.189003970255292,-0.700796982826623,-3.8049362217203,-3.49112148473864,16.0323832400966,0.381898548741281,-2.01377022916688,-2.60681445338403,-3.67489451502087,-1.0156879932429,11.2199738519732,1.93029450811081,-0.403986871573406,-1.79688580068051,-0.786264553555678,-3.09331423006081,-1.80002828406518,9.8652514229101,-0.784722338828505,-0.509650762756918,-0.806729119121241,-1.93185119867894,-1.28280446833007,-2.1011754843037,-1.00359803222692,4.20584162459486,-0.857776401416412,-1.04941494127378,0.109169177630571,-1.60064899007001,-1.8128070193311,0.27751943665211,-0.837286451679066,0.718299772486037,3.4855104384451,0
