"","beta.1","beta.2","beta.3","beta.4","beta.5","beta.6","beta.7","beta.8","sigma2","delta"
"1",55.4415531042899,0.589697602590998,3.36385213480752,54.9632579696427,64,64,64,64,0,"1e-06"
