beta.1,beta.2,beta.3,beta.4,beta.5,beta.6,beta.7,beta.8,sigma2,delta,mu
0.125,0.13397,0.027205,0.0015864,0.0011218,0.0013811,0.00018502,0.00015029,4156.2,0,4.7629
