"","beta.1","beta.2","beta.3","beta.4","beta.5","beta.6","beta.7","beta.8","sigma2","delta"
"1",0.00563135798593553,0.205686080728639,0.0283831918466803,0.00302646637627885,0.00433236154538566,0.00131585696847763,0.000715194284752552,6.25056025027756e-05,3032948.41984797,0.000279368326263234
