"","beta.1","beta.2","beta.3","beta.4","beta.5","beta.6","beta.7","beta.8","sigma2","delta"
"1",-2.42447215773824,-9.09318597582724,14.8494065885637,9.01925640724031,8.20763787179533,6.6432037654362,5.176352776381,1.81795181853701,48.1102551224204,0
