"","beta.1","beta.2","beta.3","beta.4","beta.5","beta.6","beta.7","beta.8","sigma2","delta"
"1",0.0527870163720244,0.521515911986255,0.196257388633567,0.0177733557869976,0.0145025625742416,0.00948476168819332,0.0050329070559774,0.00212804957131238,885.091038411824,0
