"","beta.1","beta.2","beta.3","beta.4","beta.5","beta.6","beta.7","beta.8","sigma2","delta"
"1",0.000554252934904938,0.126428004317077,0.0184400435403722,0.00707369882321524,0.00447471343759653,0.0031716300969592,3.05690963710932e-05,2.36095375235823e-05,9553977.63337296,0.000539996752559148
