"","beta.1","beta.2","beta.3","beta.4","beta.5","beta.6","beta.7","beta.8","sigma2","delta"
"1",0.000577410523330034,0.147146063024901,0.022229839345123,0.00214922490649326,0.00196857735528929,0.00155041570088439,0.000859329827724009,5.30326777252506e-05,5342801.68787694,0.00107984938601244
