"","beta.1","beta.2","beta.3","beta.4","beta.5","beta.6","beta.7","beta.8","sigma2","delta"
"1",4.5300310713773,0.562149053743893,1.16339261261105,4.5300310713773,4.5300310713773,4.5300310713773,4.5300310713773,4.5300310713773,0,1.46846442173666e-05
