"","beta.1","beta.2","beta.3","beta.4","beta.5","beta.6","beta.7","beta.8","sigma2","delta"
"1",-1.90542971347457,-8.18393833492745,13.7804767842512,11.7682704323483,8.05633489618971,7.3435150310907,3.80169129463663,2.79455239255013,48.2555270240153,0
