"","beta.1","beta.2","beta.3","beta.4","beta.5","beta.6","beta.7","beta.8","sigma2","delta"
"1",57.6517988167314,0.590124206010049,3.54537440683044,51.1564885601436,62.4594046578011,64,64,64,0,"1e-06"
