"","beta.1","beta.2","beta.3","beta.4","beta.5","beta.6","beta.7","beta.8","beta.9","beta.10","beta.11","beta.12","beta.13","beta.14","beta.15","beta.16","beta.17","beta.18","beta.19","beta.20","beta.21","beta.22","beta.23","beta.24","beta.25","beta.26","beta.27","beta.28","beta.29","beta.30","beta.31","beta.32","beta.33","beta.34","beta.35","beta.36","beta.37","beta.38","beta.39","beta.40","beta.41","beta.42","beta.43","beta.44","sigma2","delta"
"1",-5.41727728297496,4.70573301450564,-48.0398349973926,-0.460761204000002,39.4678327825771,-56.9782709830078,-2.75486100341231,0.461579815921937,76.3187905096433,14.3929772935176,1.69612417554841,-0.961548217950153,-3.79819628896658,-1.06911775049598,15.710418611145,0.375808986840588,-1.68420621375233,-3.27773944081507,-3.03028800818246,-0.715378594045371,9.5275013507652,0.59457809820727,1.60789755684037,-1.08989884385424,-1.28919169729047,-3.19367144319114,-0.754997774497734,5.15649530211204,-0.251201326337386,1.4606345360275,0.136633013917987,-0.80270849264568,-1.27812384666324,-0.37992464774521,-0.433753583191858,5.94214774158383,-1.83518860246809,0.0837191005195336,0.304059466454793,1.26613019740011,-1.10807759824852,-1.68421563501098,0.215862975371931,-3.00938232160949,3.44270672790851,0
