beta.1,beta.2,beta.3,beta.4,beta.5,beta.6,beta.7,beta.8,sigma2,delta
7.760551371944928497e-04,1.023108008980398859e-01,2.300235308825105893e-02,1.182763862518738593e-03,1.687698723360608020e-03,1.729214338958300849e-03,1.172562329106033508e-04,1.000000000000000048e-04,2.184897212777891764e+04,2.220446049250313081e-15
