"","beta.1","beta.2","beta.3","beta.4","beta.5","beta.6","beta.7","beta.8","sigma2","delta"
"1",0.055943673012349,0.488143366904753,0.190519972769912,0.0161432542120391,0.0143336103868265,0.00754832214860181,0.00559894627617151,0.00159193214877171,930.171025072541,0
