"","beta.1","beta.2","beta.3","beta.4","beta.5","beta.6","beta.7","beta.8","sigma2","delta"
"1",58.2492729685602,0.596165700514407,3.73880582376955,62.0756524757517,64,64,64,64,0,"1e-06"
