"","beta.1","beta.2","beta.3","beta.4","beta.5","beta.6","beta.7","beta.8","sigma2","delta"
"1",4.88791972308034,0.582307044715915,1.3081657770902,4.88791972308034,4.88791972308034,4.88791972308034,4.88791972308034,4.88791972308034,0,1.00967090847681e-05
