beta.1,beta.2,beta.3,beta.4,beta.5,beta.6,beta.7,beta.8,sigma2,delta
5.149537025303851578e+01,2.214688751051938631e+00,5.381260507676953964e+00,1.519067052104831461e+01,1.421050974420059809e+01,2.235378358881546035e+01,3.768792457022306053e+01,1.176368312118121935e+02,2.290108597786579281e+07,2.940043418690020194e-04
