"","beta.1","beta.2","beta.3","beta.4","beta.5","beta.6","beta.7","beta.8","sigma2","delta"
"1",4.83767181699043,0.603453746276791,1.31844683960777,4.83767181699043,4.83767181699043,4.83767181699043,4.83767181699043,4.83767181699043,0,9.16522853612279e-06
