beta.1,beta.2,beta.3,beta.4,beta.5,beta.6,beta.7,beta.8,sigma2,delta,mu
0.098073,0.01375,0.0015659,0.00017833,0.00011996,0.00010375,0.00011637,0.0001,2.3902e+06,0,132.75
