"","beta.1","beta.2","beta.3","beta.4","beta.5","beta.6","beta.7","beta.8","sigma2","delta"
"1",-1.69555777787014,-8.10850307709666,14.0303841395158,10.4742161922428,8.34503978863561,6.26634209501088,2.79142601608093,2.26575924210171,48.3642620341136,0
