"","beta.1","beta.2","beta.3","beta.4","beta.5","beta.6","beta.7","beta.8","sigma2","delta"
"1",0.000468292272061684,0.142692455194773,0.0264621005165165,0.00273855733481544,0.00246356890517971,0.00148667188987436,0.000594891832046046,7.60027716118719e-05,8637007.33797157,0.000315595899600804
