"","beta.1","beta.2","beta.3","beta.4","beta.5","beta.6","beta.7","beta.8","sigma2","delta"
"1",0.0596585682223637,3.51207479171377,0.35821676390784,0.00904821603682521,0.0396541012044715,0.00119602609719001,0.0025866103033957,0.0163949911063944,3263.72436244508,0.00956419232808106
