"","beta.1","beta.2","beta.3","beta.4","beta.5","beta.6","beta.7","beta.8","sigma2","delta"
"1",0.0147777406169618,1.59762840738814,0.256073408648386,0.0323880710892789,0.0207039525647529,0.0124668472414924,0.00422425156601143,0.00096315006313865,3749.75432057895,6.28167361817652e-07
