"","beta.1","beta.2","beta.3","beta.4","beta.5","beta.6","beta.7","beta.8","sigma2","delta"
"1",57.6994366322526,0.575777143547932,3.60194493374877,60.8977089762536,64,64,64,64,0,"1e-06"
