beta.1,beta.2,beta.3,beta.4,beta.5,beta.6,beta.7,beta.8,sigma2,delta
5.612074627523858279e-03,2.018048691202033451e-01,2.754845616028671340e-02,3.460336704091640514e-03,3.780006774045137699e-03,1.726698080616235944e-03,7.129171503835803492e-04,1.963671106720268802e-04,2.128059048483132756e+03,2.220446049250313081e-15
