"","beta.1","beta.2","beta.3","beta.4","beta.5","beta.6","beta.7","beta.8","sigma2","delta"
"1",0.000795897707437155,0.409835753411548,0.0877575403752281,0.00779187571142616,0.0182174308108189,0.00176101318731601,0.00961729441024036,0.000268570862831704,651642.044870417,0
