"","beta.1","beta.2","beta.3","beta.4","beta.5","beta.6","beta.7","beta.8","sigma2","delta"
"1",0.0510595150122707,0.613320880425849,0.239497974330868,0.0196058824429612,0.0173823620431508,0.0125076066560526,0.00691307279436313,0.0017629707366719,719.194179213687,0
