"","beta.1","beta.2","beta.3","beta.4","beta.5","beta.6","beta.7","beta.8","sigma2","delta"
"1",0.0525555237573637,0.49805563493862,0.178497240845264,0.0148989153746712,0.014545808834695,0.00881993138271998,0.00415873127274395,0.00123120300665143,947.302997140657,0
