"","beta.1","beta.2","beta.3","beta.4","beta.5","beta.6","beta.7","beta.8","beta.9","beta.10","beta.11","beta.12","beta.13","beta.14","beta.15","beta.16","beta.17","beta.18","beta.19","beta.20","beta.21","beta.22","beta.23","beta.24","beta.25","beta.26","beta.27","beta.28","beta.29","beta.30","beta.31","beta.32","beta.33","beta.34","beta.35","beta.36","beta.37","beta.38","beta.39","beta.40","beta.41","beta.42","beta.43","beta.44","sigma2","delta"
"1",-8.73997249108439,3.63632816918639,-50.2776141643635,0.495440119924413,39.0354646225255,-55.5128713277487,0.382573645523552,1.41447578005532,74.5043783702949,14.9402678756304,1.63743044987979,-1.18765591930156,-5.58540399812496,-1.05796192099945,10.7700143554623,2.46775405428572,-0.523796147147174,-2.85172523358443,-0.237350628597911,-0.929187265117693,7.31258431624387,0.0940924263692277,2.84494293650295,-1.96779467540995,-1.42716989627156,-1.41227394195642,1.26609977485441,6.22400343050481,2.19512311636318,0.595578060196526,-1.87927373949967,-0.222983996380948,-1.50179495913136,-2.15137846561324,-1.28450367973206,-0.354585004183274,-0.245585294730187,3.09230944291358,0.479956258241833,-7.59563979028413e-06,0.626630008157125,0.0646696024501613,1.29712352815588,-0.537739891342045,3.73358582816355,0
