"","beta.1","beta.2","beta.3","beta.4","beta.5","beta.6","beta.7","beta.8","sigma2","delta"
"1",4.89453521620851,0.604199431210707,1.1768203921922,4.89453521620851,4.89453521620851,4.89453521620851,4.89453521620851,4.89453521620851,0,1.2949762845372e-05
