"","beta.1","beta.2","beta.3","beta.4","beta.5","beta.6","beta.7","beta.8","sigma2","delta"
"1",-0.317442113566644,-7.44613836843589,14.0039104818213,9.94540496837958,8.64187907731341,5.72944735784152,4.17257797814117,0.946410802063129,47.0543626200103,0
