"","beta.1","beta.2","beta.3","beta.4","beta.5","beta.6","beta.7","beta.8","sigma2","delta"
"1",0.0144098257673108,1.54620284101567,0.234855718300924,0.0241916760844992,0.0166933032865154,0.0136310835636037,0.00532785459044753,0.00100730165377801,4511.29830781273,6.35271132894423e-07
