"","beta.1","beta.2","beta.3","beta.4","beta.5","beta.6","beta.7","beta.8","beta.9","beta.10","beta.11","beta.12","beta.13","beta.14","beta.15","beta.16","beta.17","beta.18","beta.19","beta.20","beta.21","beta.22","beta.23","beta.24","beta.25","beta.26","beta.27","beta.28","beta.29","beta.30","beta.31","beta.32","beta.33","beta.34","beta.35","beta.36","beta.37","beta.38","beta.39","beta.40","beta.41","beta.42","beta.43","beta.44","sigma2","delta"
"1",-6.08358550801675,3.80996835082915,-44.6162294920113,1.06719141739681,37.71173575982,-57.6167864942244,0.967099585066691,0.761130179074258,76.6262380146275,18.8771292965768,-0.537655980126504,-1.28329338317167,-4.53343480082563,-2.64910382210696,14.329777355426,0.286052809463653,-2.3081238394495,-3.19118185798458,-1.35054674182333,-1.54747424076256,9.13731848680188,2.02457659111371,0.501966694855613,-1.08303498739157,-3.08255480934177,-1.73129298541742,-0.282779461661888,10.4083122147962,-0.944766871042873,-0.333156401394189,-2.44562460521344,-1.43052645848022,-1.34618549761388,-1.54007423545849,-1.46961441079927,5.06603386669442,-1.92081950413133,-0.137444584716274,-0.494052560901086,-0.046759691031547,0.215911966070374,-0.460499566620652,-0.761030439718506,-1.54323483248305,3.67416078598029,0
