"","beta.1","beta.2","beta.3","beta.4","beta.5","beta.6","beta.7","beta.8","sigma2","delta"
"1",0.00355399862225135,0.949231399283501,0.0543775250389677,0.00760581764309957,0.00895284270993355,0.0038475220803983,0.0180979605686409,0.00332896228167936,133288.68091764,0
