"","beta.1","beta.2","beta.3","beta.4","beta.5","beta.6","beta.7","beta.8","sigma2","delta"
"1",57.9651406143266,0.567923799400465,3.46207316792584,64,64,64,64,64,0,"1e-06"
