beta.1,beta.2,beta.3,beta.4,beta.5,beta.6,beta.7,beta.8,sigma2,delta
3.121567734936895633e+01,1.844798987735306373e+00,4.493887410030536600e+00,1.238863018339883659e+01,1.651935180717796214e+01,1.321374999385488458e+01,2.357557636118833955e+01,9.050785186472081989e+01,5.772895764370556921e+06,3.056712692121892516e-04
