"","beta.1","beta.2","beta.3","beta.4","beta.5","beta.6","beta.7","beta.8","sigma2","delta"
"1",0.0142603837270226,1.62318736206798,0.235350006667196,0.0241239107262305,0.0206492372864669,0.0129316570176236,0.00442221064489191,0.000818755140248477,3953.58704026453,6.29869646303648e-07
