"","beta.1","beta.2","beta.3","beta.4","beta.5","beta.6","beta.7","beta.8","sigma2","delta"
"1",-3.31092535766745,-8.24192827431973,14.4882901146984,10.2074952281534,7.78852847415862,5.70943381769415,3.71964128982006,1.56414994110724,48.2586475459561,0
