beta.1,beta.2,beta.3,beta.4,beta.5,beta.6,beta.7,beta.8,sigma2,delta
2.671516202604622397e-03,6.643020994787120215e-02,7.612856722564342003e-03,5.070819187632949823e-03,1.689253867389716845e-03,3.526752639086148987e-04,2.004277321790856278e-04,1.000000000000000048e-04,4.366309569044300588e+04,2.220446049250313081e-15
