"","beta.1","beta.2","beta.3","beta.4","beta.5","beta.6","beta.7","beta.8","sigma2","delta"
"1",0.0518469748354501,0.520924612459267,0.190788447558404,0.0171265218293591,0.0141325066747763,0.00954264122331754,0.00499597447454498,0.00137906335220419,900.91179350676,0
