beta.1,beta.2,beta.3,beta.4,beta.5,beta.6,beta.7,beta.8,sigma2,delta
3.117108754187266584e+01,1.815442254317971571e+00,5.031071810745049611e+00,1.399549045083972310e+01,1.492494986931399303e+01,1.958220893144998342e+01,2.001215359324297083e+01,7.687280840082274835e+01,5.455565859054955654e+06,8.492612236645381970e-04
