"","beta.1","beta.2","beta.3","beta.4","beta.5","beta.6","beta.7","beta.8","sigma2","delta"
"1",0.00357000756910565,0.637658551190269,0.0644792477614619,0.0277939926299387,0.010723385990159,0.00869869265176093,0.00197166137981642,0.000707154461156273,148123.098263173,0
