beta.1,beta.2,beta.3,beta.4,beta.5,beta.6,beta.7,beta.8,sigma2,delta
3.280631283074064404e-04,1.008338268811301147e-01,1.834492817084551822e-02,9.032553589269747820e-04,2.369190595277636830e-03,3.933823258569506980e-04,3.195174130084394706e-04,1.000000000000000048e-04,4.891330478038448928e+04,2.220446049250313081e-15
