beta.1,beta.2,beta.3,beta.4,beta.5,beta.6,beta.7,beta.8,beta.9,beta.10,beta.11,beta.12,beta.13,beta.14,beta.15,beta.16,beta.17,beta.18,beta.19,beta.20,sigma2,delta
6.168756185168620121e+00,6.483422426672231786e+00,3.176501629024214068e+00,5.953004768358494125e+00,2.613074948145506671e+00,7.804577293927275505e+00,1.179498288076468526e+01,6.660736427790529035e+01,6.716549618213475981e+01,7.993452047502357516e+01,1.048452139613008740e+03,1.143074262911426786e+03,7.720770788701965159e+01,3.820778000579622926e+02,2.634766486261719933e+02,2.854826164654959939e+02,9.400703642742348620e+02,1.359759528092693472e+03,1.341091614684555680e+03,1.042462524393216199e+03,1.328378352285913877e+01,4.255771625813293619e-05
