"","beta.1","beta.2","beta.3","beta.4","beta.5","beta.6","beta.7","beta.8","beta.9","beta.10","beta.11","beta.12","beta.13","beta.14","beta.15","beta.16","beta.17","beta.18","beta.19","beta.20","sigma2","delta"
"1",2.30931703962637,1.95397242123779,0.846494141959069,3.94119056129934,2.39935095465703,1.60771661457414,165.755388533933,93.705538308847,96.2232804340951,170.941340139073,292.665189200616,380.72579656825,361.579732253229,400,228.093667506496,318.636203003658,369.092154546387,314.294804819948,400,388.689131435084,0,"1e-06"
