"","beta.1","beta.2","beta.3","beta.4","beta.5","beta.6","beta.7","beta.8","beta.9","beta.10","beta.11","beta.12","beta.13","beta.14","beta.15","beta.16","beta.17","beta.18","beta.19","beta.20","sigma2","delta"
"1",1.95163817956566,1.18344799256849,1.94606083723525,1.93345611280424,0.720999544378148,1.080169212452,0.227026948327094,0.223686252914758,0.347359284804795,0.363941203359416,7.2953119725709e-05,0.129893037192063,0.00205410170226398,0.00148537335267947,0.00704586264702276,0.00298642356233933,0.0549502966143286,0.0415505111239233,0.0130933783627667,0.00396760261542546,0.0217172857064656,1.54013586861307e-14
