"","beta.1","beta.2","beta.3","beta.4","beta.5","beta.6","beta.7","beta.8","beta.9","beta.10","beta.11","beta.12","beta.13","beta.14","beta.15","beta.16","beta.17","beta.18","beta.19","beta.20","sigma2","delta"
"1",0.14783386703862,0.205891387816475,0.422500958582352,0.0883333139400083,0.201465213836571,0.22169189438677,0.0247394367756008,0.0038038576005883,0.00268422058619142,0.00254113496022867,7.10840655551077e-10,2.40681912910261e-05,9.26849784091684e-06,0.000178401234441193,4.51430407675765e-05,5.92995147254307e-05,0.000168227252318623,1.20063498615931e-09,0.000217837141456854,5.05707893504551e-09,0.740294621050833,0
