"","beta.1","beta.2","beta.3","beta.4","beta.5","beta.6","beta.7","beta.8","beta.9","beta.10","beta.11","beta.12","beta.13","beta.14","beta.15","beta.16","beta.17","beta.18","beta.19","beta.20","sigma2","delta"
"1",0.241910775988131,0.239710866387846,0.633283744036946,0.305789633098919,0.371057310193234,0.231524270222056,0.136461599827522,0.0167995738825252,0.0838935127829993,0.00741126677826596,6.09997830982482e-10,1.93944181296803e-10,1e-10,0.000163014037310598,0.0039707579314973,0.00284933410535917,0.000457292101622092,0.00460972290811692,0.00625821389900181,3.60587497280307e-10,0.335499312812951,0
