"","beta.1","beta.2","beta.3","beta.4","beta.5","beta.6","beta.7","beta.8","beta.9","beta.10","beta.11","beta.12","beta.13","beta.14","beta.15","beta.16","beta.17","beta.18","beta.19","beta.20","sigma2","delta"
"1",0.184872265997334,0.250810999626196,0.342639606771014,0.203359815921063,0.521138207634996,0.128142227924377,0.0311669373245424,0.00358674766569598,0.00374206400275384,0.00306244504275876,3.39796302861335e-05,6.99999336275033e-08,0.00020784258969389,0.000412013076268516,0.00047410765957389,6.08057017221129e-05,3.48428700495243e-08,1.87652664410088e-07,5.07199796393459e-08,0.000179456624080693,0.420808363075069,0
