"","beta.1","beta.2","beta.3","beta.4","beta.5","beta.6","beta.7","beta.8","beta.9","beta.10","beta.11","beta.12","beta.13","beta.14","beta.15","beta.16","beta.17","beta.18","beta.19","beta.20","sigma2","delta"
"1",0.688909493204431,0.667819462305181,0.762170391241587,0.722663728952663,0.655409306230341,0.74019894162309,1.99,1.92560328763484,1.87387242913024,1.99,1.99,1.99,1.99,1.99,1.99,1.99,1.99,1.99,1.99,1.99,0.0208751497981501,2.08751501117942e-10
