"","beta.1","beta.2","beta.3","beta.4","beta.5","beta.6","beta.7","beta.8","beta.9","beta.10","beta.11","beta.12","beta.13","beta.14","beta.15","beta.16","beta.17","beta.18","beta.19","beta.20","sigma2","delta"
"1",0.810105067639414,0.770854710409376,1.21086668868173,0.887498256390939,0.869285099560686,0.9407843369518,5.93751817463857,4.31737464585257,4.32470094868788,5.14775688437409,6.91284482984312,5.25944140071531,5.29733477940757,6.6395960008752,6.90615223771883,6.7957442290773,7.28311002120338,5.87092908595953,5.75212354263749,7.22512745644857,0,0.00165783430947788
