beta.1,beta.2,beta.3,beta.4,beta.5,beta.6,beta.7,beta.8,beta.9,beta.10,beta.11,beta.12,beta.13,beta.14,beta.15,beta.16,beta.17,beta.18,beta.19,beta.20,sigma2,delta
1.130265047032695236e+01,9.534892967608767478e+00,8.417079814531390980e+00,9.480147359560620046e+00,8.970900706359032029e+00,1.250903523077444746e+01,2.535592200113260120e+01,7.189809278947372206e+01,7.212518976855126596e+01,8.808330025749106085e+01,2.073684370363767357e+03,1.683673289613843508e+03,2.570631679073579789e+02,1.736561054028405806e+03,1.384242394862171295e+03,8.057066762817865992e+02,6.522496315021508906e+01,1.839824692671310231e+03,2.166688695588732571e+03,1.931738921230017013e+03,9.247200736673553578e+00,5.562684646268136855e-309
