"","beta.1","beta.2","beta.3","beta.4","beta.5","beta.6","beta.7","beta.8","beta.9","beta.10","beta.11","beta.12","beta.13","beta.14","beta.15","beta.16","beta.17","beta.18","beta.19","beta.20","sigma2","delta"
"1",0.221232807913598,0.289153882807716,0.728904223791957,0.356592258541841,0.507002603937973,0.162190195817001,0.0758782261123947,0.0111406497836592,0.00798491135375036,0.0121185051160771,7.08382601605803e-09,0.000248788844517857,0.0155664920465027,7.37208660896751e-05,0.000454804467007444,0.0773870861939431,3.84793174525323e-09,1.15052058551282e-07,9.22796073031557e-09,0.000443063219856866,0.254581887745401,0
