"","beta.1","beta.2","beta.3","beta.4","beta.5","beta.6","beta.7","beta.8","beta.9","beta.10","beta.11","beta.12","beta.13","beta.14","beta.15","beta.16","beta.17","beta.18","beta.19","beta.20","sigma2","delta"
"1",-0.0921455880243081,-0.149657348769935,-0.0230485195663283,-0.128292499111616,-0.0746111564868685,-0.164160569641114,0.105617906677154,0.0954080455016982,0.180035317993017,0.190905543478957,-0.0143341561718722,-0.00266460897504288,0.019553617289216,-0.0333332865173977,0.105477855935249,-0.0425465792361001,0.0406930139596694,-0.00357486728144259,-0.00954816182084391,-0.0354032931764837,0.0190133375634116,0
