"","beta.1","beta.2","beta.3","beta.4","beta.5","beta.6","beta.7","beta.8","beta.9","beta.10","beta.11","beta.12","beta.13","beta.14","beta.15","beta.16","beta.17","beta.18","beta.19","beta.20","sigma2","delta"
"1",0.241834473418541,0.186836092698231,0.665533246260779,0.200554221924921,0.603323358621033,0.149261823303139,0.0248027822675518,0.00506867366838285,0.00560446209634265,0.00436941075369596,5.24652243595275e-10,2.12996246601907e-09,7.4894044505679e-05,9.09897084144448e-10,1e-10,2.50603228575241e-09,1.86034623671208e-10,0.000565741719568658,0.000363419050554701,3.68413144921095e-09,0.358301321380658,0
