beta.1,beta.2,beta.3,beta.4,beta.5,beta.6,beta.7,beta.8,beta.9,beta.10,beta.11,beta.12,beta.13,beta.14,beta.15,beta.16,beta.17,beta.18,beta.19,beta.20,sigma2,delta
1.786211477433348183e+00,1.617502447735107651e+00,8.157198328540298249e-01,2.395400676689796171e+00,1.556020683785892311e+00,1.232033911520793001e+00,4.020814430313564003e+00,1.664869313900440062e+01,1.442193150338588659e+01,1.596565697511149295e+01,4.824790311936520766e+02,5.370198217050187850e+02,5.220503492827336913e+02,2.406455691848831009e+02,2.609355523422090641e+02,8.834536058299013916e+01,4.297946768311538790e+01,5.308092736738842632e+02,5.311793058266130174e+02,4.761549223301653342e+02,9.935257479953378823e-01,3.148040067367505516e-04
