beta.1,beta.2,beta.3,beta.4,beta.5,beta.6,beta.7,beta.8,beta.9,beta.10,beta.11,beta.12,beta.13,beta.14,beta.15,beta.16,beta.17,beta.18,beta.19,beta.20,sigma2,delta
3.987942155176805059e+00,3.699635943759329137e+00,2.499647405193840655e+00,3.966905909773184469e+00,2.268641060638405982e+00,4.523911636344802645e+00,7.117023603234214235e+00,2.651864406212305170e+01,3.414158156178476844e+01,3.482859974117423718e+01,1.545687227826605067e+03,1.312643015904570802e+03,1.317453375326972491e+03,1.995655552363811466e+03,1.230455032338889367e+02,8.973668327474632633e+01,1.409372410366167060e+03,1.258306914937435522e+03,1.082431216580569526e+03,7.211530097500967713e+02,4.924934021072843393e+00,5.562684646268136855e-309
