"","beta.1","beta.2","beta.3","beta.4","beta.5","beta.6","beta.7","beta.8","beta.9","beta.10","beta.11","beta.12","beta.13","beta.14","beta.15","beta.16","beta.17","beta.18","beta.19","beta.20","sigma2","delta"
"1",0.729027360816986,0.892824514277044,1.0602917888242,0.678715833674361,0.967200276394484,0.925352723053077,4.57356360288409,4.37803901363453,4.23493635248233,4.39543549654892,6.84623956031065,6.58479435847264,5.62274234547448,6.11514038636232,6.54046488913021,5.42057762368366,6.66271356310703,6.68092926221283,6.09331738089973,6.9700900883639,0,0.00174390300608516
