"","beta.1","beta.2","beta.3","beta.4","beta.5","beta.6","beta.7","beta.8","beta.9","beta.10","beta.11","beta.12","beta.13","beta.14","beta.15","beta.16","beta.17","beta.18","beta.19","beta.20","sigma2","delta"
"1",0.467753811687935,0.367036013730311,0.688324020199534,0.426074530676509,1.1312202604468,0.455574000977392,0.123839358726937,0.0246357866482513,0.0171962364697091,0.0110238557412233,4.24360404410153e-09,0.000204378235226125,2.24975707394083e-08,1.00963356183339e-08,0.00170733428580366,0.00160552868369141,1.71559822106685e-09,1e-10,0.00115095900681238,0.00324478270076106,0.212800730166006,0
