"","beta.1","beta.2","beta.3","beta.4","beta.5","beta.6","beta.7","beta.8","beta.9","beta.10","beta.11","beta.12","beta.13","beta.14","beta.15","beta.16","beta.17","beta.18","beta.19","beta.20","sigma2","delta"
"1",40.1639727131785,2.09170106419484,0.372123612625717,1.15055447717295,1.32084603516717,0.904985766691675,0.0451768966896062,0.0508868861031684,0.0616068278340072,0.0261411620712985,0.0104464446383876,0.00999111358374217,0.0168273827513373,0.00514543255410182,0.0481636385652798,0.000908590098720319,0.0252094781223889,0.0787980495735741,0.0598533719042356,0.0079964042805849,0.0309377897619555,0
