beta.1,beta.2,beta.3,beta.4,beta.5,beta.6,beta.7,beta.8,beta.9,beta.10,beta.11,beta.12,beta.13,beta.14,beta.15,beta.16,beta.17,beta.18,beta.19,beta.20,sigma2,delta
1.621887228550434434e+00,1.653567699417868964e+00,1.039506594197189271e+00,1.338525676364075823e+00,1.122975084100171550e+00,1.888873145879826909e+00,3.052626158980423998e+00,9.588996540527819690e+00,9.854853027055828107e+00,1.019011751681695088e+01,3.542347657281501370e+02,5.883432099029700169e+01,8.358208961745363652e+00,2.626015557463999244e+02,1.626591697562680849e+01,3.129443946940094090e+00,6.401134694213124021e+02,4.318723229631401637e+02,3.628613056913906121e+02,2.922285119318125979e+01,4.295502005276826685e-01,1.284022666870828530e-04
