"","beta.1","beta.2","beta.3","beta.4","beta.5","beta.6","beta.7","beta.8","beta.9","beta.10","beta.11","beta.12","beta.13","beta.14","beta.15","beta.16","beta.17","beta.18","beta.19","beta.20","sigma2","delta"
"1",-0.206432186655377,-0.213057215060484,-0.065472017881407,-0.169495109135848,-0.0377693493830522,-0.150548119933911,0.0968948836815326,0.118011785512618,0.108945721009353,0.0986856800474643,-0.0256896430369369,0.0493438130913255,-0.0638512379392384,-0.014534122952408,0.0101761921773632,0.0114009010374211,-0.0248068616258406,0.0124195580119583,0.0560860519402898,0.0444376160432515,0.0129776989386035,0
