"","beta.1","beta.2","beta.3","beta.4","beta.5","beta.6","beta.7","beta.8","beta.9","beta.10","beta.11","beta.12","beta.13","beta.14","beta.15","beta.16","beta.17","beta.18","beta.19","beta.20","sigma2","delta"
"1",1.88480520034566,2.97001159346063,0.807875550236543,2.30520755538803,0.81834146289329,3.29185409401323,248.367568922445,37.338035091937,54.2360247969379,27.9429333477557,339.169039360715,275.48589600402,225.190886464349,323.113003583822,400,334.526999333105,374.45763502012,251.197620395909,264.500925027934,302.286601962773,0,"1e-06"
