"","beta.1","beta.2","beta.3","beta.4","beta.5","beta.6","beta.7","beta.8","beta.9","beta.10","beta.11","beta.12","beta.13","beta.14","beta.15","beta.16","beta.17","beta.18","beta.19","beta.20","sigma2","delta"
"1",0.310083767673073,0.255099625734717,0.571020469799923,0.337616759046014,0.639837754482742,0.269299956415079,0.0636517845078621,0.0126671584928904,0.0110416779274085,0.00982731435570514,4.89033453029262e-07,0.000141155583165972,7.42561327094738e-08,1.57167600335874e-07,0.000617437918909534,0.00208338735554148,5.06032654493359e-06,4.90844956756132e-09,0.000133298197883659,0.000258673513171906,0.291646903183745,0
