beta.1,beta.2,beta.3,beta.4,beta.5,beta.6,beta.7,beta.8,beta.9,beta.10,beta.11,beta.12,beta.13,beta.14,beta.15,beta.16,beta.17,beta.18,beta.19,beta.20,sigma2,delta
5.712084564021775002e+00,6.882661623028754505e+00,3.142640987991677903e+00,5.994004353497063953e+00,4.317149073868160158e+00,7.023359943768284097e+00,8.947183800920976537e+00,7.876273701138694605e+01,3.488266003105533031e+01,7.581147358191252295e+01,1.228337151798053583e+03,1.296725191093793228e+03,8.596251999594879862e+02,4.282596285872420481e+02,6.279941300965025874e+01,4.313552836030978028e+02,3.772612619485151413e+02,1.118996302367124827e+03,9.303312517410844293e+02,9.136689053211264309e+02,1.641524966055824208e+01,1.759434659802102210e-04
