"","beta.1","beta.2","beta.3","beta.4","beta.5","beta.6","beta.7","beta.8","beta.9","beta.10","beta.11","beta.12","beta.13","beta.14","beta.15","beta.16","beta.17","beta.18","beta.19","beta.20","sigma2","delta"
"1",0.196050908284397,0.156727759132467,0.470930554379828,0.242698955142795,0.277884532698633,0.183391980613583,0.0539720573894977,0.00478476311558595,0.0188632900241334,0.00505261593736151,0.00750315931828398,2.41935219099268e-08,3.12086700481348e-08,6.58513424080307e-05,5.28563046532074e-06,0.000583831785016116,0.00101322374966157,2.75012682041075e-10,2.32167955099053e-08,3.08013251656841e-08,0.432454555979258,0
