beta.1,beta.2,beta.3,beta.4,beta.5,beta.6,beta.7,beta.8,beta.9,beta.10,beta.11,beta.12,beta.13,beta.14,beta.15,beta.16,beta.17,beta.18,beta.19,beta.20,sigma2,delta
1.156581364729957873e+00,1.333469740461762809e+00,9.459648531317398357e-01,1.255016731372263994e+00,7.847346534290623454e-01,1.186633399808811218e+00,2.162117528205518280e+00,5.545719081391091265e+00,6.688116315414285751e+00,8.889278462983156714e+00,4.115661321486905422e+02,2.917864806382639813e+02,3.831341398581204203e+02,3.540951431208189319e+02,2.723606479868681518e+01,2.312884919818740670e+01,4.105495034688486271e+02,2.947198835310434788e+02,4.476448799184759508e+01,1.541813780329430550e+01,3.353928165491056879e-01,1.911068286441292485e-04
