"","beta.1","beta.2","beta.3","beta.4","beta.5","beta.6","beta.7","beta.8","beta.9","beta.10","beta.11","beta.12","beta.13","beta.14","beta.15","beta.16","beta.17","beta.18","beta.19","beta.20","sigma2","delta"
"1",2.16589941899707,1.44250255975664,0.148509797664944,2.2986681803087,0.14603131683749,0.837620776169955,0.0540487827964802,0.0335189818474528,0.168760975197698,0.139719107833693,0.0420118504038144,0.00661434400671786,0.00514154308848877,0.0177213866237846,0.00969946868845742,0.0111068418236091,0.0871023420872299,0.0219869228054775,0.000834176179652472,0.00608474981659435,0.062854382331446,0
