"","beta.1","beta.2","beta.3","beta.4","beta.5","beta.6","beta.7","beta.8","beta.9","beta.10","beta.11","beta.12","beta.13","beta.14","beta.15","beta.16","beta.17","beta.18","beta.19","beta.20","sigma2","delta"
"1",-0.116637530841993,-0.162206258162581,-0.0619917466361819,-0.156084924092686,-0.0508912708089738,-0.0922276922552851,0.0934186246705591,0.0833119541876708,0.105423127946629,0.0574032615586622,-0.00791824809588486,0.0167603550080149,0.0263871733459759,-0.0240447799236673,-0.0181514007347254,0.0215421572901317,-0.028886792450721,0.0108483761347637,0.00152164261319764,0.00127999005789613,0.0153881327287146,0
