"","beta.1","beta.2","beta.3","beta.4","beta.5","beta.6","beta.7","beta.8","beta.9","beta.10","beta.11","beta.12","beta.13","beta.14","beta.15","beta.16","beta.17","beta.18","beta.19","beta.20","sigma2","delta"
"1",1.41529379708737,1.29742667618129,0.533718909340102,1.20231378814915,0.94438274286865,0.609850217404833,0.166514841049504,0.192033382872473,0.0565464241652951,0.0305504492946781,0.000479277547173575,3.20761277109466e-05,0.0292751390271733,0.00179235149615195,0.00325011435100693,0.0240906707513209,0.00337299767193718,0.00858416709090013,0.0282950086041443,0.00019635190316021,0.0423700557061264,6.66593367819389e-10
