"","beta.1","beta.2","beta.3","beta.4","beta.5","beta.6","beta.7","beta.8","beta.9","beta.10","beta.11","beta.12","beta.13","beta.14","beta.15","beta.16","beta.17","beta.18","beta.19","beta.20","sigma2","delta"
"1",1.23151938040495,2.45816727396307,0.462196905472488,1.01725844023106,0.791119892826881,0.453940472638139,0.0347875754587189,0.0395078781397751,0.042318608333531,0.0710283990720526,0.00573833316434262,0.0189272469008572,0.00135771992246982,0.0417460431870508,0.0314124418569105,0.0318501640838016,0.0389794218221819,0.00621214404166712,0.00143766313040643,0.00548504985761456,0.042273023790739,0
