"","beta.1","beta.2","beta.3","beta.4","beta.5","beta.6","beta.7","beta.8","beta.9","beta.10","beta.11","beta.12","beta.13","beta.14","beta.15","beta.16","beta.17","beta.18","beta.19","beta.20","sigma2","delta"
"1",2.49943750285198,0.967250061296847,0.953553276570979,4.09260754889293,0.319008973511488,1.55881123260377,0.107210743192983,0.0662669578555118,0.130761174541878,0.159352629146338,0.0213596940653176,0.0189652813414773,0.0151488121575037,0.00375524950315674,0.0101607235991522,0.0266295273117516,0.00547244061191085,0.0055811775247912,0.00440781383582107,0.00362134764977823,0.0509550956014971,0
