"","beta.1","beta.2","beta.3","beta.4","beta.5","beta.6","beta.7","beta.8","beta.9","beta.10","beta.11","beta.12","beta.13","beta.14","beta.15","beta.16","beta.17","beta.18","beta.19","beta.20","sigma2","delta"
"1",0.353715579608961,0.375425765173171,1.1005797130402,0.137338792307489,0.364945146747836,0.441807935841799,0.0555729707743119,0.00536603205131703,0.00680162708615676,0.00566639893794839,0.0108582616448972,0.00553700980245584,9.29418092706145e-09,4.32448036715665e-05,5.6108819667055e-08,6.61783305965451e-05,0.001197396390881,2.29390866170379e-08,3.55294308978822e-08,0.00169431599704906,0.351030272779204,0
