"","beta.1","beta.2","beta.3","beta.4","beta.5","beta.6","beta.7","beta.8","beta.9","beta.10","beta.11","beta.12","beta.13","beta.14","beta.15","beta.16","beta.17","beta.18","beta.19","beta.20","sigma2","delta"
"1",0.191785927357879,0.126720713389087,1.20856633688808,0.230473171943963,1.19706251022902,0.101994483744917,0.0380815089194753,0.00555893165500077,0.00297594823823076,0.00352314528686126,5.46281671729526e-08,5.10120913441753e-07,0.00339703928627239,8.78693516642778e-08,7.96860185475837e-06,3.79526449454024e-08,1.3695149277046e-07,1.52472138258833e-07,0.0018474653024488,1.50613392229983e-07,0.597785652612568,0
