beta.1,beta.2,beta.3,beta.4,beta.5,beta.6,beta.7,beta.8,beta.9,beta.10,beta.11,beta.12,beta.13,beta.14,beta.15,beta.16,beta.17,beta.18,beta.19,beta.20,sigma2,delta
1.124307855171023185e+01,1.242422296771071011e+01,4.060411133689532548e+00,1.049685335621459004e+01,4.108507415476325697e+00,1.381917394628115403e+01,2.157707897358163507e+01,1.686227916872590242e+02,1.849889867011720241e+02,2.398314497876829989e+02,2.142424998086611595e+04,2.381831681382416355e+04,2.961573305714194703e+03,1.784100346982291740e+04,2.054901428802556984e+04,1.816227811916597057e+04,2.537275937872548639e+03,2.263236970255633787e+04,9.445041901519662133e+02,2.382349568352491769e+04,1.374022690805178684e+02,5.562684646268136855e-309
