"","beta.1","beta.2","beta.3","beta.4","beta.5","beta.6","beta.7","beta.8","beta.9","beta.10","beta.11","beta.12","beta.13","beta.14","beta.15","beta.16","beta.17","beta.18","beta.19","beta.20","sigma2","delta"
"1",0.658693160583629,0.737683932246736,0.762979214911776,0.675840731526266,1.07611879580309,0.804032050442596,1.60482023308843,1.99,1.71280798467055,1.97748119027417,1.99,1.99,1.99,1.99,1.99,1.99,1.99,1.99,1.99,1.99,0.0252372415270285,0
