"","beta.1","beta.2","beta.3","beta.4","beta.5","beta.6","beta.7","beta.8","beta.9","beta.10","beta.11","beta.12","beta.13","beta.14","beta.15","beta.16","beta.17","beta.18","beta.19","beta.20","sigma2","delta"
"1",0.626990921066066,0.677203086841964,0.886577822074972,0.707765818400519,0.705021480952558,0.830580086777852,1.99,1.99,1.99,1.99,1.99,1.99,1.99,1.99,1.99,1.99,1.99,1.99,1.99,1.99,0.0223261390248715,2.23261393603163e-10
