"","beta.1","beta.2","beta.3","beta.4","beta.5","beta.6","beta.7","beta.8","beta.9","beta.10","beta.11","beta.12","beta.13","beta.14","beta.15","beta.16","beta.17","beta.18","beta.19","beta.20","sigma2","delta"
"1",0.93190795371259,0.840245831904717,1.37640764465383,0.863493071455378,1.57243545172007,1.3108693004587,5.86802616245318,5.88514149558052,5.1225658925682,4.9976351411333,6.39970715132323,7.002725,7.002725,6.9182101058498,6.01195850632481,5.59709562195858,5.06402727777947,7.002725,7.002725,6.20063111750799,0,0.00134225543741367
