"","beta.1","beta.2","beta.3","beta.4","beta.5","beta.6","beta.7","beta.8","beta.9","beta.10","beta.11","beta.12","beta.13","beta.14","beta.15","beta.16","beta.17","beta.18","beta.19","beta.20","sigma2","delta"
"1",1.55715330767602,1.84740192891523,1.09597331150828,1.84721004643679,0.707356233765411,1.77736233821715,68.6359862474526,16.9661434541893,33.7144497698499,83.4085690910592,391.24719953227,368.305080694838,373.574925597188,338.907836839144,335.25039788012,269.984881186427,400,347.609039481492,371.168833661105,346.8621981754,0,"1e-06"
