beta.1,beta.2,beta.3,beta.4,beta.5,beta.6,beta.7,beta.8,beta.9,beta.10,beta.11,beta.12,beta.13,beta.14,beta.15,beta.16,beta.17,beta.18,beta.19,beta.20,sigma2,delta
5.353571761672059282e+00,4.651257977196317839e+00,2.899701163958833039e+00,7.365277207868488496e+00,4.480630424497878295e+00,4.098946268287677164e+00,1.212502072648399931e+01,6.540630283221938157e+01,5.413065922658409335e+01,6.001534598761268313e+01,1.486207148368552680e+03,1.595706835978701974e+03,1.587689848226968479e+03,6.445202138599712498e+02,1.049813077872360282e+03,1.454944815203891949e+03,1.366356840469279916e+02,1.736593790174916194e+03,3.472888969607385548e+02,1.445636246611223442e+03,1.003930864367890230e+01,1.716905971782125651e-04
