"","beta.1","beta.2","beta.3","beta.4","beta.5","beta.6","beta.7","beta.8","beta.9","beta.10","beta.11","beta.12","beta.13","beta.14","beta.15","beta.16","beta.17","beta.18","beta.19","beta.20","sigma2","delta"
"1",0.662356555807857,0.735297728497926,0.740643829844592,0.633784651851812,0.69599056340895,0.742260748205341,1.99,1.99,1.97580750104246,1.99,1.99,1.99,1.99,1.99,1.99,1.99,1.99,1.99,1.99,1.99,0.0309735584819604,3.09735589473307e-10
