"","beta.1","beta.2","beta.3","beta.4","beta.5","beta.6","beta.7","beta.8","beta.9","beta.10","beta.11","beta.12","beta.13","beta.14","beta.15","beta.16","beta.17","beta.18","beta.19","beta.20","sigma2","delta"
"1",0.966713884982907,0.971085076035987,0.974126737209574,0.854124474537358,1.53754697121437,0.786972139650064,0.0199381907861347,0.237549959775459,0.0741666560184471,0.304494530960657,1.75150475492735e-05,0.0397772174627104,0.135597086558876,0.000107715275190126,1.24541812200556e-05,4.25629666639218e-05,3.06777035506354e-05,0.00326349501999862,0.02273736185921,1.46461188106585e-05,0.0327593110169611,1.01085372073488e-07
