"","beta.1","beta.2","beta.3","beta.4","beta.5","beta.6","beta.7","beta.8","beta.9","beta.10","beta.11","beta.12","beta.13","beta.14","beta.15","beta.16","beta.17","beta.18","beta.19","beta.20","sigma2","delta"
"1",-0.128589136796164,-0.164605757282702,-0.0505228014049643,-0.157237291452063,-0.0433130866575331,-0.0661564063304292,0.0802224061687298,0.0729011289152943,0.136584432029099,0.0842898058024428,-0.0167301829533009,-0.0533113696586823,0.0330867043836465,-0.0255086121264648,-0.0326214055172894,0.00972322841050833,-0.0211515996081022,-0.0202913433619039,-0.0259491960907972,0.0245334314304403,0.0141420656153042,0
