"","beta.1","beta.2","beta.3","beta.4","beta.5","beta.6","beta.7","beta.8","beta.9","beta.10","beta.11","beta.12","beta.13","beta.14","beta.15","beta.16","beta.17","beta.18","beta.19","beta.20","sigma2","delta"
"1",1.68240046884025,1.4063482812453,0.769272890953666,1.16802187542339,0.52839934511421,1.58805911862692,0.346480663907328,0.0457687551097882,0.072668730250636,0.0802631242578039,0.000725828462753522,0.0504102959603817,0.00807236252844374,0.0110376500744373,0.0544986568104914,0.0586821110758049,0.0291824482567683,0.0583816862495311,0.0350667709404838,0.00482172372336275,0.024841894365806,8.07491072180568e-13
