"","beta.1","beta.2","beta.3","beta.4","beta.5","beta.6","beta.7","beta.8","beta.9","beta.10","beta.11","beta.12","beta.13","beta.14","beta.15","beta.16","beta.17","beta.18","beta.19","beta.20","sigma2","delta"
"1",0.688991709446951,0.667783651659091,0.762210368553505,0.722711904970371,0.655441521560426,0.740240099527013,1.99,1.92653314451787,1.87364573462748,1.99,1.99,1.99,1.99,1.99,1.99,1.99,1.99,1.99,1.99,1.99,0.0208773691232046,0
