beta.1,beta.2,beta.3,beta.4,beta.5,beta.6,beta.7,beta.8,beta.9,beta.10,beta.11,beta.12,beta.13,beta.14,beta.15,beta.16,beta.17,beta.18,beta.19,beta.20,sigma2,delta
1.449486105767599931e+01,1.571358276088355943e+01,1.161575838433799213e+01,1.494230074049052348e+01,1.054991733324019876e+01,1.595765608938961400e+01,3.360141082635978904e+01,1.183044298492853130e+02,1.277997946731232872e+02,1.386122488953079142e+02,1.125900585791389494e+04,1.069406287126393909e+04,1.090338417369624040e+04,1.140948808907177227e+04,4.637959824673002913e+02,6.095016709007127247e+02,8.111431096325490216e+03,1.139061830790758177e+04,1.021426247447424430e+04,9.429203992099679454e+03,4.226171233229778323e+01,5.562684646268136855e-309
