beta.1,beta.2,beta.3,beta.4,beta.5,beta.6,beta.7,beta.8,beta.9,beta.10,beta.11,beta.12,beta.13,beta.14,beta.15,beta.16,beta.17,beta.18,beta.19,beta.20,sigma2,delta
9.945584128407263691e+00,1.248849161653803641e+01,8.561361164005298008e+00,1.141481365840610529e+01,1.182932535298861509e+01,1.316766118664942908e+01,1.882093762451718177e+01,1.001512463285499166e+02,5.936616723884805680e+01,9.157869472956360823e+01,5.798264380820090082e+03,9.329752551003930421e+03,7.226320743189082350e+03,9.879364634456355816e+02,6.112528594159030945e+03,6.560893024722927294e+02,4.469785018346805714e+02,1.141717879497388822e+04,3.108149685548865818e+03,3.446950769254580791e+03,1.552884370453716656e+01,9.873491437745391364e-224
