beta.1,beta.2,beta.3,beta.4,beta.5,beta.6,beta.7,beta.8,beta.9,beta.10,beta.11,beta.12,beta.13,beta.14,beta.15,beta.16,beta.17,beta.18,beta.19,beta.20,sigma2,delta
1.502116621051732359e+01,1.246285233841891582e+01,1.155302412642147658e+01,2.011800170956589184e+01,1.678712762253094226e+01,1.379443250785350905e+01,9.355820000413928028e+01,1.591856624173349246e+02,1.304823187196696779e+02,1.501391562316797490e+02,1.738277622036671892e+04,2.479042283345026590e+04,2.006408283994250814e+04,1.714665860113458257e+04,1.654586814316536766e+04,1.899101403405049132e+04,4.162454997419333722e+02,2.308053890818250147e+04,5.246831018285082564e+02,1.960509156693004115e+04,3.587700782146470857e+01,5.562684646268136855e-309
