"","beta.1","beta.2","beta.3","beta.4","beta.5","beta.6","beta.7","beta.8","beta.9","beta.10","beta.11","beta.12","beta.13","beta.14","beta.15","beta.16","beta.17","beta.18","beta.19","beta.20","sigma2","delta"
"1",3.34736311399258,3.61966133478996,1.47854786473808,2.73331399376396,2.69452981606232,3.84111992265945,6.79197882969998,94.8166353490786,12.0428186997344,133.224640882443,383.362197242754,351.220275662809,400,390.09141202839,363.419947037648,330.809307049513,341.94384444425,210.40434859848,348.031741189819,400,0,"1e-06"
