"","beta.1","beta.2","beta.3","beta.4","beta.5","beta.6","beta.7","beta.8","beta.9","beta.10","beta.11","beta.12","beta.13","beta.14","beta.15","beta.16","beta.17","beta.18","beta.19","beta.20","sigma2","delta"
"1",0.658708239462885,0.737653941746538,0.762997637751481,0.675902299481091,1.07601253166928,0.804012451609336,1.60482440727965,1.99,1.71273094265641,1.97733672451664,1.99,1.99,1.99,1.99,1.99,1.99,1.99,1.99,1.99,1.99,0.025236975210271,2.52369755894505e-10
