"","beta.1","beta.2","beta.3","beta.4","beta.5","beta.6","beta.7","beta.8","beta.9","beta.10","beta.11","beta.12","beta.13","beta.14","beta.15","beta.16","beta.17","beta.18","beta.19","beta.20","sigma2","delta"
"1",1.76137660446823,0.903991706622646,0.484489682894295,1.24171740145699,2.44154639301999,0.946642528511299,0.323134912929849,0.0691823460048965,0.096916558698772,0.0541158365149693,0.00354110606415529,0.000287905181522229,0.0101541123477455,0.00365374356361726,0.00808419919037955,0.00428590961550948,0.00200280835439179,0.00198024640051336,0.00578458053969701,0.00145217312168215,0.0491993678363508,1.46740855513767e-15
