beta.1,beta.2,beta.3,beta.4,beta.5,beta.6,beta.7,beta.8,beta.9,beta.10,beta.11,beta.12,beta.13,beta.14,beta.15,beta.16,beta.17,beta.18,beta.19,beta.20,sigma2,delta
1.862988709267556331e+00,2.033773328081823095e+00,1.122482430261636299e+00,1.665970124069804381e+00,1.467324049730664770e+00,1.899792581523642720e+00,2.656003793529584378e+00,1.659593716539659525e+01,7.183213970708735907e+00,1.641157664798250337e+01,4.474167695558684272e+02,4.040844081501718392e+02,4.002023996204385980e+02,3.272223640179023505e+02,2.297291623801089244e+01,2.244413500574895863e+02,7.407735206169832054e+01,3.316665812062519763e+02,1.440581678623532014e+02,4.631715933141922505e+02,1.085188459270106209e+00,4.215268353516202085e-04
