beta.1,beta.2,beta.3,beta.4,beta.5,beta.6,beta.7,beta.8,beta.9,beta.10,beta.11,beta.12,beta.13,beta.14,beta.15,beta.16,beta.17,beta.18,beta.19,beta.20,sigma2,delta
1.453966096376226869e+00,1.636099126509792834e+00,8.285538651346593397e-01,1.421952508092911627e+00,8.587789493468136470e-01,1.677518505519201675e+00,1.574690174149607635e+01,8.925423988216996563e+00,1.002690944761054226e+01,1.083372753119840581e+01,2.148797764190833732e+03,2.016582369429635264e+03,5.496335409439159037e+01,2.149288872154775163e+03,2.407186431381011062e+03,2.089119515060413505e+03,1.511432657638317551e+03,1.376703985104372578e+03,3.781467530746550665e+01,2.076904071496586312e+03,4.911611636541346471e-01,3.482379097374211849e-04
