"","beta.1","beta.2","beta.3","beta.4","beta.5","beta.6","beta.7","beta.8","beta.9","beta.10","beta.11","beta.12","beta.13","beta.14","beta.15","beta.16","beta.17","beta.18","beta.19","beta.20","sigma2","delta"
"1",0.703113343678933,0.805600499415067,1.47912576693198,0.824784298345596,1.14443214065495,1.22389162011083,5.28216424665605,4.09648468854645,4.52764229904246,5.07948217149543,6.53566682873285,6.62619750471486,6.99692137438625,6.18616918320457,4.97347937467733,4.96044057451731,6.18784376235642,6.17812155649392,6.54830007924501,7.1268,0,0.00191595599070762
