"","beta.1","beta.2","beta.3","beta.4","beta.5","beta.6","beta.7","beta.8","beta.9","beta.10","beta.11","beta.12","beta.13","beta.14","beta.15","beta.16","beta.17","beta.18","beta.19","beta.20","sigma2","delta"
"1",0.709031068312038,0.814687651354939,1.009934654705,0.782213906958806,1.34583448459723,0.917505551577892,1.99,1.99,1.9336711186754,1.99,1.99,1.99,1.99,1.99,1.99,1.99,1.99,1.99,1.99,1.99,0.0209418806500775,0
