"","beta.1","beta.2","beta.3","beta.4","beta.5","beta.6","beta.7","beta.8","beta.9","beta.10","beta.11","beta.12","beta.13","beta.14","beta.15","beta.16","beta.17","beta.18","beta.19","beta.20","sigma2","delta"
"1",3.0893387632234,2.55943519069808,1.50222118122009,2.01001668779421,1.90129142510286,4.15162453067576,77.9132437569363,104.702334878806,50.5896507121511,66.8633014326555,275.197638586651,345.742503381591,206.950328014918,306.072034944501,187.780120072092,20.5106687182536,18.7974312975178,400,290.110351871623,229.648233466586,0,"1e-06"
