"","beta.1","beta.2","beta.3","beta.4","beta.5","beta.6","beta.7","beta.8","beta.9","beta.10","beta.11","beta.12","beta.13","beta.14","beta.15","beta.16","beta.17","beta.18","beta.19","beta.20","sigma2","delta"
"1",0.709049680466628,0.814670201805715,1.00992331459712,0.782237826191719,1.34581983876807,0.917501505681859,1.99,1.99,1.93370218431495,1.99,1.99,1.99,1.99,1.99,1.99,1.99,1.99,1.99,1.99,1.99,0.0209419821023414,2.09419824169897e-10
