"","beta.1","beta.2","beta.3","beta.4","beta.5","beta.6","beta.7","beta.8","beta.9","beta.10","beta.11","beta.12","beta.13","beta.14","beta.15","beta.16","beta.17","beta.18","beta.19","beta.20","sigma2","delta"
"1",0.706626399166939,0.93252827506485,1.18013499819571,0.793084537942397,2.05888216338968,1.07699622976274,3.60781072983991,4.51258606406455,3.5726678742691,4.30417592447219,6.86183732453369,7.00582194711168,7.556325,6.93446003533121,7.18115652765812,6.38815277772409,5.95934908256831,5.21636567004302,7.44459592214147,6.95740540874136,0,0.00167816571787578
