"","beta.1","beta.2","beta.3","beta.4","beta.5","beta.6","beta.7","beta.8","beta.9","beta.10","beta.11","beta.12","beta.13","beta.14","beta.15","beta.16","beta.17","beta.18","beta.19","beta.20","sigma2","delta"
"1",-0.198432512443622,-0.174030927477202,-0.00460457568908705,-0.171420370840617,-0.0629215816226482,-0.112274064006042,0.0915042535806309,0.0921395320965124,0.180868437480463,0.131038057004111,0.00773643944198464,-0.0252118465153242,0.0300771556189809,-0.0147938799087855,0.018185027720162,-0.0166610562756886,0.0029282228678152,-0.0171844500927905,0.0333071363854737,-0.0598256804741989,0.0148022292610332,0
