beta.1,beta.2,beta.3,beta.4,beta.5,beta.6,beta.7,beta.8,beta.9,beta.10,beta.11,beta.12,beta.13,beta.14,beta.15,beta.16,beta.17,beta.18,beta.19,beta.20,sigma2,delta
1.398772421434976998e+01,1.395270599329450256e+01,9.902736582448175895e+00,1.465159134356846771e+01,1.084622038651584752e+01,1.649756409693260295e+01,1.635838123962849409e+02,9.734471744774364765e+01,1.126082852872294495e+02,1.415268381053657265e+02,6.834168752036479418e+03,7.647509525473101348e+03,3.407947357301351531e+03,8.762371260877445820e+03,8.674915427917512716e+03,7.496046639111362310e+03,4.976846812261979721e+03,7.606511953371345953e+03,6.237535747676986375e+02,7.567679076042253655e+03,2.708791221318311671e+01,5.562684646268136855e-309
