"","beta.1","beta.2","beta.3","beta.4","beta.5","beta.6","beta.7","beta.8","beta.9","beta.10","beta.11","beta.12","beta.13","beta.14","beta.15","beta.16","beta.17","beta.18","beta.19","beta.20","sigma2","delta"
"1",2.49326037744559,1.82840720818372,0.231489712839989,6.13152599527158,0.291780371117846,0.65766622930879,0.0257170395082759,0.157662129693177,0.0845003334899594,0.0767492552112632,0.00328737210806767,0.0370626298161795,0.0111708434503209,0.0413447657798411,0.0193575935332328,0.0540519016202884,0.0413006553508283,0.0308315842445863,0.0302548880394559,0.0427633142233563,0.0358433645507082,0
