"","beta.1","beta.2","beta.3","beta.4","beta.5","beta.6","sigma2","delta"
"1",10.8390208076496,8.64641272814446,18.685524891919,14.2077539890786,33.2860130609748,2.20988705979797,0.0219823984275453,0.00370533942126184
