"","beta.1","beta.2","beta.3","beta.4","beta.5","beta.6","sigma2","delta"
"1",0.291592952208609,0.196874835517537,0.112546997362472,0.188806015598751,0.176256825515415,1.9957348373346,0.0185609658767669,0
