beta.1,beta.2,beta.3,beta.4,beta.5,beta.6,sigma2,delta
1.533043991318480681e-01,1.708304090776228135e-01,6.699824955246208580e-02,1.628873758907368186e-01,2.561159987514257108e-01,3.365159666237077518e-01,2.017030454198375650e-02,4.946736087564876204e-09
