"","beta.1","beta.2","beta.3","beta.4","beta.5","beta.6","sigma2","delta"
"1",0.067420954296563,1.99624534772243,1.99742531599011,0.049125132326737,0.0665366000539749,0.494976110759303,0.00922195817592368,0.0064656376802294
