beta.1,beta.2,beta.3,beta.4,beta.5,beta.6,sigma2,delta
8.669501881424235762e+03,3.622763153588161913e+03,9.737527590910924118e+03,1.132130559261291819e+04,1.073169838480887665e+04,1.067199189417338494e+04,2.059780749879343009e-01,1.658661491721506731e-02
