"","beta.1","beta.2","beta.3","beta.4","beta.5","beta.6","sigma2","delta"
"1",3.42988199117752,3.92499769944011,3.92499769944011,3.92499769944011,2.85729921482079,3.9110203050437,0,0.046826575533529
