"","beta.1","beta.2","beta.3","beta.4","beta.5","beta.6","sigma2","delta"
"1",2.27042441302382,53.9398241359495,6.84567670851258,8.96551297113839,1284.79776241397,0.00264068459500929,0.0183500305438373,2.682378427443e-10
