"","beta.1","beta.2","beta.3","beta.4","beta.5","beta.6","sigma2","delta"
"1",15.900767397506,11.3690817639604,65.3289935268595,44.4014348268787,24.4452020684766,4.70320714531059,0.016444421306286,0
