beta.1,beta.2,beta.3,beta.4,beta.5,beta.6,sigma2,delta,mu
1.5092,1.9571,0.72259,2.1343,3.0183,0.3613,0.020142,0,0.0030547
