"","beta.1","beta.2","beta.3","beta.4","beta.5","beta.6","beta.7","beta.8","beta.9","beta.10","beta.11","beta.12","beta.13","beta.14","beta.15","beta.16","beta.17","beta.18","beta.19","beta.20","beta.21","beta.22","beta.23","beta.24","beta.25","beta.26","beta.27","sigma2","delta"
"1",0.171282997682645,-0.074894818967018,0.071634193271602,-0.00094444494914161,-0.0462455905523779,0.0806750757439054,-0.0415415755677401,-0.292425415399989,-0.0222309093132525,0.135496839255202,-0.0417081075551416,0.0591882316889725,-0.0400195849777525,-0.140276179049703,-0.223144403527866,0.0474563587661976,0.251631001219103,0.171267197085934,-0.0135206612651958,0.0280583469370652,0.193257621440324,-0.0361907651272233,-0.0946736435621533,0.0625408617534605,0.0724644963444267,-0.0880907473763653,-0.152753321466979,0.0176863813252466,0
