beta.1,beta.2,beta.3,beta.4,beta.5,beta.6,sigma2,delta
3.568567280869597744e+04,1.710610675699882677e+01,3.063130572572233359e+04,2.521490767782721377e+03,3.425953151080653333e+04,3.536458304482585663e+04,2.653204372155268387e-01,1.564369252407582164e-02
