"","beta.1","beta.2","beta.3","beta.4","beta.5","beta.6","sigma2","delta"
"1",1.75251228449241,0.157235478069682,0.582938850226522,0.833275774070499,0.232416214857056,0.0462381331772315,0,"1e-06"
