"","beta.1","beta.2","beta.3","beta.4","beta.5","beta.6","sigma2","delta"
"1",11.2885991936469,9.32128466607816,18.5677563228156,13.814885227187,33.004874150736,3.23106817050109,0.025846014716437,0
