"","beta.1","beta.2","beta.3","beta.4","beta.5","beta.6","sigma2","delta"
"1",3.86275725263703,3.47952305115451,2.69625622478474,4.09601672410085,3.43147337059381,2.57620444008554,0,0.0560419784929021
