"","beta.1","beta.2","beta.3","beta.4","beta.5","beta.6","sigma2","delta"
"1",0.24445937464207,0.623488529430125,0.563702719608369,0.0490918349098169,0.0871158719078331,1.18212980875861,0,"1e-06"
