"","beta.1","beta.2","beta.3","beta.4","beta.5","beta.6","beta.7","beta.8","beta.9","beta.10","beta.11","beta.12","beta.13","beta.14","beta.15","beta.16","beta.17","beta.18","beta.19","beta.20","beta.21","beta.22","beta.23","beta.24","beta.25","beta.26","beta.27","sigma2","delta"
"1",-0.0506258850057821,-0.0298801773417142,0.155727805023253,0.00129721627168736,-0.145928216023051,-0.0247097302741855,0.152168148862723,0.048808650890397,-0.0452330587379092,-0.0381561497346957,0.0694997687845507,0.00750580096492551,-0.0416545241050314,0.0445917516284235,0.0213617721793027,-0.0246605310964368,-0.0900799605521201,0.0367920715011828,0.0422766435476934,0.00181481450268444,0.0920175714096567,-0.127218043415996,-0.00374334054631326,-0.0678729841513324,-0.034025980018101,-0.0243830919642232,0.0373977763409121,0.0194863530784547,0
