"","beta.1","beta.2","beta.3","beta.4","beta.5","beta.6","sigma2","delta"
"1",1.14869326215718,1.85636414932419,1.63432624553488,0.164222520099799,1e-10,0.976294391828567,0,0.0164006324754606
