beta.1,beta.2,beta.3,beta.4,beta.5,beta.6,sigma2,delta
2.312928298967110052e+01,1.266121646619820496e+01,8.697777243204177466e+01,1.360410413796156774e+02,1.185649813150950251e+02,1.113446601469632640e+02,2.406162520689594797e-01,1.561076089302443522e-02
