"","beta.1","beta.2","beta.3","beta.4","beta.5","beta.6","sigma2","delta"
"1",0.0743489589928982,0.833526975030067,1.75980440515921,1e-10,1e-10,0.805321088553805,0,0.0180546254924714
