"","beta.1","beta.2","beta.3","beta.4","beta.5","beta.6","sigma2","delta"
"1",-0.0289834684760212,0.0416708137658273,0.00360313550687776,-0.0396881106898986,-0.0271885396921975,-0.0184501868494369,0.0196421271303156,0
