beta.1,beta.2,beta.3,beta.4,beta.5,beta.6,sigma2,delta
8.568091224528204819e+00,1.948521102603495869e+00,2.941810023505535810e+03,2.326643736530118531e+03,6.065988366232757834e+00,3.037810971790690019e+03,1.299727596120005546e-01,1.792551846284324429e-02
