beta.1,beta.2,beta.3,beta.4,beta.5,beta.6,sigma2,delta
1.353196186373418641e+04,2.298203608285380639e+01,1.564522723067938932e+04,1.112903803980064731e+04,1.302364295068589854e+04,1.692277312939875264e+04,2.664034499797238165e-01,1.564389404967277478e-02
