"","beta.1","beta.2","beta.3","beta.4","beta.5","beta.6","sigma2","delta"
"1",8.21951823428155,7.1712136741677,5.31924261053534,14.1005996678576,1172.80737154224,4.42293931471233,0.0164056872388415,0
