beta.1,beta.2,beta.3,beta.4,beta.5,beta.6,sigma2,delta,mu
1.2968,1.0443,4.7568,5.417,2,0.62093,0.016412,0,-0.010145
