beta.1,beta.2,beta.3,beta.4,beta.5,beta.6,sigma2,delta
1.614908329923938979e+01,1.480201282022059672e+01,1.403490881777106188e+04,1.262462306774534859e+01,1.364669503180473475e+04,1.499923301708374801e+01,3.359279335997387705e-01,1.594015612662149847e-02
