"","beta.1","beta.2","beta.3","beta.4","beta.5","beta.6","sigma2","delta"
"1",0.74169874572114,1e-10,0.603922612666009,1.44849632801533,0.161636574511065,1e-10,0,0.0165313351859762
