"","beta.1","beta.2","beta.3","beta.4","beta.5","beta.6","sigma2","delta"
"1",6.29924903867805,65.5574698804594,85.5838597289746,24.0489517882925,2.38342712765433,2.41894156727855,0.0197348608115476,0
