"","beta.1","beta.2","beta.3","beta.4","beta.5","beta.6","sigma2","delta"
"1",-0.0394596131276185,-0.00297895240639375,-0.00743542703447096,0.0280910706452455,-0.00623652785075761,0.000293261555249542,0.0201007540709095,0
