beta.1,beta.2,beta.3,beta.4,beta.5,beta.6,sigma2,delta
4.702856522608754863e-01,9.614733473162835609e-02,2.739283680335612425e-01,2.314626110055230945e-01,1.932212835796087019e-02,9.048845960859689512e+02,1.832461952522911053e-02,1.015855239825685560e-08
