beta.1,beta.2,beta.3,beta.4,beta.5,beta.6,sigma2,delta
3.200155588020933140e-01,2.005554069484968949e+00,2.235678627018730324e+00,2.392248274484429782e+00,7.635836851657400004e+00,7.215103711590947766e-01,1.800421247412780854e-02,2.220446049250313081e-15
