beta.1,beta.2,beta.3,beta.4,beta.5,beta.6,sigma2,delta
2.069792831390181220e+01,1.910958926126028601e+01,2.189965358281887893e+04,1.622122654617566795e+01,2.095350074338839113e+04,1.942110293176283875e+01,3.357070145670613126e-01,1.593870329904888486e-02
