beta.1,beta.2,beta.3,beta.4,beta.5,beta.6,sigma2,delta,mu
0.67713,1.1388,3.5125,2.0885,1.834,0.084641,0.018802,0,0.0053911
