"","beta.1","beta.2","beta.3","beta.4","beta.5","beta.6","sigma2","delta"
"1",0.213546341863009,0.816989377303108,0.10465861681944,0.441435865585092,0.355638564071681,0.29054340013018,0,"1e-06"
