beta.1,beta.2,beta.3,beta.4,beta.5,beta.6,sigma2,delta
1.057367070912426099e+00,3.190848980629108045e+00,6.639962474868401632e-01,2.152324813182731944e+00,1.574988342880058845e+00,4.120044939380395621e-01,2.023922346386054782e-02,2.220446049250313081e-15
