beta.1,beta.2,beta.3,beta.4,beta.5,beta.6,sigma2,delta,mu
0.5,0.4788,10.375,3.5125,12.338,5.9073,0.020096,0,-0.0053717
