"","beta.1","beta.2","beta.3","beta.4","beta.5","beta.6","sigma2","delta"
"1",0.424159565199804,0.780209851797702,0.178325271241253,0.123905082160943,0.121457425388567,0.599585553231972,0,"1e-06"
