beta.1,beta.2,beta.3,beta.4,beta.5,beta.6,sigma2,delta
4.215413927675280004e-01,1.733980860171190769e-02,1.989991400868940108e-01,8.049948449837336650e-02,2.348198817005808514e-01,9.685159146407147546e+01,1.999323187415545655e-02,9.987466855380420566e-09
