"","beta.1","beta.2","beta.3","beta.4","beta.5","beta.6","beta.7","beta.8","beta.9","beta.10","beta.11","beta.12","beta.13","beta.14","beta.15","beta.16","beta.17","beta.18","beta.19","beta.20","beta.21","beta.22","beta.23","beta.24","beta.25","beta.26","beta.27","sigma2","delta"
"1",0.0250944772074021,0.133270639030098,0.196672235967865,-0.052018145658275,-0.088842336888319,0.141280385759295,-0.0806957950217556,-0.121602935576026,0.0269739833787593,0.324131931202849,-0.14042461200684,-0.130693088969978,-0.0376227869289877,-0.0703032256302051,-0.120384348368466,-0.0679470924117916,0.0953346583578092,-0.0929774957230906,0.0391102844799587,0.117341372283875,0.0133811681482453,-0.0357365490672312,-0.047068192510529,0.0104783255413295,-0.0720673877222618,0.0179031667605872,0.0302015473419864,0.0164337018313674,0
