"","beta.1","beta.2","beta.3","beta.4","beta.5","beta.6","sigma2","delta"
"1",0.816535510887887,1.76839458532767,1.59279763488461,0.227902589424312,1e-10,0.9657323317194,0,0.0164006324754606
