"","beta.1","beta.2","beta.3","beta.4","beta.5","beta.6","sigma2","delta"
"1",0.27184045295701,0.177971021634553,0.104397085076064,0.175091156624877,0.162183891043118,1.9957348373346,0.0185855023038613,1.8585502583104e-10
