"","beta.1","beta.2","beta.3","beta.4","beta.5","beta.6","beta.7","beta.8","beta.9","beta.10","beta.11","beta.12","beta.13","beta.14","beta.15","beta.16","beta.17","beta.18","beta.19","beta.20","beta.21","beta.22","beta.23","beta.24","beta.25","beta.26","beta.27","sigma2","delta"
"1",0.0396238367366025,-0.0295090923352719,-0.0905917942979525,0.0131848223606021,-0.0221970668147176,0.0358057889395822,0.0404666915572297,-0.146150329840197,-0.0457957299337688,0.275633948853392,-0.0249604800009118,0.0946459446593884,-0.0965793133649314,-0.15869452769925,-0.108051803641168,0.00715083096532673,0.192785150689549,0.204079634271949,-0.0953468926917952,-0.0266205358981828,0.160347253538124,0.0146197020049309,-0.0268494780355061,0.0572904763113408,-0.0767506036476523,-0.0464915644402732,-0.136121830180476,0.0142493724090562,0
