beta.1,beta.2,beta.3,beta.4,beta.5,beta.6,sigma2,delta,mu
0.70711,1.0219,1.8742,1.1144,1.9571,0.31726,0.025859,0,0.0046729
