beta.1,beta.2,beta.3,beta.4,beta.5,beta.6,sigma2,delta,mu
0.52214,0.67713,0.67713,0.9576,51.536,0.56939,0.016467,0,0.0052495
