"","beta.1","beta.2","beta.3","beta.4","beta.5","beta.6","sigma2","delta"
"1",0.239725477707838,0.723758705835197,0.250666047082563,0.148441837279458,0.0876539032532292,0.550588963209684,0,"1e-06"
