"","beta.1","beta.2","beta.3","beta.4","beta.5","beta.6","sigma2","delta"
"1",0.0525062770055335,0.0699560730733384,0.00974304345689009,-0.0326997657177533,-0.0665086384536246,-0.0077840574949843,0.0178214675741001,0
