beta.1,beta.2,beta.3,beta.4,beta.5,beta.6,sigma2,delta
2.615456222889705273e+01,2.541503490656240061e+01,1.505996911534667015e+04,2.108498228123163543e+01,1.645040857967425836e+04,2.632422708554961943e+01,3.380120607275662881e-01,1.593089843521257667e-02
