"","beta.1","beta.2","beta.3","beta.4","beta.5","beta.6","sigma2","delta"
"1",6.30163329695992,65.5429168810365,85.5675331306923,24.0432144450185,2.38358103726603,2.41619586468996,0.0197356162264848,0
