beta.1,beta.2,beta.3,beta.4,beta.5,beta.6,sigma2,delta
1.142727358071764598e+01,3.020383154068545739e+00,9.321721866447907814e+03,7.710774231526849690e+03,8.045418742599757422e+00,9.648463916575572512e+03,1.395545823763549576e-01,1.792516811480155542e-02
