beta.1,beta.2,beta.3,beta.4,beta.5,beta.6,sigma2,delta
1.312013930419506869e+04,9.683376559871912832e+03,1.027416127092784700e+04,1.228394907365527979e+04,1.353572961401554586e+01,1.121576945308260292e+04,2.588732745569965465e-01,1.800442757492608931e-02
