"","beta.1","beta.2","beta.3","beta.4","beta.5","beta.6","sigma2","delta"
"1",2.45921891107999,3.00569386482746,3.09741268374663,2.631353676101,3.61610259770759,3.64066823165,0,0.0690139003442615
