"","beta.1","beta.2","beta.3","beta.4","beta.5","beta.6","sigma2","delta"
"1",1.99344022898003,0.0889364913899576,0.532060852071078,0.09512554469454,1.99330963698837,1.99045265716035,0.00211576812044063,0.0159297963688217
