"","beta.1","beta.2","beta.3","beta.4","beta.5","beta.6","sigma2","delta"
"1",0.281621286787217,0.122437765631483,0.661590499574645,0.140025966773577,0.191382096429159,0.623116465666399,0,"1e-06"
