"","beta.1","beta.2","beta.3","beta.4","beta.5","beta.6","sigma2","delta"
"1",12.1398732355535,47.2645777307715,47.4480528638135,12.543362511795,206.353364265013,0.0069415803532484,0.0200516352533728,0
