"","beta.1","beta.2","beta.3","beta.4","beta.5","beta.6","sigma2","delta"
"1",1.99344022898003,0.0817172349476924,0.471059777100614,0.0928071898421436,1.99330963698837,1.99045265716035,0.00210237640284374,0.0159432404206244
