"","beta.1","beta.2","beta.3","beta.4","beta.5","beta.6","sigma2","delta"
"1",6.28268136368872,65.3892586328921,85.6430875687454,24.0763403073459,2.38329517986172,2.41627888039519,0.0197359214276906,1.26489588262529e-06
