beta.1,beta.2,beta.3,beta.4,beta.5,beta.6,sigma2,delta,mu
1.0443,3.0183,1.2968,1.2691,2,11.071,0.018013,0,0.0092082
