"","beta.1","beta.2","beta.3","beta.4","beta.5","beta.6","sigma2","delta"
"1",2.85192562665408,82.8784407290072,71.9277312831312,9.2305405553856,407.837937601907,0.000204135963177125,0.0180822235305164,0
