beta.1,beta.2,beta.3,beta.4,beta.5,beta.6,sigma2,delta
9.303269203302357937e+02,3.858406417169123870e+02,9.706525532495855941e+02,7.616835365760705372e+02,2.164132904144316427e+01,9.031117743239153697e+02,2.540265017522719826e-01,1.799834002226500043e-02
