"","beta.1","beta.2","beta.3","beta.4","beta.5","beta.6","sigma2","delta"
"1",0.241695155949361,0.159777623795746,0.0951097053822674,0.157871365160438,0.144767575481104,1.9957348373346,0.0182606838938452,0.00042013098669856
