beta.1,beta.2,beta.3,beta.4,beta.5,beta.6,sigma2,delta
7.498942093324558300e+01,7.498942093324558300e+01,7.498942093324558300e+01,7.498942093324558300e+01,7.498942093324558300e+01,7.498942093324558300e+01,2.016804331021894089e-02,2.220446049250313081e-15
