"","beta.1","beta.2","beta.3","beta.4","beta.5","beta.6","sigma2","delta"
"1",-0.0121365153695433,0.0105219829182522,-0.0222349291906391,0.0139790226099714,-0.00442956297260461,-0.0253943221295282,0.0165043928390515,0
