"","beta.1","beta.2","beta.3","beta.4","beta.5","beta.6","sigma2","delta"
"1",3.32369814936986,3.71676537670781,3.32749200101297,3.6275188752416,3.71676537670781,3.20320138751208,0,0.0497965155176916
