"","beta.1","beta.2","beta.3","beta.4","beta.5","beta.6","beta.7","beta.8","beta.9","beta.10","beta.11","beta.12","beta.13","beta.14","beta.15","beta.16","beta.17","beta.18","beta.19","beta.20","beta.21","beta.22","beta.23","beta.24","beta.25","beta.26","beta.27","sigma2","delta"
"1",0.134069776915355,0.0480320048543627,0.165975487918709,-0.0982001696968191,-0.0852540294761343,0.107637340035858,-0.0402070510336142,-0.0499150381529721,-0.00512493095334104,0.305841015737275,-0.135474909080949,-0.106913851605323,-0.0632193215752362,-0.0773218543735571,-0.136191068604686,-0.0777705562021431,-0.0222503941811106,-0.0242805335940736,0.00765013523595526,0.182768256209009,-0.0573026623671886,-0.0960154514715352,0.0281896279505653,-0.0416171446593147,-0.0498516622816338,0.0440962792257869,0.068123143537177,0.0149317020095448,0
