"","beta.1","beta.2","beta.3","beta.4","beta.5","beta.6","sigma2","delta"
"1",10.9779420163122,44.3021315770192,9.41276484942097,22.1332264454126,17.3868013770882,5.4056759981653,0.0202093608211181,6.22885636718194e-07
