"","beta.1","beta.2","beta.3","beta.4","beta.5","beta.6","sigma2","delta"
"1",8.42071891538011,19.4264182166217,57.9174960645099,20.3913993690919,23.2366919767403,6.8786337605948e-07,0.0178912022788594,0.000794566808484373
