"","beta.1","beta.2","beta.3","beta.4","beta.5","beta.6","sigma2","delta"
"1",0.0305185447484943,-0.0439210182191402,0.0206863248526902,0.0157576491385084,-0.00510457237981342,-0.0114007490497978,0.0154910454250394,0
