"","beta.1","beta.2","beta.3","beta.4","beta.5","beta.6","sigma2","delta"
"1",0.271843951691017,0.177966801233566,0.104395846516014,0.175086639359219,0.162177026387529,1.9957348373346,0.0185853971414644,0
