beta.1,beta.2,beta.3,beta.4,beta.5,beta.6,sigma2,delta
1.675711700485896290e+04,3.204862938309095262e+04,4.514381643821679609e+04,3.542487998923382838e+04,3.534643068283228786e+04,1.983870279566883255e+04,2.060463640155823506e-01,1.658633764353031892e-02
