beta.1,beta.2,beta.3,beta.4,beta.5,beta.6,sigma2,delta
2.185673508186331826e-01,2.612341293053490054e-01,1.803887086467745593e-01,1.994929178042906814e-01,1.257848145519656069e-01,4.727356944899633318e-01,2.006864492057412741e-02,5.734776457403700442e-03
