beta.1,beta.2,beta.3,beta.4,beta.5,beta.6,sigma2,delta
7.358668159030098410e-01,7.815884357307057995e-01,1.463953707093871515e+00,1.123034165412997609e+00,1.864695026594995086e+00,5.906636358394897757e-01,2.571962605052706061e-02,2.220446049250313081e-15
