"","beta.1","beta.2","beta.3","beta.4","beta.5","beta.6","beta.7","beta.8","beta.9","beta.10","beta.11","beta.12","beta.13","beta.14","beta.15","beta.16","beta.17","beta.18","beta.19","beta.20","beta.21","beta.22","beta.23","beta.24","beta.25","beta.26","beta.27","sigma2","delta"
"1",-0.0887385788403664,0.174623222200378,-0.0471680993300079,-0.0731365643834738,0.0798395335964866,0.177673734942844,-0.135290668771629,0.0794267558663733,-0.111387787630889,-0.18411170558486,-0.0294398325264403,0.00326818600618573,0.0358833395507012,0.138220720653668,0.0709907687713142,-0.035548280079833,0.114360488783419,-0.0226052172485002,0.0451738993545144,-0.158793188402798,0.0904099530512067,0.104558946523335,-0.124449987282423,-0.0844061000543743,0.00357312577231036,-0.0124649514513434,-0.0296572218982311,0.0167586738835984,0
