"","beta.1","beta.2","beta.3","beta.4","beta.5","beta.6","sigma2","delta"
"1",2.25165855823203,54.1565324101875,6.63570607197018,9.32339973327343,1341.20563661729,4.75929223463521e-05,0.0183255541279283,0
