beta.1,beta.2,beta.3,beta.4,beta.5,beta.6,sigma2,delta
1.126287251642334741e+04,2.198680833374144640e+03,9.929646762951313576e+03,1.231090178855755039e+04,1.265946094780909152e+04,1.113257462972102621e+04,2.059721200765596283e-01,1.658661591441213182e-02
