"","beta.1","beta.2","beta.3","beta.4","beta.5","beta.6","sigma2","delta"
"1",11.2901833001744,9.33618641580309,18.6141440783585,13.8243752715443,32.9242220261748,3.22951436048819,0.0258437109462569,0
