"","beta.1","beta.2","beta.3","beta.4","beta.5","beta.6","sigma2","delta"
"1",3.7439344126272,2.62713493270351,3.03796795247556,3.92499769944011,2.80574188102361,3.90115556758059,0,0.0469674641776325
