"","beta.1","beta.2","beta.3","beta.4","beta.5","beta.6","sigma2","delta"
"1",0.734681799418464,1e-10,0.809079457924215,1.46308809217266,1e-10,1e-10,0,0.0165313351859762
