"","beta.1","beta.2","beta.3","beta.4","beta.5","beta.6","sigma2","delta"
"1",4.0915146307852,3.53148493625474,4.00552136672861,3.04365567683519,3.90408261750993,3.20290593808055,0,0.0489347335995998
