beta.1,beta.2,beta.3,beta.4,beta.5,beta.6,sigma2,delta
6.468015760067896736e+03,4.158744800844599013e+03,6.388878512939818393e+03,6.974091708779184955e+03,1.736283320711886802e+01,5.926731912535880838e+03,2.583469352334319402e-01,1.800457259841984139e-02
