"","beta.1","beta.2","beta.3","beta.4","beta.5","beta.6","sigma2","delta"
"1",0.00516431874668201,0.033071785316954,0.00384288807654107,-0.0238183386409369,-0.0436716134363152,0.0049284210687365,0.0178658643582274,0
