"","beta.1","beta.2","beta.3","beta.4","beta.5","beta.6","sigma2","delta"
"1",3.07936340525582,2.34627718603077,2.86391044405977,3.71676537670781,3.43728053826726,3.60795213934659,0,0.0595706936360876
