"","beta.1","beta.2","beta.3","beta.4","beta.5","beta.6","sigma2","delta"
"1",0.728799332214897,1e-10,0.678580506230443,1.45349370865589,0.0404436819190039,1e-10,0,0.0165313351859762
