"","beta.1","beta.2","beta.3","beta.4","beta.5","beta.6","sigma2","delta"
"1",10.992118621201,44.2903564031322,9.41072349039337,22.1322231154868,17.3230712166315,5.41896831290185,0.0202098843041537,0
