"","beta.1","beta.2","beta.3","beta.4","beta.5","beta.6","sigma2","delta"
"1",2.80912456874671,81.4337610275083,71.8821638606728,9.22292956178995,408.276316455361,0.00191333696751963,0.018087783786622,2.16630277251892e-07
