"","beta.1","beta.2","beta.3","beta.4","beta.5","beta.6","sigma2","delta"
"1",0.291591101890263,0.196877007047097,0.112546422393302,0.188806105196037,0.176258158578199,1.9957348373346,0.0185609733693545,1.85609736482287e-10
