"","beta.1","beta.2","beta.3","beta.4","beta.5","beta.6","sigma2","delta"
"1",8.76612040067523,21.3521000987469,59.873887088766,20.9489513367514,23.7908375302447,0.000122289856539004,0.0186827977713234,0
