"","beta.1","beta.2","beta.3","beta.4","beta.5","beta.6","sigma2","delta"
"1",21.27487001291,17.1209317695111,111.148967304952,18.8226771829209,7.58790971693968,4.43560710295296,0.020170625752796,0
