"","beta.1","beta.2","beta.3","beta.4","beta.5","beta.6","sigma2","delta"
"1",7.62908635688385,0.0845031182143548,0.129320724189674,8.85904374574346,0.717447683867278,0.0267586467939754,0,"1e-06"
