"","beta.1","beta.2","beta.3","beta.4","beta.5","beta.6","sigma2","delta"
"1",3.74466976211483,3.74636420322294,3.02123704961707,2.23875729525426,2.99730320726963,2.40727440805124,0,0.0534430547252173
