"","beta.1","beta.2","beta.3","beta.4","beta.5","beta.6","sigma2","delta"
"1",1.99677214944115,2.70525022600504,2.72323132033871,3.70025966995322,3.81522116757021,2.87816903297835,0,0.051218150965711
