"","beta.1","beta.2","beta.3","beta.4","beta.5","beta.6","sigma2","delta"
"1",-0.0444673410385256,-0.0457245600551215,-0.00888560543878327,0.0517337749830627,0.0109203660581882,-0.0466864734126925,0.0157628933291243,0
