"","beta.1","beta.2","beta.3","beta.4","beta.5","beta.6","sigma2","delta"
"1",0.181938648572381,0.467853559079227,0.0891383549442956,0.315421174234417,0.374534159682253,0.400138092291281,0,"1e-06"
