beta.1,beta.2,beta.3,beta.4,beta.5,beta.6,sigma2,delta,mu
0.77111,2.181,8.7241,1.2968,0.77111,0.27263,0.019535,0,-0.023787
