beta.1,beta.2,beta.3,beta.4,beta.5,beta.6,sigma2,delta
2.785547918810917789e-01,8.784513803699962875e-02,7.667086885382407013e-02,1.431405338921107051e-01,4.600503491564439940e-01,4.553016301918468844e-01,1.973912651514438468e-02,2.091441152179050078e-09
