"","beta.1","beta.2","beta.3","beta.4","beta.5","beta.6","beta.7","beta.8","beta.9","beta.10","beta.11","beta.12","beta.13","beta.14","beta.15","beta.16","beta.17","beta.18","beta.19","beta.20","beta.21","beta.22","beta.23","beta.24","beta.25","beta.26","beta.27","sigma2","delta"
"1",0.0253393664006162,0.133780080589077,0.356879935511273,-0.0351879846620866,-0.0920006708712692,0.0116384671793411,0.177345089278536,-0.263130424255342,-0.0330797740440465,-0.0417340071251617,-0.0750184786382794,0.0330346730949145,-0.0351151741759359,-0.0482105076459333,-0.133337252040209,-0.194061992606831,0.0861170543593738,0.180703682451442,0.0188693480805949,-0.0124427750694911,0.0957547096959775,-0.0344342538672954,-0.255325210704318,0.00617544095079737,0.151930890440544,0.00454747586375252,-0.0263167405376858,0.0222663759694122,0
