"","beta.1","beta.2","beta.3","beta.4","beta.5","beta.6","sigma2","delta"
"1",0.0657017951907397,1.99624534772243,1.99742531599011,0.0732195750510938,0.0501674128576698,0.429899883416551,0.0128603973101813,0.00279643135394639
