"","beta.1","beta.2","beta.3","beta.4","beta.5","beta.6","sigma2","delta"
"1",0.0806510182661753,0.0381140999070082,0.0093145098753474,-0.0365533903732225,-0.0947587543058694,0.00598942509309449,0.024240965960875,0
