beta.1,beta.2,beta.3,beta.4,beta.5,beta.6,sigma2,delta,mu
0.4585,0.64842,0.77111,1.2968,8.7241,1.5422,0.015694,0,-0.024482
