beta.1,beta.2,beta.3,beta.4,beta.5,beta.6,sigma2,delta
1.530631580191134056e+01,5.094316220435064935e+00,1.536409028332732851e+04,9.967738652679348888e+03,1.095101872803585863e+01,1.221218276862116727e+04,1.585473328162466111e-01,1.790557476775702511e-02
