"","beta.1","beta.2","beta.3","beta.4","beta.5","beta.6","beta.7","beta.8","beta.9","beta.10","beta.11","beta.12","beta.13","beta.14","beta.15","beta.16","beta.17","beta.18","beta.19","beta.20","beta.21","beta.22","beta.23","beta.24","beta.25","beta.26","beta.27","sigma2","delta"
"1",0.0410441096135199,-0.0501630198912619,0.295482608357346,0.0136075667159128,-0.203176223533792,0.0992839925112871,0.119969675618832,-0.0895046324215421,-0.0261181973470103,-0.0554448510053243,0.0880601865985089,0.0356067731860276,-0.110355337237998,0.0513165183129003,0.0414688136615955,-0.0329078227570085,-0.0970400070027073,-0.0381259973246246,-0.0451558309832249,0.0439324908827687,0.0999757152189532,-0.209909419439164,-0.04181315645013,-0.0718267579977206,0.0666761100362652,0.0327203569734538,-0.0109684560302492,0.0155163781159572,0
