"","beta.1","beta.2","beta.3","beta.4","beta.5","beta.6","beta.7","beta.8","beta.9","beta.10","beta.11","beta.12","beta.13","beta.14","beta.15","beta.16","beta.17","beta.18","beta.19","beta.20","beta.21","beta.22","beta.23","beta.24","beta.25","beta.26","beta.27","sigma2","delta"
"1",-0.0795883860143288,0.139908580981974,-0.0492873248836554,-0.108942038390012,-0.0100079473385323,0.102058942417053,-0.0589668037067697,0.135110550083656,-0.0914836250106478,-0.346856139985396,0.0730182054713064,0.0184022756723766,0.113923531668074,0.201949127362187,0.0447896254443061,-0.128140046104355,0.209725934420309,-0.131070599246943,0.0450131579775359,-0.0524465423571761,0.118801805930748,0.0470488261791001,-0.0686219647944117,-0.0743630591194163,-0.0304737390723717,-0.0306988324924966,-0.0568961640968535,0.0181080651851594,0
