"","beta.1","beta.2","beta.3","beta.4","beta.5","beta.6","sigma2","delta"
"1",1.48151115302956,6.11149905705624,5.43506678125787,30.0661272308183,132.995594188439,15.5524206412499,0.0158268839243037,0
