"","beta.1","beta.2","beta.3","beta.4","beta.5","beta.6","sigma2","delta"
"1",-0.0333622259485617,-0.021312685097072,-4.83941909224067e-05,0.0793196619937685,-0.00460803608611898,-0.0182871235325633,0.0174398081447156,0
