beta.1,beta.2,beta.3,beta.4,beta.5,beta.6,sigma2,delta,mu
0.5946,3.8304,5.1874,9.9349,9.5137,3.8304,0.017941,0,-0.0007474
