"","beta.1","beta.2","beta.3","beta.4","beta.5","beta.6","sigma2","delta"
"1",48.932016266118,15.9788758742547,2.06272137643922e-06,16.6262083947444,56.8364887020924,100.315831435357,0.0187734768358669,0
