"","beta.1","beta.2","beta.3","beta.4","beta.5","beta.6","sigma2","delta"
"1",0.224602501508228,0.388833180605918,0.0326285110395341,0.526119288394842,0.756203889574968,0.582136915999554,0,"1e-06"
