"","beta.1","beta.2","beta.3","beta.4","beta.5","beta.6","sigma2","delta"
"1",1.55118019874005,6.4735093971833,5.71473550576265,33.1853682394572,149.87353720434,16.9207087454483,0.0158406981535589,1.10266964063736e-06
