"","beta.1","beta.2","beta.3","beta.4","beta.5","beta.6","sigma2","delta"
"1",8.16010173543792,7.22024811709522,5.37064093420309,14.0623556386731,1165.50627610437,4.43014003713455,0.0164044012181229,8.1184433252032e-07
