"","beta.1","beta.2","beta.3","beta.4","beta.5","beta.6","sigma2","delta"
"1",0.0489512949691601,-0.00951547015580278,-0.0114492710441145,0.0131468348989438,-0.0124820519796519,0.00325777383852855,0.0194904709557158,0
