"","beta.1","beta.2","beta.3","beta.4","beta.5","beta.6","sigma2","delta"
"1",42.5357071541586,0.879922137303906,4.32416190562451,0.252599542528746,22.7401027197571,1326.21067024996,0.0201150069657358,2.22406616761464e-16
