beta.1,beta.2,beta.3,beta.4,beta.5,beta.6,sigma2,delta
5.362951954718310787e+01,9.472453892311902379e+00,6.686445552321975683e+00,6.299649781516539759e-01,4.382294527580314458e+00,3.708821547896468673e-01,1.955613173769370911e-02,2.220446049250313081e-15
