"","beta.1","beta.2","beta.3","beta.4","beta.5","beta.6","sigma2","delta"
"1",1.57224553429819,6.45567768005659,5.67206497936367,34.2539986787861,146.058463613431,17.2135110830589,0.0158329510523711,0
