"","beta.1","beta.2","beta.3","beta.4","beta.5","beta.6","sigma2","delta"
"1",0.0671860692232626,1.99624534772243,1.99742531599011,0.0620967658378168,0.0561111682397191,0.50341900292497,0.0105393357979135,0.00512812772598209
