"","beta.1","beta.2","beta.3","beta.4","beta.5","beta.6","sigma2","delta"
"1",1.44974676913516,1.72925205097654,1.64798745842931,1e-10,1e-10,1.02654406483901,0,0.0164006324754606
