"","beta.1","beta.2","beta.3","beta.4","beta.5","beta.6","sigma2","delta"
"1",0.641180014195901,0.0369522830359479,0.586623785490112,0.294413111330584,0.292635337537327,0.413759157354778,0,"1e-06"
