"","beta.1","beta.2","beta.3","beta.4","beta.5","beta.6","sigma2","delta"
"1",3.60822371880513,2.45016699540966,3.49827687692824,1.93780837394282,3.74636420322294,3.14928165444781,0,0.0489241981319999
