"","beta.1","beta.2","beta.3","beta.4","beta.5","beta.6","beta.7","beta.8","beta.9","beta.10","beta.11","beta.12","beta.13","beta.14","beta.15","beta.16","beta.17","beta.18","beta.19","beta.20","beta.21","beta.22","beta.23","beta.24","beta.25","beta.26","beta.27","sigma2","delta"
"1",0.0570867576989806,0.068379754300433,0.29703766097112,-0.0152579397003747,-0.198852311774412,-0.0455889980839451,0.0853809812872512,-0.141171809276484,0.011066109981588,-0.174116596661879,-0.00304671542838689,0.0815983031834262,0.00520925244922688,0.0369401331255943,-0.135326022130412,-0.189470561758591,0.135020150324378,0.127775627989488,0.0394201751274649,0.010361311579982,-0.114557665125864,-0.0255024539708362,-0.101439006701116,0.0275634954982885,0.0845236922917543,-0.00443472313024687,0.116433822576916,0.0167133308795728,0
