"","beta.1","beta.2","beta.3","beta.4","beta.5","beta.6","sigma2","delta"
"1",1.55238520884181,6.47347529194834,5.71817135706488,33.2047076257856,149.9600921977,16.9080626555518,0.0158412047083291,0
