"","beta.1","beta.2","beta.3","beta.4","beta.5","beta.6","sigma2","delta"
"1",112.960159448851,3.5063585250418,11.6364624878361,0.180107989806606,10.9634089250733,477.37243698351,0.0164341481464879,1.40936611700312e-10
