"","beta.1","beta.2","beta.3","beta.4","beta.5","beta.6","sigma2","delta"
"1",42.8688161511992,15.0296651850516,6.03118781415516e-07,15.5851837901299,51.2710964486639,87.5578427113322,0.01876984865259,0
