"","beta.1","beta.2","beta.3","beta.4","beta.5","beta.6","sigma2","delta"
"1",72244.559992412,72244.559992412,72244.559992412,72244.559992412,72244.559992412,72244.559992412,0.0164006324754606,0
