beta.1,beta.2,beta.3,beta.4,beta.5,beta.6,sigma2,delta
9.032422352542072375e+00,1.496229048828746677e+01,3.900762853161459276e+01,1.158416649839479007e+01,7.631083751734960970e+03,7.238885526994800784e+03,1.511494793416868561e+02,5.562684646268136855e-309
