"","beta.1","beta.2","beta.3","beta.4","beta.5","beta.6","sigma2","delta"
"1",1.96204895377599,5.30161123399847,22.743927372754,6.18738337664627,36,36,0,"1e-06"
