"","beta.1","beta.2","beta.3","beta.4","beta.5","beta.6","sigma2","delta"
"1",1.46647982316333,1.89784562251719,1.98333333333333,1.98333333333333,1.98333333333333,1.98333333333333,0.0192673397808722,1.92673400703594e-10
