beta.1,beta.2,beta.3,beta.4,beta.5,beta.6,sigma2,delta
3.816441908929407134e+01,5.532638009405864210e+01,1.038295129176089091e+02,6.430494521446755130e+01,3.041920552628512451e+04,8.862989488475512189e+03,1.155436876380468192e+02,4.559327991322620785e-140
