"","beta.1","beta.2","beta.3","beta.4","beta.5","beta.6","sigma2","delta"
"1",1.54247887247629,1.87468022359345,1.98333333333333,1.98333333333333,1.98333333333333,1.98333333333333,0.0214882121572,2.14882124800553e-10
