"","beta.1","beta.2","beta.3","beta.4","beta.5","beta.6","sigma2","delta"
"1",0.349725945071411,0.124932233580685,0.0159575253634821,0.167980238884351,6.59453946704669e-05,0.000931074353683223,2.32727080307175,0
