"","beta.1","beta.2","beta.3","beta.4","beta.5","beta.6","sigma2","delta"
"1",1.42596160201201,2.57249036120622,3.25541666666667,3.25541666666667,3.25541666666667,3.25541666666667,0,1.21986097332974e-05
