"","beta.1","beta.2","beta.3","beta.4","beta.5","beta.6","beta.7","beta.8","beta.9","beta.10","beta.11","beta.12","beta.13","beta.14","beta.15","beta.16","beta.17","beta.18","beta.19","beta.20","beta.21","beta.22","beta.23","beta.24","beta.25","beta.26","beta.27","sigma2","delta"
"1",-0.839173747683859,0.380507698583814,0.775762661552431,-0.163678940698926,-0.175546456425602,0.270398305967796,-0.00144478360775521,0.008751721701876,0.0186565389246282,-0.0656059082457811,-0.0132601424704087,0.000102942702806064,-0.165927486349492,0.0621392110702086,0.0152202593486103,-0.00528847998256687,-0.00982702692360436,0.00903752442866257,-0.00616989493455926,-0.0115114269908645,0.0197728059540393,-0.00659396401841965,-0.0126001229648159,-0.00227152578692325,-0.015151100484765,0.00397279728027719,-0.00673541591127729,3.78370057801046e-05,0
