"","beta.1","beta.2","beta.3","beta.4","beta.5","beta.6","sigma2","delta"
"1",0.152208920565595,0.108507460773928,0.0607304812624972,0.0650430573514837,5.85107212320016e-08,3.12098005663199e-05,0.145416599341446,0
