beta.1,beta.2,beta.3,beta.4,beta.5,beta.6,sigma2,delta
4.534292629872406621e+01,6.846552969180780224e+01,1.352924170087824791e+02,8.149975191617049575e+01,8.138051945437205024e+06,9.247212190262165677e+03,1.671735411443522992e+02,5.562684646268136855e-309
