beta.1,beta.2,beta.3,beta.4,beta.5,beta.6,sigma2,delta
9.672172739424775401e+00,1.552266295250541539e+01,3.760152708120611464e+01,1.434781590166173793e+01,1.152566367458810419e+04,9.294245863764645037e+03,1.572922269195805427e+02,5.562684646268136855e-309
