"","beta.1","beta.2","beta.3","beta.4","beta.5","beta.6","sigma2","delta"
"1",0.374583189996535,0.142401843852317,0.0286988719585119,0.154774472266342,1.04086336886583e-07,0.000786400589392841,2.09064312499893,0
