"","beta.1","beta.2","beta.3","beta.4","beta.5","beta.6","sigma2","delta"
"1",1.53800530366474,1.83762520338801,1.98333333333333,1.98333333333333,1.98333333333333,1.98333333333333,0.0235428784287084,2.35428787824344e-10
