"","beta.1","beta.2","beta.3","beta.4","beta.5","beta.6","sigma2","delta"
"1",1.48758995894852,1.91549028418665,1.98333333333333,1.98333333333333,1.98333333333333,1.98333333333333,0.0425710036620965,0
