beta.1,beta.2,beta.3,beta.4,beta.5,beta.6,sigma2,delta,mu
0.068157,0.020263,0.024097,0.014328,0.0001,0.00011194,0.25958,0,1.3475
