"","beta.1","beta.2","beta.3","beta.4","beta.5","beta.6","sigma2","delta"
"1",1.28974424236482,1.70191162598543,1.81152060932774,1.98333333333333,1.98333333333333,1.98333333333333,0.0494988148552151,4.94988155989229e-10
