"","beta.1","beta.2","beta.3","beta.4","beta.5","beta.6","sigma2","delta"
"1",-0.500855508591568,0.455598470551458,0.193005058116328,-0.0917841475286622,-0.0109785044267237,-0.0133053348580792,0.0011726174845656,0
