"","beta.1","beta.2","beta.3","beta.4","beta.5","beta.6","sigma2","delta"
"1",1.45630338372797,1.88295677837795,1.98333333333333,1.98333333333333,1.98333333333333,1.98333333333333,0.047791791974363,4.77917926924232e-10
