"","beta.1","beta.2","beta.3","beta.4","beta.5","beta.6","sigma2","delta"
"1",0.483556021478517,0.0928107947625694,0.0332547658277135,0.149244175797502,3.21736608870614e-08,0.000929028572846848,2.86644050265256,0
