"","beta.1","beta.2","beta.3","beta.4","beta.5","beta.6","sigma2","delta"
"1",1.33671558429681,3.03270833333333,3.03270833333333,3.03270833333333,3.03270833333333,3.03270833333333,0,1.18701423159259e-05
