"","beta.1","beta.2","beta.3","beta.4","beta.5","beta.6","sigma2","delta"
"1",1.04022725060484,1.56880583440764,1.98333333333333,1.98333333333333,1.98333333333333,1.98333333333333,0.178314153872936,0
