"","beta.1","beta.2","beta.3","beta.4","beta.5","beta.6","sigma2","delta"
"1",1.48757040807026,1.91544611792678,1.98333333333333,1.98333333333333,1.98333333333333,1.98333333333333,0.0425693616270841,4.25693622666785e-10
