beta.1,beta.2,beta.3,beta.4,beta.5,beta.6,sigma2,delta
7.737624487277493301e+00,1.389269706400657078e+01,2.954962235338688359e+01,1.144639749436808884e+01,2.037892114451368252e+04,6.902602932643884515e+02,7.151927474520928740e+01,5.562684646268136855e-309
