"","beta.1","beta.2","beta.3","beta.4","beta.5","beta.6","sigma2","delta"
"1",-0.588746596295673,0.531411682656659,0.238294174578809,-0.127094343051537,0.00959954747596982,-0.00532552560318052,0.00138720864651903,0
