"","beta.1","beta.2","beta.3","beta.4","beta.5","beta.6","sigma2","delta"
"1",0.914565322467214,1.42362654543533,1.98333333333333,1.71347657080381,1.98333333333333,1.98333333333333,0.18413400981914,0
