"","beta.1","beta.2","beta.3","beta.4","beta.5","beta.6","sigma2","delta"
"1",-0.534439733550455,0.497160207847796,0.215061070806847,-0.109622611057202,-0.00910806744239348,-0.0136445057544894,0.00128405628932071,0
