beta.1,beta.2,beta.3,beta.4,beta.5,beta.6,sigma2,delta,mu
0.034078,0.0092907,0.0025329,0.011049,0.00015831,0.00069053,1.2162,0,0.1031
