beta.1,beta.2,beta.3,beta.4,beta.5,beta.6,sigma2,delta
1.642995490193693175e+00,2.805628715639234994e+00,7.816421532340305234e+00,2.922286284276864876e+00,6.609327143572063651e+05,3.422418606457295027e+02,6.907607501595140143e+00,1.897922744905701935e-07
