"","beta.1","beta.2","beta.3","beta.4","beta.5","beta.6","sigma2","delta"
"1",0.151294927523601,0.124262659595227,0.0642227536505368,0.0674162929188192,1e-10,2.57584381987429e-05,0.123862472776945,0
