"","beta.1","beta.2","beta.3","beta.4","beta.5","beta.6","sigma2","delta"
"1",0.181314524902467,0.0600038520472205,0.00643576591074281,0.072785579374262,9.23857396834099e-11,0.000314231989037349,6.90208480288487,8.61484619406445e-08
