"","beta.1","beta.2","beta.3","beta.4","beta.5","beta.6","sigma2","delta"
"1",1.38835067014435,1.91595503937817,1.98333333333333,1.98333333333333,1.98333333333333,1.98333333333333,0.0369148847701353,0
