"","beta.1","beta.2","beta.3","beta.4","beta.5","beta.6","sigma2","delta"
"1",0.351357146797995,0.116156969189005,0.0187444468814449,0.108408150844966,1e-10,3.37701803036035e-06,1.59742603461235,2.24801990238741e-07
