"","beta.1","beta.2","beta.3","beta.4","beta.5","beta.6","sigma2","delta"
"1",0.787333848260684,1.1177213328953,1.70892313473908,1.91105628628533,1.72589802021288,1.87647250231828,0.0628489223746118,1.94833647958431e-07
