"","beta.1","beta.2","beta.3","beta.4","beta.5","beta.6","sigma2","delta"
"1",1.57847633888628,1.88174698886716,1.94557189938221,1.98333333333333,1.98333333333333,1.98333333333333,0.0508821590401053,5.08821598045975e-10
