"","beta.1","beta.2","beta.3","beta.4","beta.5","beta.6","sigma2","delta"
"1",0.71706789268007,1.2791512391192,1.87596138828494,1.80286143373533,1.69965888500693,1.32285579637716,0.0664093279058245,3.20114612876598e-07
