beta.1,beta.2,beta.3,beta.4,beta.5,beta.6,sigma2,delta
4.501959341980259666e+01,6.681777817978071710e+01,1.242553397142064000e+02,7.679008431084288588e+01,6.765145791113676503e+06,9.646964280936057548e+03,2.417392242296352265e+02,5.562684646268136855e-309
