"","beta.1","beta.2","beta.3","beta.4","beta.5","beta.6","sigma2","delta"
"1",1.54637029079231,1.8477994514921,1.98333333333333,1.98333333333333,1.98333333333333,1.98333333333333,0.0241117916542251,0
