"","beta.1","beta.2","beta.3","beta.4","beta.5","beta.6","sigma2","delta"
"1",2.34991543497786,6.85940137750958,36,7.00302431484674,36,36,0,"1e-06"
