"","beta.1","beta.2","beta.3","beta.4","beta.5","beta.6","sigma2","delta"
"1",1.5274671623401,1.86355317241287,1.98333333333333,1.98333333333333,1.98333333333333,1.98333333333333,0.0291189398893039,0
