"","beta.1","beta.2","beta.3","beta.4","beta.5","beta.6","sigma2","delta"
"1",1.52919744794008,1.85883145489156,1.98333333333333,1.98333333333333,1.98333333333333,1.98333333333333,0.0290979143413311,2.90979147785202e-10
