"","beta.1","beta.2","beta.3","beta.4","beta.5","beta.6","sigma2","delta"
"1",2.3744759635168,6.04339724590179,27.0351714793411,6.88186945496827,36,36,0,"1e-06"
