"","beta.1","beta.2","beta.3","beta.4","beta.5","beta.6","sigma2","delta"
"1",0.180373202687271,0.12717836595164,0.0707643395081548,0.0699166149870751,1e-10,2.30737296913565e-05,0.144096969018628,0
