"","beta.1","beta.2","beta.3","beta.4","beta.5","beta.6","sigma2","delta"
"1",-0.545944740838437,0.514308760475389,0.226805329720229,-0.0919484098002283,0.0107864105005631,0.00417472503137425,0.00152926225123422,0
