beta.1,beta.2,beta.3,beta.4,beta.5,beta.6,sigma2,delta
7.198746415810449051e+00,1.162829997643897961e+01,2.650473107829261465e+01,1.089808902275555802e+01,6.081314241872951243e+03,5.019266264287160084e+03,5.814365832365358955e+01,2.121439851901090661e-143
