"","beta.1","beta.2","beta.3","beta.4","beta.5","beta.6","sigma2","delta"
"1",1.38833411270245,1.91592762368115,1.98333333333333,1.98333333333333,1.98333333333333,1.98333333333333,0.0369137347661736,3.69137353207935e-10
