"","beta.1","beta.2","beta.3","beta.4","beta.5","beta.6","beta.7","beta.8","beta.9","beta.10","beta.11","beta.12","beta.13","beta.14","beta.15","beta.16","beta.17","beta.18","beta.19","beta.20","beta.21","beta.22","beta.23","beta.24","beta.25","beta.26","beta.27","sigma2","delta"
"1",-0.818348473953184,0.369876203053796,0.725252240907815,-0.171117931543479,-0.156406390953145,0.271518116403492,0.00152560249891297,-0.00407133811841808,0.00562242831803692,-0.111978932302188,0.00656753544088929,0.0129645243712315,-0.150287786504925,0.0738531147268312,-0.0157767945949447,-5.67487648117404e-05,-0.00809207721399487,0.0105606082925353,-0.00293386774722122,0.0111871383589057,-0.0104271286392955,-0.00200254030530619,0.00854277440277642,-0.00629910930618849,0.00129200082255751,0.00779328729468376,0.00293022692284219,3.88892302188872e-05,0
