"","beta.1","beta.2","beta.3","beta.4","beta.5","beta.6","sigma2","delta"
"1",0.517972655140732,0.12686783347279,0.022348508905629,0.112468062086528,3.66526219196892e-06,0.00580477944474797,1.19568550601784,0
