"","beta.1","beta.2","beta.3","beta.4","beta.5","beta.6","sigma2","delta"
"1",1.98244077645266,6.56697323413841,33.0030894024864,7.43096893826584,36,36,0,"1e-06"
