beta.1,beta.2,beta.3,beta.4,beta.5,beta.6,sigma2,delta,mu
0.068157,0.019829,0.0057689,0.0079836,0.0001,0.00026053,0.29253,0,1.3275
