"","beta.1","beta.2","beta.3","beta.4","beta.5","beta.6","sigma2","delta"
"1",1.27312448605722,2.73308432110563,3.58027777777778,3.58027777777778,3.58027777777778,3.58027777777778,0,5.75099814993552e-06
