"","beta.1","beta.2","beta.3","beta.4","beta.5","beta.6","sigma2","delta"
"1",0.169496035182491,0.056793911250904,0.00231276573490227,0.186928272117283,4.83079813840592e-07,0.000279896527107779,14.3866660400037,3.47082859249733e-08
