beta.1,beta.2,beta.3,beta.4,beta.5,beta.6,sigma2,delta
1.481646511787185316e+00,2.544655068221843841e+00,6.835947469777141627e+00,2.541320703611483101e+00,1.025401538854856859e+06,2.796804454619481106e+01,5.598567004913078904e+00,8.655452649188973837e-08
