beta.1,beta.2,beta.3,beta.4,beta.5,beta.6,sigma2,delta
1.000000000000000000e+00,1.000000000000000000e+00,1.000000000000000000e+00,1.000000000000000000e+00,1.000000000000000000e+00,1.000000000000000000e+00,-1.234000000000000000e+03,1.000000000000000036e-10
