"","beta.1","beta.2","beta.3","beta.4","beta.5","beta.6","sigma2","delta"
"1",1.49566400658675,2.72217089796905,3.90388888888889,3.90388888888889,3.90388888888889,3.90388888888889,0,1.86369841920053e-05
