"","beta.1","beta.2","beta.3","beta.4","beta.5","beta.6","beta.7","beta.8","beta.9","beta.10","beta.11","beta.12","beta.13","beta.14","beta.15","beta.16","beta.17","beta.18","beta.19","beta.20","beta.21","beta.22","beta.23","beta.24","beta.25","beta.26","beta.27","sigma2","delta"
"1",-0.776362795957273,0.354557947245438,0.691197094224173,-0.163909577920847,-0.153717849911501,0.264671187588474,-0.00399463264863518,-0.0116867587007125,0.00105005894955657,-0.0988415460906032,-0.00384882213318903,-0.00346637602551247,-0.133311891484569,0.0716615503380387,0.00685119031145839,0.017759767504742,-0.00206138453825418,0.00214283661221429,-0.0126338798624194,-0.00961091588647723,-0.0114321565368892,-0.00137705014347103,0.0141641181100145,-0.004635420609328,0.018060942643511,0.00232161975120803,-0.00454887339790382,2.8651451421976e-05,0
