"","beta.1","beta.2","beta.3","beta.4","beta.5","beta.6","sigma2","delta"
"1",0.858318833143162,1.17527705759197,1.87381177851708,1.84481469445777,1.98333333333333,1.93842556829383,0.0958453065108468,2.59571432491472e-07
