beta.1,beta.2,beta.3,beta.4,beta.5,beta.6,sigma2,delta
1.347040449427936881e+00,2.701233536155831061e+00,6.920672202445448562e+00,2.313257307202898794e+00,3.892251641704926897e+03,2.277668379560132337e+02,7.454921737149716066e+00,1.997698006313343237e-07
