"","beta.1","beta.2","beta.3","beta.4","beta.5","beta.6","sigma2","delta"
"1",1.45631491287095,1.88297837049425,1.98333333333333,1.98333333333333,1.98333333333333,1.98333333333333,0.0477932588551808,0
