beta.1,beta.2,beta.3,beta.4,beta.5,beta.6,sigma2,delta,mu
0.074325,0.028656,0.0078125,0.024097,0.00024414,0.00011194,0.14599,0,0.9109
