"","beta.1","beta.2","beta.3","beta.4","beta.5","beta.6","sigma2","delta"
"1",1.07901285079041,1.81612040524877,1.98333333333333,1.96651861987148,1.98333333333333,1.98333333333333,0.168270001649308,0
