"","beta.1","beta.2","beta.3","beta.4","beta.5","beta.6","sigma2","delta"
"1",1.54636656696416,1.84779081021178,1.98333333333333,1.98333333333333,1.98333333333333,1.98333333333333,0.024111670654177,2.4111671016449e-10
