"","beta.1","beta.2","beta.3","beta.4","beta.5","beta.6","sigma2","delta"
"1",-0.510954831917444,0.472082635074368,0.190750035660073,-0.0847817847861969,-0.00425227641019023,0.00204442639457653,0.00113515462713881,0
