beta.1,beta.2,beta.3,beta.4,beta.5,beta.6,sigma2,delta
4.094248164412158530e+01,6.334379239379153859e+01,1.081892173665984700e+02,7.549855660119148126e+01,6.129250055691744637e+04,7.994560524462244757e+03,1.674996246010149434e+02,5.562684646268136855e-309
