"","beta.1","beta.2","beta.3","beta.4","beta.5","beta.6","sigma2","delta"
"1",0.348109770868993,0.139030546576471,0.0276397308716406,0.115084049504397,1e-10,0.00133366781693118,0.855840684088874,2.23360174539029e-07
