beta.1,beta.2,beta.3,beta.4,beta.5,beta.6,sigma2,delta
1.260028989566026381e+00,2.313804735261589585e+00,6.933132055641365810e+00,1.877856950715952822e+00,3.148709113956151668e+03,3.376025859957240982e+01,4.537062711130804615e+00,5.562684646268136855e-309
