"","beta.1","beta.2","beta.3","beta.4","beta.5","beta.6","sigma2","delta"
"1",1.02202307507588,1.35384161620536,1.50088636174851,1.6347078733796,1.85348258705568,1.39961807412302,0.1436882695428,1.04742687408352e-06
