"","beta.1","beta.2","beta.3","beta.4","beta.5","beta.6","sigma2","delta"
"1",1.05281026272995,1.00551763330168,1.54502434706657,1.82946206778929,1.98333333333333,1.89949823391921,0.106385152540172,8.49457214766027e-08
