"","beta.1","beta.2","beta.3","beta.4","beta.5","beta.6","sigma2","delta"
"1",1.46264945101877,1.9602431767582,1.98333333333333,1.98333333333333,1.98333333333333,1.98333333333333,0.0631277270448097,0
