"","beta.1","beta.2","beta.3","beta.4","beta.5","beta.6","sigma2","delta"
"1",0.191784208157297,0.0757649986202722,0.00729286920131989,0.0760072348336899,1.63970601929321e-06,1.67395291991805e-05,10.6210051410055,2.45572709217247e-07
