"","beta.1","beta.2","beta.3","beta.4","beta.5","beta.6","sigma2","delta"
"1",0.878299022604971,2.69554648938058,2.80194444444444,2.80194444444444,2.80194444444444,2.80194444444444,0,3.56528550289143e-05
