beta.1,beta.2,beta.3,beta.4,beta.5,beta.6,sigma2,delta
4.129890173613785009e+01,6.109305161014994212e+01,1.172340240562657385e+02,6.994768791767918970e+01,1.244850778283312138e+04,1.250651102055034426e+04,1.544565119564109068e+02,4.498433939541261925e-73
