"","beta.1","beta.2","beta.3","beta.4","beta.5","beta.6","sigma2","delta"
"1",0.162957367178092,0.118286724222984,0.0602696496896645,0.0728293302190405,1.59748623162454e-06,2.31569998404534e-05,0.122568037844258,0
