"","beta.1","beta.2","beta.3","beta.4","beta.5","beta.6","sigma2","delta"
"1",0.296157167913353,0.106198155779443,0.0196039219535428,0.092579239051036,1e-10,7.60328125878639e-06,1.20491065863294,2.27590309705186e-07
