"","beta.1","beta.2","beta.3","beta.4","beta.5","beta.6","sigma2","delta"
"1",1.49592420739278,1.90444747603965,1.98333333333333,1.98333333333333,1.98333333333333,1.98333333333333,0.048971119085239,0
