"","beta.1","beta.2","beta.3","beta.4","beta.5","beta.6","sigma2","delta"
"1",2.42558137792531,7.10040566107898,27.6831435668498,6.41992867990229,36,36,0,"1e-06"
