beta.1,beta.2,beta.3,beta.4,beta.5,beta.6,sigma2,delta
7.099115826669523344e+00,1.329173995778672968e+01,2.864945085290387183e+01,1.187516765878965685e+01,5.845706475845378918e+03,5.156008151146532327e+03,5.242873936102581212e+01,5.562684646268136855e-309
