"","beta.1","beta.2","beta.3","beta.4","beta.5","beta.6","sigma2","delta"
"1",1.53800467417747,1.83763559683488,1.98333333333333,1.98333333333333,1.98333333333333,1.98333333333333,0.0235429694287346,0
