"","beta.1","beta.2","beta.3","beta.4","beta.5","beta.6","sigma2","delta"
"1",0.974275230285778,1.53308732416718,1.98333333333333,1.91902312876664,1.98333333333333,1.98333333333333,0.152862363532896,0
