"","beta.1","beta.2","beta.3","beta.4","beta.5","beta.6","sigma2","delta"
"1",1.54248904884577,1.87468781111251,1.98333333333333,1.98333333333333,1.98333333333333,1.98333333333333,0.0214883681748856,0
