"","beta.1","beta.2","beta.3","beta.4","beta.5","beta.6","sigma2","delta"
"1",0.401672322371249,0.220616829229206,0.0255445110339388,0.233519442380317,1.47395003324644e-07,0.00245627327366053,1.28153132006486,0
