"","beta.1","beta.2","beta.3","beta.4","beta.5","beta.6","sigma2","delta"
"1",0.295095260431878,0.106599178813203,0.0162616343990581,0.132009841216929,1e-10,1.53531500785331e-06,1.62567556177134,2.26272807029405e-07
