"","beta.1","beta.2","beta.3","beta.4","beta.5","beta.6","sigma2","delta"
"1",0.832197351911056,1.52115773485831,1.98333333333333,1.98333333333333,1.98333333333333,1.98333333333333,0.101796151357139,0
