"","beta.1","beta.2","beta.3","beta.4","beta.5","beta.6","sigma2","delta"
"1",0.217892368945378,0.082958466801093,0.0116961910437804,0.074351936580719,1.64339333865812e-09,0.000581420777878932,5.22032185498871,1.01729892301188e-07
