"","beta.1","beta.2","beta.3","beta.4","beta.5","beta.6","sigma2","delta"
"1",0.362611187543947,0.110070251243629,0.0211772315932711,0.110754403646287,8.79840789164454e-08,2.40244123506179e-05,1.72168992362272,2.24377836427891e-07
