"","beta.1","beta.2","beta.3","beta.4","beta.5","beta.6","sigma2","delta"
"1",0.215137872719188,0.0677840156792963,0.00490309129542898,0.182207671602268,1.9174263142196e-22,2.88488235825915e-07,6.22209363678334,2.12663425663835e-07
