"","beta.1","beta.2","beta.3","beta.4","beta.5","beta.6","beta.7","beta.8","beta.9","beta.10","beta.11","beta.12","beta.13","beta.14","beta.15","beta.16","beta.17","beta.18","beta.19","beta.20","beta.21","beta.22","beta.23","beta.24","beta.25","beta.26","beta.27","sigma2","delta"
"1",-0.881946316225868,0.39586421099756,0.813966032284503,-0.196044374237402,-0.17744454248317,0.305751545952572,-0.0097337817145191,-0.0184645976031755,0.0127648027726839,-0.125371621188956,0.0171318315837302,-0.00462213863238077,-0.159005120185416,0.0854688736031878,0.0149046360326486,-0.00241818391442334,0.0101864981818693,-0.00595304220278347,-0.0146612054962912,0.000514564032822056,0.00341315421203716,-0.00384207533912866,-0.00132435624952738,0.00620757996481838,0.00791000699867358,-0.00352384680486748,-0.0108011883966936,5.11894698905322e-05,0
