"","beta.1","beta.2","beta.3","beta.4","beta.5","beta.6","sigma2","delta"
"1",0.153037572600267,0.100956928369134,0.052802263850207,0.0465855999635914,1e-10,1.60335064945798e-05,0.120260794871146,0
