"","beta.1","beta.2","beta.3","beta.4","beta.5","beta.6","beta.7","beta.8","beta.9","beta.10","beta.11","beta.12","beta.13","beta.14","beta.15","beta.16","beta.17","beta.18","beta.19","beta.20","beta.21","beta.22","beta.23","beta.24","beta.25","beta.26","beta.27","sigma2","delta"
"1",-0.786198452612212,0.348952923909378,0.706643347496487,-0.16505692365243,-0.151095595898869,0.26402220126921,-0.00259706053716451,0.00617921595539539,0.00184349011822109,-0.101984870653443,-0.0157684577439208,0.00511110324031501,-0.138299115275882,0.0774584580207472,-0.0192781373181725,0.0148320600490988,0.00825757446137342,0.0102687039420008,-0.00121777227159044,-0.00204227590008928,0.00608544065283344,0.00508772731316026,-0.0174848638309482,-0.0127798939165585,-0.00505314668940068,-0.00152366431742728,0.00657344031693647,3.71671329001792e-05,0
