beta.1,beta.2,beta.3,beta.4,beta.5,beta.6,sigma2,delta
1.437332880725326278e+00,2.484829988106223020e+00,9.966645189171973840e+00,1.687801211494223352e+00,3.174359024954174856e+03,3.168972364011563769e+01,7.367698804531313428e+00,5.562684646268136855e-309
