"","x","y","yp","yv","ysd"
"1",0.760110977843093,0.133625568865816,0.133625866907096,0,0
"2",0.334784099987398,0.071074008680321,0.0710970109848859,3.33829552027129e-08,0.000182710030383427
"3",0.330956181782919,0.0655951233818143,0.0655722747960681,0,0
"4",0.552764134015888,0.12240658436572,0.122406084699833,0,0
"5",0.106574823653015,-0.696350642646836,-0.696350460887516,0,0
"6",0.882537205897582,0.303649357353164,0.303649223503271,0,0
