"","x","y","yp","yv","ysd"
"1",0.866352660038198,-0.550072915232597,-0.158966406263496,0.169413304210698,0.411598474499964
"2",0.507367174567965,0.444747429118276,-0.0188346822691282,0.169413304210698,0.411598474499964
"3",0.416820388675357,0.449927084767403,0.016510694418343,0.169413304210698,0.411598474499964
"4",0.0231304769792284,-0.144783246612821,0.170189459377055,0.169413304210698,0.411598474499964
"5",0.682322451417955,-0.135165967676887,-0.0871293224682624,0.169413304210698,0.411598474499964
"6",0.258708959096111,-0.0646523843633748,0.0782302572054883,0.169413304210698,0.411598474499964
