x.1,y,yp,yv,ysd
0.76011,0.13363,0.13363,1.7021e-14,1.3046e-07
0.33478,0.071074,0.071074,1.7021e-14,1.3046e-07
0.33096,0.065595,0.065595,1.7021e-14,1.3046e-07
0.55276,0.12241,0.12241,1.7021e-14,1.3046e-07
0.10657,-0.69635,-0.69635,1.6489e-14,1.2841e-07
0.88254,0.30365,0.30365,1.7021e-14,1.3046e-07
