"","x","y","yp","yv","ysd"
"1",0.619603084710737,0.0630887760139673,0.0630898200365128,1.42319166985505e-06,0.00119297597203592
"2",0.498651015805081,0.602592550580378,0.602592093867746,1.42319509252538e-06,0.00119297740654439
"3",0.896672529905724,-0.397407449419622,-0.397405555165364,1.42319041093365e-06,0.00119297544439676
"4",0.129574203553299,-0.362493357194208,-0.362488100540569,1.42319387215771e-06,0.00119297689506449
"5",0.822450871850985,-0.278123720994742,-0.278125667462237,1.42318409886689e-06,0.00119297279887971
"6",0.20202375354711,0.372343201014226,0.372337981839579,1.42319253375875e-06,0.00119297633411512
