"","x","y","yp","yv","ysd"
"1",0.41964928767023,-0.408019280964905,-0.408018864541543,2.70544728457489e-07,0.000520139143362129
"2",0.27964165507971,0.10802308694192,0.108022980873639,2.70544723516482e-07,0.000520139138612432
"3",0.857871303218417,0.26316833816743,0.263168293455046,2.70544678326547e-07,0.000520139095172193
"4",0.783421007489475,0.389937410058498,0.389936988650497,2.70544676974904e-07,0.000520139093872883
"5",0.159665422475276,0.25695303573856,0.256952798417789,2.70544724988272e-07,0.000520139140027235
"6",0.638104176498018,-0.610062589941502,-0.6100619454206,2.70544728607671e-07,0.000520139143506496
