x,y,yp,yv,ysd
8.663526600381979970e-01,-5.500729152325970484e-01,-5.500728742931316750e-01,1.004093425913884371e-08,1.002044622715916975e-04
5.073671745679649847e-01,4.447474291182760275e-01,4.447474978717033123e-01,1.004091244325640982e-08,1.002043534146915732e-04
4.168203886753569787e-01,4.499270847674030072e-01,4.499269364890988721e-01,1.004091141630011204e-08,1.002043482903816477e-04
2.313047697922840026e-02,-1.447832466128209927e-01,-1.447832634709658173e-01,1.004093481425035602e-08,1.002044650414858341e-04
6.823224514179550004e-01,-1.351659676768869889e-01,-1.351659810359124858e-01,1.004093062315843806e-08,1.002044441287832207e-04
2.587089590961110241e-01,-6.465238436337479577e-02,-6.465229599960853335e-02,1.004093112275879914e-08,1.002044466216883950e-04
