"","x","y","yp","yv","ysd"
"1",0.254218861499491,-0.561190528014974,-0.561190528014974,5.55111512312578e-17,7.45058059692383e-09
"2",0.547030708325716,0.209660304834926,0.209660304834926,5.55111512312578e-16,2.35608045769362e-08
"3",0.916507532820106,0.179390807360569,0.17939080736057,0,0
"4",0.438970850508971,-0.286216712485014,-0.286216712485014,3.88578058618805e-16,1.97123833825036e-08
"5",0.00189994116468976,0.0195466563194676,0.0195466563194676,0,0
"6",0.767976093765659,0.438809471985026,0.438809471985027,2.77555756156289e-17,5.26835606386175e-09
