x,y,yp,yv,ysd
2.542188614994910223e-01,-5.611905280149740438e-01,-5.611905279588549345e-01,1.000000082740370870e-10,1.000000041370184609e-05
5.470307083257159864e-01,2.096603048349260090e-01,2.096603048139600023e-01,1.000000082740370870e-10,1.000000041370184609e-05
9.165075328201059968e-01,1.793908073605690046e-01,1.793908073426299099e-01,1.000000082740370870e-10,1.000000041370184609e-05
4.389708505089710000e-01,-2.862167124850140132e-01,-2.862167124563923526e-01,1.000000082740370870e-10,1.000000041370184609e-05
1.899941164689759919e-03,1.954665631946760074e-02,1.954665631751293514e-02,1.000000082740370870e-10,1.000000041370184609e-05
7.679760937656590070e-01,4.388094719850260117e-01,4.388094719411451128e-01,1.000000082740370870e-10,1.000000041370184609e-05
