x,y,yp,yv,ysd
4.196867623832080119e-01,9.972124213723350117e-01,9.972124212726136694e-01,1.000000082740370870e-10,1.000000041370184609e-05
2.655918047142529770e-01,1.000000000000000000e+00,9.999999998999999917e-01,1.000000082740370870e-10,1.000000041370184609e-05
9.904102828586469620e-01,0.000000000000000000e+00,1.768799263524119037e-32,1.000000082740370870e-10,1.000000041370184609e-05
7.713366059275960085e-01,1.661353507788370099e-01,1.661353507622234660e-01,1.000000082740370870e-10,1.000000041370184609e-05
9.773296932689849725e-02,1.245321142510510404e-01,1.245321142385978352e-01,1.000000082740370870e-10,1.000000041370184609e-05
5.457901603076610320e-01,4.895230094001201127e-01,4.895230093511678260e-01,1.000000082740370870e-10,1.000000041370184609e-05
