"","x","y","yp","yv","ysd"
"1",0.576267858540329,0.621928272393655,-1.21430643318376e-16,0.134148495769617,0.366262877957372
"2",0.256784591202935,-0.0707969165551328,-1.21430643318376e-16,0.134148495769617,0.366262877957372
"3",0.777613304982272,-0.378071727606345,-1.21430643318376e-16,0.134148495769617,0.366262877957372
"4",0.352116489588904,-0.0275531230060349,-1.21430643318376e-16,0.134148495769617,0.366262877957372
"5",0.869727861252613,-0.3224050322158,-1.21430643318376e-16,0.134148495769617,0.366262877957372
"6",0.131306057912298,0.176898526989657,-1.21430643318376e-16,0.134148495769617,0.366262877957372
