x.1,y,yp,yv,ysd
0.39792,0.32774,0.32774,6.4014e-16,2.5301e-08
0.14798,-0.55711,-0.55711,6.4014e-16,2.5301e-08
0.75915,0.15462,0.15462,6.4014e-16,2.5301e-08
0.64036,0.44289,0.44289,6.6015e-16,2.5693e-08
0.9817,-0.21392,-0.21392,6.4014e-16,2.5301e-08
0.28678,-0.15422,-0.15422,6.6015e-16,2.5693e-08
