x,y,yp,yv,ysd
6.700574556210389665e-02,8.853523495106510044e-01,8.853523494221158252e-01,1.000000082740370870e-10,1.000000041370184609e-05
4.961804702179509752e-01,0.000000000000000000e+00,8.291109486556007229e-18,1.000000082740370870e-10,1.000000041370184609e-05
7.263876684786130244e-01,2.399305591308079910e-01,2.399305591068149057e-01,1.000000082740370870e-10,1.000000041370184609e-05
5.819434240693229787e-01,2.015930244347720057e-01,2.015930244146127148e-01,1.000000082740370870e-10,1.000000041370184609e-05
9.832165928479900119e-01,1.000000000000000000e+00,9.999999998999999917e-01,1.000000082740370870e-10,1.000000041370184609e-05
1.701385390867170000e-01,4.738830798287376189e-01,4.738830797813494700e-01,9.999967520712969944e-11,9.999983760343298571e-06
