x,y,yp,yv,ysd
2.203578799574950065e-01,6.504635287943899558e-01,6.504634567172538073e-01,1.010096361550519012e-08,1.005035502631881607e-04
5.181785679111879928e-01,-3.495364712056099887e-01,-3.495364368691509238e-01,1.010095712070049607e-08,1.005035179518632397e-04
7.148770603040850435e-01,-2.927328720179789845e-01,-2.927328464779552775e-01,1.010096308814925343e-08,1.005035476396194400e-04
4.699094142609590019e-01,-2.078090824898030098e-01,-2.078090866873973375e-01,1.010095767581200838e-08,1.005035207135153528e-04
8.199461669816329734e-02,1.868218426143949951e-01,1.868218719158710184e-01,1.010096375428306820e-08,1.005035509536009755e-04
8.383760814710210507e-01,1.279305430460800017e-02,1.279303181994417837e-02,1.010096353223846328e-08,1.005035498489404772e-04
