"","x","y","yp","yv","ysd"
"1",0.166883620239484,-0.0774982262272224,-9.24959978401696e-18,0.118911573463336,0.344835574532757
"2",0.544076477255051,-0.181091853824933,-9.24959978401696e-18,0.118911573463336,0.344835574532757
"3",0.712755374494009,-0.0779877960744677,-9.24959978401696e-18,0.118911573463336,0.344835574532757
"4",0.0868511736237754,0.567631841375774,-9.24959978401696e-18,0.118911573463336,0.344835574532757
"5",0.870614820586828,-0.432368158624226,-9.24959978401696e-18,0.118911573463336,0.344835574532757
"6",0.401320791842106,0.201314193375075,-9.24959978401696e-18,0.118911573463336,0.344835574532757
