x,y,yp,yv,ysd
2.262354752359289900e-01,5.915243074192919753e-03,5.915231393263695875e-03,3.165813853366972919e-08,1.779273406019145983e-04
5.985761757086339729e-01,-2.850701183246109882e-01,-2.850700372078668887e-01,3.165813289928787922e-08,1.779273247685354213e-04
4.775752433730909852e-01,-5.036702531775989478e-01,-5.036701917847610233e-01,3.165813506422277724e-08,1.779273308522970353e-04
9.467539433389899894e-01,2.730073687212860034e-01,2.730073599727920186e-01,3.165813833938069988e-08,1.779273400559360256e-04
2.284442497572549899e-02,1.348801288433039945e-02,1.348801346773131557e-02,3.165813865856981946e-08,1.779273409529008197e-04
7.578248127053179850e-01,4.963297468224009967e-01,4.963296088514279614e-01,3.165813635485704337e-08,1.779273344791548284e-04
