x,y,yp,yv,ysd
6.700574556210389665e-02,4.185591806931560077e-01,4.185591806513000446e-01,1.000000082740370870e-10,1.000000041370184609e-05
4.961804702179509752e-01,-4.667931688174949967e-01,-4.667931687708156696e-01,1.000000082740370870e-10,1.000000041370184609e-05
7.263876684786130244e-01,-2.268626096866870057e-01,-2.268626096640007639e-01,1.000000082740370870e-10,1.000000041370184609e-05
5.819434240693229787e-01,-2.652001443827229910e-01,-2.652001443562029825e-01,1.000000082740370870e-10,1.000000041370184609e-05
9.832165928479900119e-01,5.332068311825050033e-01,5.332068311291843221e-01,1.000000082740370870e-10,1.000000041370184609e-05
1.701385390867170000e-01,7.089911011242630047e-03,7.089911010533638154e-03,1.000000082740370870e-10,1.000000041370184609e-05
