x,y,yp,yv,ysd
5.829498736808700343e-01,0.000000000000000000e+00,3.311561542834269587e-33,1.000000082740370870e-10,1.000000041370184609e-05
7.862697513774039582e-01,5.721230112509101406e-02,5.721230111936978502e-02,1.000000082740370870e-10,1.000000041370184609e-05
3.319843491384140144e-01,3.482299255484275213e-01,3.482299255136044880e-01,1.000000082740370870e-10,1.000000041370184609e-05
3.966725299057239917e-01,3.479340726988566224e-01,3.479340726640632320e-01,1.000000082740370870e-10,1.000000041370184609e-05
1.295742035532989889e-01,1.000000000000000000e+00,9.999999998999999917e-01,1.000000082740370870e-10,1.000000041370184609e-05
9.891175385176510515e-01,6.872988084964299915e-01,6.872988084277000809e-01,1.000000082740370870e-10,1.000000041370184609e-05
