x,y,yp,yv,ysd
2.329190061427650060e-01,6.771417049117109954e-01,6.771417050226382628e-01,9.998757377616131108e-11,9.999378669505486339e-06
7.612796380805469942e-01,3.815802168352849799e-01,3.815802167178281579e-01,9.999645556035829941e-11,9.999822776447505284e-06
5.712276860140259593e-01,0.000000000000000000e+00,1.055767029356502462e-09,9.997691563512488373e-11,9.998845715137567267e-06
4.730403018184010100e-01,2.509188382702239317e-01,2.509188374987729730e-01,9.999467920351891208e-11,9.999733956636991738e-06
9.496651005077489938e-01,1.000000000000000000e+00,9.999999997331308066e-01,9.998535333011203492e-11,9.999267639688020460e-06
1.597873566206539919e-01,7.390425403129219362e-01,7.390425401668689886e-01,9.996625749408849515e-11,9.998312732360820442e-06
