"","x","y","yp","yv","ysd"
"1",0.558849949312086,0.496618170473297,0.496618170473297,1.38777878078145e-17,3.72529029846191e-09
"2",0.112228847186392,-0.503381829526703,-0.503381829526703,0,0
"3",0.808594707671242,0.0878671811033461,0.087867181103346,1.38777878078145e-17,3.72529029846191e-09
"4",0.432559672355031,0.153374390327357,0.153374390327357,0,0
"5",0.89182098597909,-0.0675906486629105,-0.0675906486629105,4.16333634234434e-17,6.45239206987946e-09
"6",0.236603136989288,-0.166887263714386,-0.166887263714386,0,0
