x,y,yp,yv,ysd
1.753172203510380001e-01,8.559087136146922292e-01,8.559087148876471929e-01,9.993428307097927772e-11,9.996713613532163354e-06
3.773629445737849974e-01,1.000000000000000000e+00,9.999999994946753290e-01,9.992717764362168964e-11,9.996358219052660750e-06
7.331317884769910087e-01,0.000000000000000000e+00,3.906581724777424824e-10,9.998046834880369715e-11,9.999023369749852715e-06
9.726890239010880235e-01,7.617388572469353525e-01,7.617388569486238659e-01,9.999290284667949891e-11,9.999645136037553400e-06
1.441202043012410061e-01,8.301852879868562018e-01,8.301852869386694422e-01,9.988010418737759593e-11,9.994003411415147082e-06
6.025587361461169911e-01,2.379242081731727798e-01,2.379242082066754804e-01,1.000053373445553136e-10,1.000026686366695498e-05
