"","x","y","yp","yv","ysd"
"1",0.558849949312086,0.496618170473297,0.028284052309823,0.105797527329268,0.325265318362207
"2",0.112228847186392,-0.503381829526703,-0.21429995219618,0.105797527329268,0.325265318362207
"3",0.808594707671242,0.0878671811033461,0.163933898004077,0.105797527329268,0.325265318362207
"4",0.432559672355031,0.153374390327357,-0.0403110072800676,0.105797527329268,0.325265318362207
"5",0.89182098597909,-0.0675906486629105,0.209138577711233,0.105797527329268,0.325265318362207
"6",0.236603136989288,-0.166887263714386,-0.146745568548886,0.105797527329268,0.325265318362207
