x,y,yp,yv,ysd
7.601109778430930053e-01,1.336255688658160024e-01,1.336255688524534690e-01,1.000000082740370870e-10,1.000000041370184609e-05
3.347840999873979984e-01,7.107400868032100194e-02,7.107400867321360394e-02,1.000000082740370870e-10,1.000000041370184609e-05
3.309561817829190233e-01,6.559512338181429369e-02,6.559512337525479075e-02,1.000000082740370870e-10,1.000000041370184609e-05
5.527641340158879757e-01,1.224065843657199948e-01,1.224065843534793419e-01,1.000000082740370870e-10,1.000000041370184609e-05
1.065748236530150023e-01,-6.963506426468359933e-01,-6.963506425772010289e-01,1.000000082740370870e-10,1.000000041370184609e-05
8.825372058975820000e-01,3.036493573531640067e-01,3.036493573227990739e-01,1.000000082740370870e-10,1.000000041370184609e-05
