x,y,yp,yv,ysd
8.663526600381979970e-01,-5.500729152325970484e-01,-5.500729151775897163e-01,1.000000082740370870e-10,1.000000041370184609e-05
5.073671745679649847e-01,4.447474291182760275e-01,4.447474290738012703e-01,1.000000082740370870e-10,1.000000041370184609e-05
4.168203886753569787e-01,4.499270847674030072e-01,4.499270847224103309e-01,1.000000082740370870e-10,1.000000041370184609e-05
2.313047697922840026e-02,-1.447832466128209927e-01,-1.447832465983426853e-01,1.000000082740370870e-10,1.000000041370184609e-05
6.823224514179550004e-01,-1.351659676768869889e-01,-1.351659676633704121e-01,1.000000082740370870e-10,1.000000041370184609e-05
2.587089590961110241e-01,-6.465238436337479577e-02,-6.465238435690955077e-02,1.000000082740370870e-10,1.000000041370184609e-05
