"","x","y","yp","yv","ysd"
"1",0.266788329269427,0.32385312930875,0.187676367265157,0.0973785531894301,0.312055368788025
"2",0.710301234154031,-0.523799547832574,-0.102616928724925,0.0973785531894301,0.312055368788025
"3",0.607172375118049,-0.0669476945505217,-0.00990808577699118,0.0973785531894301,0.312055368788025
"4",0.421038917847909,0.476200452167426,0.118755223825722,0.0973785531894301,0.312055368788025
"5",0.980192794503334,-0.248547172522209,-0.41753362212625,0.0973785531894301,0.312055368788025
"6",0.101247344515286,0.0392408334291294,0.223627045537288,0.0973785531894301,0.312055368788025
