x,y,yp,yv,ysd
1.627330815730000102e-01,9.737171891778790764e-03,9.737171890805073129e-03,1.000000082740370870e-10,1.000000041370184609e-05
7.043042435155559833e-01,5.208024616400279694e-01,5.208024615879476293e-01,1.000000082740370870e-10,1.000000041370184609e-05
4.074682048521939826e-01,-4.791975383599719751e-01,-4.791975383120521959e-01,1.000000082740370870e-10,1.000000041370184609e-05
5.124965707849089558e-01,-1.626171365043060091e-01,-1.626171364880442949e-01,1.000000082740370870e-10,1.000000041370184609e-05
9.436497930825380465e-01,2.063540431575709988e-01,2.063540431369356165e-01,1.000000082740370870e-10,1.000000041370184609e-05
2.312582570981860097e-01,-9.507900182509969322e-02,-9.507900181559179875e-02,1.000000082740370870e-10,1.000000041370184609e-05
