x,y,yp,yv,ysd
6.700574556210389665e-02,4.185591806931560077e-01,3.384436327544423917e-01,3.018051421536977960e-02,1.737253988781426728e-01
4.961804702179509752e-01,-4.667931688174949967e-01,-3.989446901777703447e-01,2.943590807046973443e-02,1.715689601019652344e-01
7.263876684786130244e-01,-2.268626096866870057e-01,-1.847710776923269516e-01,3.074559763089373607e-02,1.753442261122211410e-01
5.819434240693229787e-01,-2.652001443827229910e-01,-3.039826975581205182e-01,2.834380787567193291e-02,1.683561934580130870e-01
9.832165928479900119e-01,5.332068311825050033e-01,4.645003405421458398e-01,3.159942719941304101e-02,1.777622772114855754e-01
1.701385390867170000e-01,7.089911011242630047e-03,5.300381387686275980e-02,3.012313081538172885e-02,1.735601648287467269e-01
