"","x","y","yp","yv","ysd"
"1",0.175317220351038,0.241615869111083,0.29127925690312,0.103615744235262,0.321893995338935
"2",0.377362944573785,0.385707155496391,-0.0946034749861369,0.103615744235262,0.321893995338935
"3",0.733131788476991,-0.61429284450361,-0.267405996688167,0.103615744235262,0.321893995338935
"4",0.972689023901088,0.147446012743326,-0.0196516296011595,0.103615744235262,0.321893995338935
"5",0.144120204301241,0.215892443483247,0.369439413799225,0.103615744235262,0.321893995338935
"6",0.602558736146117,-0.376368636330437,-0.279057569426882,0.103615744235262,0.321893995338935
