"","x","y","yp","yv","ysd"
"1",0.587573562981561,0.130448838155852,0.130448838155852,0,0
"2",0.173544606775977,0.202866461154839,0.202866461154839,0,0
"3",0.989814850618131,-0.367598496241561,-0.367598496241561,2.77555756156289e-17,5.26835606386175e-09
"4",0.344528090402794,-0.240922754737373,-0.240922754737373,0,0
"5",0.00495555837793897,0.632401503758439,0.632401503758439,0,0
"6",0.688548037704701,-0.357195552090197,-0.357195552090197,0,0
