"","x","y","yp","yv","ysd"
"1",0.220357879957495,0.65046352879439,1.61329283265843e-16,0.141844351847189,0.376622293348641
"2",0.518178567911188,-0.34953647120561,1.61329283265843e-16,0.141844351847189,0.376622293348641
"3",0.714877060304085,-0.292732872017979,1.61329283265843e-16,0.141844351847189,0.376622293348641
"4",0.469909414260959,-0.207809082489803,1.61329283265843e-16,0.141844351847189,0.376622293348641
"5",0.0819946166981633,0.186821842614395,1.61329283265843e-16,0.141844351847189,0.376622293348641
"6",0.838376081471021,0.012793054304608,1.61329283265843e-16,0.141844351847189,0.376622293348641
