"","x","y","yp","yv","ysd"
"1",0.397920957844083,0.327743903448201,0.203008908737053,0.011447112186517,0.106991178077994
"2",0.147978295261661,-0.557110124388178,-0.559076128585902,0.011447112186517,0.106991178077994
"3",0.759153758990578,0.154621146530605,0.287462361351529,0.011447112186517,0.106991178077994
"4",0.640363230874451,0.442889875611822,0.392350287455308,0.011447112186517,0.106991178077994
"5",0.981701185771575,-0.213922642856857,-0.258950459343279,0.011447112186517,0.106991178077994
"6",0.286783495064204,-0.154222158345592,-0.0647949696147112,0.011447112186517,0.106991178077994
