"","x","y","yp","yv","ysd"
"1",0.741240619836996,0.530490804695029,0.53048988289918,2.10317723690312e-07,0.000458604103438153
"2",0.160777825706949,-0.469509195304971,-0.469508750940993,2.10317901325383e-07,0.000458604297107412
"3",0.856864512160731,0.0728339641274011,0.0728344028875739,2.10317850632549e-07,0.000458604241838809
"4",0.462785418805045,-0.130796307767887,-0.130796232522754,2.10317890245811e-07,0.000458604285027748
"5",0.300621233220833,-0.282215417291886,-0.282215366601707,2.10317879411415e-07,0.000458604273215389
"6",0.632224325401088,0.279196151542315,0.279196362411174,2.10317801118889e-07,0.000458604187855812
