x,y,yp,yv,ysd
7.412406198369959620e-01,5.304908046950289613e-01,5.304908046419798406e-01,1.000000082740370870e-10,1.000000041370184609e-05
1.607778257069490124e-01,-4.695091953049709832e-01,-4.695091952580200956e-01,1.000000082740370870e-10,1.000000041370184609e-05
8.568645121607310067e-01,7.283396412740110459e-02,7.283396412011770849e-02,1.000000082740370870e-10,1.000000041370184609e-05
4.627854188050449791e-01,-1.307963077678870045e-01,-1.307963077548073560e-01,1.000000082740370870e-10,1.000000041370184609e-05
3.006212332208330062e-01,-2.822154172918859838e-01,-2.822154172636644476e-01,1.000000082740370870e-10,1.000000041370184609e-05
6.322243254010879721e-01,2.791961515423149742e-01,2.791961515143953076e-01,1.000000082740370870e-10,1.000000041370184609e-05
