x.1,y,yp,yv,ysd
0.58757,0.13045,0.13045,4.6118e-16,2.1475e-08
0.17354,0.20287,0.20287,4.6118e-16,2.1475e-08
0.98981,-0.3676,-0.3676,4.6118e-16,2.1475e-08
0.34453,-0.24092,-0.24092,4.6118e-16,2.1475e-08
0.0049556,0.6324,0.6324,4.6118e-16,2.1475e-08
0.68855,-0.3572,-0.3572,4.6118e-16,2.1475e-08
