"","x","y","yp","yv","ysd"
"1",0.166883620239484,-0.0774982262272224,-0.0774973533697215,1.11606521942253e-06,0.00105643987970094
"2",0.544076477255051,-0.181091853824933,-0.181089814199116,1.11606521942253e-06,0.00105643987970094
"3",0.712755374494009,-0.0779877960744677,-0.0779869177029733,1.11606521942253e-06,0.00105643987970094
"4",0.0868511736237754,0.567631841375774,0.567625448175121,1.11606521942253e-06,0.00105643987970094
"5",0.870614820586828,-0.432368158624226,-0.432363288889668,1.11606521942253e-06,0.00105643987970094
"6",0.401320791842106,0.201314193375075,0.201311925986358,1.11606521942253e-06,0.00105643987970094
