x,y,yp,yv,ysd
7.367991285864260442e-01,4.102078418241940083e-01,3.892394982431318096e-01,1.402047717884764150e-02,1.184080959176679049e-01
3.624854436299450033e-01,-4.000952556272560079e-01,-2.908376131880840987e-01,1.426997639344860375e-02,1.194570064644539936e-01
1.030209401700020039e-01,-3.912330640515450098e-01,-3.462255166391789984e-01,1.657827769418044467e-02,1.287566607759786652e-01
5.619259295441829671e-01,4.002772185611309930e-02,3.144637160620522565e-02,1.470517384468975758e-02,1.212648912286229536e-01
8.704102088231590040e-01,5.999047443727439921e-01,5.735286462329263202e-01,1.675785116709292005e-02,1.294521192066507564e-01
2.267254743880280088e-01,-2.588119883742510119e-01,-3.661523221679394702e-01,1.359222727336618225e-02,1.165857078434838906e-01
