x,y,yp,yv,ysd
2.542188614994910223e-01,-5.611905280149740438e-01,-5.611904927806437016e-01,1.023780997696887910e-08,1.011820635140877147e-04
5.470307083257159864e-01,2.096603048349260090e-01,2.096602397092499626e-01,1.023780797856743477e-08,1.011820536388120280e-04
9.165075328201059968e-01,1.793908073605690046e-01,1.793908188168168993e-01,1.023781003248003033e-08,1.011820637884009068e-04
4.389708505089710000e-01,-2.862167124850140132e-01,-2.862166512129579732e-01,1.023780767325610300e-08,1.011820521300892752e-04
1.899941164689759919e-03,1.954665631946760074e-02,1.954663685279384167e-02,1.023781061534711826e-08,1.011820666686894573e-04
7.679760937656590070e-01,4.388094719850260117e-01,4.388094459528766311e-01,1.023780950512409363e-08,1.011820611824254805e-04
