"","x","y","yp","yv","ysd"
"1",0.166883620239484,-0.0774982262272224,0.262179172391008,0.0573693737188081,0.239519046672301
"2",0.544076477255051,-0.181091853824933,-0.0709403468945657,0.0573693737188081,0.239519046672301
"3",0.712755374494009,-0.0779877960744677,-0.219909851795724,0.0573693737188081,0.239519046672301
"4",0.0868511736237754,0.567631841375774,0.332860177208586,0.0573693737188081,0.239519046672301
"5",0.870614820586828,-0.432368158624226,-0.359324111156835,0.0573693737188081,0.239519046672301
"6",0.401320791842106,0.201314193375075,0.0551349602475317,0.0573693737188081,0.239519046672301
