"","x","y","yp","yv","ysd"
"1",0.736799128586426,0.410207841824194,0.386093492850983,0.00421335915151527,0.0649103932472703
"2",0.362485443629945,-0.400095255627256,-0.287540366013812,0.00444179692471203,0.0666468073107184
"3",0.103020940170002,-0.391233064051545,-0.344156573438992,0.00680863030593118,0.0825144248354867
"4",0.561925929544183,0.0400277218561131,0.0327390664028758,0.00487390634820029,0.0698133679763431
"5",0.870410208823159,0.599904744372744,0.578785953868797,0.0069957801081651,0.0836407801742971
"6",0.226725474388028,-0.258811988374251,-0.365921573669856,0.00381062797925064,0.0617302841338887
