x,y,yp,yv,ysd
5.762678585403290255e-01,6.219282723936550017e-01,6.219282723314620842e-01,1.000000082740370870e-10,1.000000041370184609e-05
2.567845912029350086e-01,-7.079691655513280224e-02,-7.079691654805310430e-02,1.000000082740370870e-10,1.000000041370184609e-05
7.776133049822719912e-01,-3.780717276063449983e-01,-3.780717275685377965e-01,1.000000082740370870e-10,1.000000041370184609e-05
3.521164895889040136e-01,-2.755312300603490056e-02,-2.755312300327959069e-02,1.000000082740370870e-10,1.000000041370184609e-05
8.697278612526130326e-01,-3.224050322158000248e-01,-3.224050321835594812e-01,1.000000082740370870e-10,1.000000041370184609e-05
1.313060579122979910e-01,1.768985269896569956e-01,1.768985269719671460e-01,1.000000082740370870e-10,1.000000041370184609e-05
