x,y,yp,yv,ysd
2.542188614994910223e-01,0.000000000000000000e+00,1.703656105078721339e-10,1.000062255229749879e-10,1.000031127130425816e-05
5.470307083257159864e-01,7.708508328499000806e-01,7.708508322277072278e-01,1.000106664150735143e-10,1.000053330653288253e-05
9.165075328201059968e-01,7.405813353755430484e-01,7.405813354814381189e-01,1.000000082740370870e-10,1.000000041370184609e-05
4.389708505089710000e-01,2.749738155299600306e-01,2.749738160860140113e-01,1.000035609877158875e-10,1.000017804780074352e-05
1.899941164689759919e-03,5.807371843344416584e-01,5.807371841138447843e-01,1.000013405416666501e-10,1.000006702685870232e-05
7.679760937656590070e-01,1.000000000000000000e+00,9.999999999062367806e-01,1.000017846308765131e-10,1.000008923114571570e-05
