x,y,yp,yv,ysd
7.601109778430930053e-01,1.336255688658160024e-01,1.336256134297438836e-01,1.000030530507076597e-08,1.000015265137026117e-04
3.347840999873979984e-01,7.107400868032100194e-02,7.107479942964589625e-02,9.997572990696012229e-09,9.998786421709392788e-05
3.309561817829190233e-01,6.559512338181429369e-02,6.559427005766732544e-02,9.997582261058267849e-09,9.998791057452030258e-05
5.527641340158879757e-01,1.224065843657199948e-01,1.224065813831297644e-01,1.000030669284954675e-08,1.000015334524903451e-04
1.065748236530150023e-01,-6.963506426468359933e-01,-6.963505674875853924e-01,1.000030841369523492e-08,1.000015420565864862e-04
8.825372058975820000e-01,3.036493573531640067e-01,3.036493129689400439e-01,1.000030719244990783e-08,1.000015359504538239e-04
