x,y,yp,yv,ysd
1.668836202394839985e-01,3.548699323970035957e-01,3.548699323615166490e-01,1.000000082740370870e-10,1.000000041370184609e-05
5.440764772550510386e-01,2.512763047992929710e-01,2.512763047741652933e-01,1.000000082740370870e-10,1.000000041370184609e-05
7.127553744940090530e-01,3.543803625497582988e-01,3.543803625143203129e-01,1.000000082740370870e-10,1.000000041370184609e-05
8.685117362377539618e-02,1.000000000000000000e+00,9.999999998999999917e-01,1.000000082740370870e-10,1.000000041370184609e-05
8.706148205868280421e-01,0.000000000000000000e+00,0.000000000000000000e+00,1.000000082740370870e-10,1.000000041370184609e-05
4.013207918421060061e-01,6.336823519993010079e-01,6.336823519359328083e-01,1.000000082740370870e-10,1.000000041370184609e-05
