x.1,y,yp,yv,ysd
0.41363,-0.58312,-0.58312,4.6026e-16,2.1454e-08
0.055102,0.23641,0.23641,4.6026e-16,2.1454e-08
0.69294,0.095142,0.095142,4.6026e-16,2.1454e-08
0.58002,-0.38671,-0.38671,4.6026e-16,2.1454e-08
0.86729,0.2214,0.2214,4.6026e-16,2.1454e-08
0.28006,0.41688,0.41688,4.6026e-16,2.1454e-08
