"","x","y","yp","yv","ysd"
"1",0.266788329269427,0.32385312930875,0.322211484570445,0.00364029324052238,0.0603348426742159
"2",0.710301234154031,-0.523799547832574,-0.501950103212116,0.00361786236448345,0.0601486688504696
"3",0.607172375118049,-0.0669476945505217,-0.0825625983814803,0.00351129248321757,0.0592561598757257
"4",0.421038917847909,0.476200452167426,0.473674174545383,0.00360943676557456,0.0600785882455186
"5",0.980192794503334,-0.248547172522209,-0.251133053592194,0.00377595907574664,0.0614488329892981
"6",0.101247344515286,0.0392408334291294,0.0408610368043244,0.00374398257051299,0.0611880917377964
