x,y,yp,yv,ysd
7.601109778430930053e-01,1.336255688658160024e-01,1.336256316744794947e-01,1.000046980321578482e-08,1.000023489884901881e-04
3.347840999873979984e-01,7.107400868032100194e-02,7.107650309709256931e-02,9.992025446890485880e-09,9.996011928209412882e-05
3.309561817829190233e-01,6.559512338181429369e-02,6.559257206022117703e-02,9.992087508357562426e-09,9.996042971274964821e-05
5.527641340158879757e-01,1.224065843657199948e-01,1.224065550301440819e-01,1.000047030281614590e-08,1.000023514864332839e-04
1.065748236530150023e-01,-6.963506426468359933e-01,-6.963505581257821708e-01,1.000047468819709317e-08,1.000023734128200291e-04
8.825372058975820000e-01,3.036493573531640067e-01,3.036493050680404426e-01,1.000047335592946362e-08,1.000023667516397548e-04
