x,y,yp,yv,ysd
3.979209578440829898e-01,8.848540278363790090e-01,8.848540269542271020e-01,1.000017846308765131e-10,1.000008923114571570e-05
1.479782952616610081e-01,0.000000000000000000e+00,-4.708766709882183932e-11,1.000017846308765131e-10,1.000008923114571570e-05
7.591537589905780203e-01,7.117312709187829656e-01,7.117312712639307648e-01,1.000088900582340882e-10,1.000044449303300161e-05
6.403632308744510171e-01,1.000000000000000000e+00,9.999999997238049332e-01,9.997336292144608323e-11,9.998668057368745779e-06
9.817011857715749468e-01,3.431874815313209481e-01,3.431874815195286033e-01,1.000017846308765131e-10,1.000008923114571570e-05
2.867834950642039749e-01,4.028879660425859766e-01,4.028879668903293521e-01,1.000017846308765131e-10,1.000008923114571570e-05
