x,y,yp,yv,ysd
2.329190061427650060e-01,6.771417049117109954e-01,6.771417054123851642e-01,1.000231009129493032e-10,1.000115497894864642e-05
7.612796380805469942e-01,3.815802168352849799e-01,3.815802164997226242e-01,9.999956418482726277e-11,9.999978209217621415e-06
5.712276860140259593e-01,0.000000000000000000e+00,1.373745561750183697e-09,9.998757377616131108e-11,9.999378669505486339e-06
4.730403018184010100e-01,2.509188382702239317e-01,2.509188370878732144e-01,1.000124427719128887e-10,1.000062211924402669e-05
9.496651005077489938e-01,1.000000000000000000e+00,9.999999998732151951e-01,9.999734373877799953e-11,9.999867186056923094e-06
1.597873566206539919e-01,7.390425403129219362e-01,7.390425399414279894e-01,9.997336292144608323e-11,9.998668057368745779e-06
