"","x","y","yp","yv","ysd"
"1",0.760110977843093,0.133625568865816,-1.15648231731787e-16,0.123860109841562,0.351937650502987
"2",0.334784099987398,0.071074008680321,-1.15648231731787e-16,0.123860109841562,0.351937650502987
"3",0.330956181782919,0.0655951233818143,-1.15648231731787e-16,0.123860109841562,0.351937650502987
"4",0.552764134015888,0.12240658436572,-1.15648231731787e-16,0.123860109841562,0.351937650502987
"5",0.106574823653015,-0.696350642646836,-1.15648231731787e-16,0.123860109841562,0.351937650502987
"6",0.882537205897582,0.303649357353164,-1.15648231731787e-16,0.123860109841562,0.351937650502987
