"","x","y","yp","yv","ysd"
"1",0.587573562981561,0.130448838155852,-1.71163900472097e-16,0.155772890603191,0.394680745163976
"2",0.173544606775977,0.202866461154839,-1.71163900472097e-16,0.155772890603191,0.394680745163976
"3",0.989814850618131,-0.367598496241561,-1.71163900472097e-16,0.155772890603191,0.394680745163976
"4",0.344528090402794,-0.240922754737373,-1.71163900472097e-16,0.155772890603191,0.394680745163976
"5",0.00495555837793897,0.632401503758439,-1.71163900472097e-16,0.155772890603191,0.394680745163976
"6",0.688548037704701,-0.357195552090197,-1.71163900472097e-16,0.155772890603191,0.394680745163976
