x.1,y,yp,yv,ysd
0.22036,0.65046,0.65046,5.3529e-16,2.3136e-08
0.51818,-0.34954,-0.34954,5.3529e-16,2.3136e-08
0.71488,-0.29273,-0.29273,5.3529e-16,2.3136e-08
0.46991,-0.20781,-0.20781,5.3529e-16,2.3136e-08
0.081995,0.18682,0.18682,5.3529e-16,2.3136e-08
0.83838,0.012793,0.012793,5.3529e-16,2.3136e-08
