x.1,y,yp,yv,ysd
0.74124,0.53049,0.53049,3.6913e-16,1.9213e-08
0.16078,-0.46951,-0.46951,3.5759e-16,1.891e-08
0.85686,0.072834,0.072834,3.6913e-16,1.9213e-08
0.46279,-0.1308,-0.1308,3.8066e-16,1.9511e-08
0.30062,-0.28222,-0.28222,3.6913e-16,1.9213e-08
0.63222,0.2792,0.2792,3.6913e-16,1.9213e-08
