"","x","y","yp","yv","ysd"
"1",0.760110977843093,0.133625568865816,0.133625554317678,5.28570938129746e-08,0.000229906706759448
"2",0.334784099987398,0.071074008680321,0.0710739908265189,8.96047396281574e-08,0.000299340507830393
"3",0.330956181782919,0.0655951233818143,0.0655951352103061,0,0
"4",0.552764134015888,0.12240658436572,0.122406570445395,6.38532675623083e-08,0.000252692040955603
"5",0.106574823653015,-0.696350642646836,-0.696350613170896,0,0
"6",0.882537205897582,0.303649357353164,0.30364935820959,0,0
