x,y,yp,yv,ysd
2.262354752359289900e-01,5.095854962517918363e-01,5.095854960969975478e-01,1.000003413409444875e-10,1.000001706703266005e-05
5.985761757086339729e-01,2.186001348529879595e-01,2.186001352019108224e-01,1.000017846308765131e-10,1.000008923114571570e-05
4.775752433730909852e-01,0.000000000000000000e+00,8.624390090972156031e-11,1.000008964524567871e-10,1.000004482252238654e-05
9.467539433389899894e-01,7.766776218988848957e-01,7.766776220356302884e-01,1.000071137013947138e-10,1.000035567874436700e-05
2.284442497572549899e-02,5.171582660619293836e-01,5.171582660719357127e-01,9.999967520712969944e-11,9.999983760343298571e-06
7.578248127053179850e-01,1.000000000000000000e+00,9.999999994819367410e-01,1.000017846308765131e-10,1.000008923114571570e-05
