"","x","y","yp","yv","ysd"
"1",0.226235475235929,0.00591524307419292,0.00591518357919765,2.12179085807363e-07,0.000460629011035305
"2",0.598576175708634,-0.285070118324611,-0.285069705170018,2.12178940792786e-07,0.000460628853625981
"3",0.477575243373091,-0.503670253177599,-0.503669940482119,2.12178996574871e-07,0.000460628914175903
"4",0.94675394333899,0.273007368721286,0.273007324161729,2.12179081531836e-07,0.000460629006394339
"5",0.0228444249757255,0.0134880128843304,0.0134880158557745,2.12179090130004e-07,0.000460629015727411
"6",0.757824812705318,0.496329746822401,0.496329044089502,2.1217903063775e-07,0.000460628951150218
