x,y,yp,yv,ysd
2.262354752359289900e-01,5.915243074192919753e-03,5.915233243430243620e-03,1.840639844189072325e-08,1.356701825822119434e-04
5.985761757086339729e-01,-2.850701183246109882e-01,-2.850700787984937756e-01,1.840639753983451574e-08,1.356701792577665695e-04
4.775752433730909852e-01,-5.036702531775989478e-01,-5.036701960676855938e-01,1.840639783126805971e-08,1.356701803318181702e-04
9.467539433389899894e-01,2.730073687212860034e-01,2.730073518282382095e-01,1.840639837250178421e-08,1.356701823264853783e-04
2.284442497572549899e-02,1.348801288433039945e-02,1.348801247755317123e-02,1.840639844189072325e-08,1.356701825822119434e-04
7.578248127053179850e-01,4.963297468224009967e-01,4.963296652145798848e-01,1.840639808106824025e-08,1.356701812524338047e-04
