"","x","y","yp","yv","ysd"
"1",0.866352660038198,-0.550072915232597,-0.550072915103204,3.50428297490879e-11,5.91969845085777e-06
"2",0.507367174567965,0.444747429118276,0.444747429309469,3.50429407713904e-11,5.91970782821166e-06
"3",0.416820388675357,0.449927084767403,0.449927084274504,3.50427464823611e-11,5.91969141783261e-06
"4",0.0231304769792284,-0.144783246612821,-0.144783246686937,3.50429407713904e-11,5.91970782821166e-06
"5",0.682322451417955,-0.135165967676887,-0.135165967717387,3.50433571050246e-11,5.91974299315643e-06
"6",0.258708959096111,-0.0646523843633748,-0.0646523840764469,3.50426909712098e-11,5.91968672914453e-06
