"","x","y","yp","yv","ysd"
"1",0.397920957844083,0.327743903448201,1.71163900472097e-16,0.141478853813761,0.376136748821171
"2",0.147978295261661,-0.557110124388178,1.71163900472097e-16,0.141478853813761,0.376136748821171
"3",0.759153758990578,0.154621146530605,1.71163900472097e-16,0.141478853813761,0.376136748821171
"4",0.640363230874451,0.442889875611822,1.71163900472097e-16,0.141478853813761,0.376136748821171
"5",0.981701185771575,-0.213922642856857,1.71163900472097e-16,0.141478853813761,0.376136748821171
"6",0.286783495064204,-0.154222158345592,1.71163900472097e-16,0.141478853813761,0.376136748821171
