"","x","y","yp","yv","ysd"
"1",0.175317220351038,0.241615869111083,0.19134639112905,0.152384353821902,0.390364385954844
"2",0.377362944573785,0.385707155496391,0.0725898762781749,0.152384353821902,0.390364385954844
"3",0.733131788476991,-0.61429284450361,-0.136520552348818,0.152384353821902,0.390364385954844
"4",0.972689023901088,0.147446012743326,-0.277325226616078,0.152384353821902,0.390364385954844
"5",0.144120204301241,0.215892443483247,0.209683076619787,0.152384353821902,0.390364385954844
"6",0.602558736146117,-0.376368636330437,-0.0597735650621166,0.152384353821902,0.390364385954844
