"","x","y","yp","yv","ysd"
"1",0.232919006142765,0.169027821523354,0.169027821523354,6.48105369312624e-16,2.54579136873512e-08
"2",0.761279638080547,-0.126533666553072,-0.126533666553072,0,0
"3",0.571227686014026,-0.508113883388357,-0.508113883388357,0,0
"4",0.473040301818401,-0.257195045118133,-0.257195045118133,0,0
"5",0.949665100507749,0.491886116611643,0.491886116611643,1.76756009812534e-16,1.32949618206497e-08
"6",0.159787356620654,0.230928656924565,0.230928656924565,0,0
