x,y,yp,yv,ysd
6.196030847107369954e-01,4.604962254335893124e-01,4.604962253875397038e-01,1.000000082740370870e-10,1.000000041370184609e-05
4.986510158050809771e-01,1.000000000000000000e+00,9.999999998999999917e-01,1.000000082740370870e-10,1.000000041370184609e-05
8.966725299057239917e-01,0.000000000000000000e+00,0.000000000000000000e+00,1.000000082740370870e-10,1.000000041370184609e-05
1.295742035532989889e-01,3.491409222541402846e-02,3.491409222192261297e-02,1.000000082740370870e-10,1.000000041370184609e-05
8.224508718509849770e-01,1.192837284248800533e-01,1.192837284129516784e-01,1.000000082740370870e-10,1.000000041370184609e-05
2.020237535471099966e-01,7.697506504338480493e-01,7.697506503568729563e-01,1.000000082740370870e-10,1.000000041370184609e-05
