x,y,yp,yv,ysd
3.078853230302530108e-01,-2.721850593956219866e-01,-2.873135907653340260e-01,1.257675230257581213e-03,3.546371709589367371e-02
9.480857752108330372e-01,2.398795914052180012e-01,2.433535485783875352e-01,1.454026492236086933e-03,3.813169930957820142e-02
6.194542886999749864e-01,3.719827341338329818e-01,3.693897405605373052e-01,1.447385643711001204e-03,3.804452186203687025e-02
3.460259302907309764e-01,-2.424640624103669984e-01,-2.286359989727320130e-01,1.291549732613727188e-03,3.593813757853524249e-02
1.612732706513879954e-01,-5.486066018665309851e-01,-5.429557576349872683e-01,1.452981455669498769e-03,3.811799385683221908e-02
8.020164723275230445e-01,4.513933981334690149e-01,4.470806513997337417e-01,1.433108698555234485e-03,3.785642215734649069e-02
