x,y,yp,yv,ysd
5.875735629815610483e-01,4.980473343974129996e-01,4.980473338891764357e-01,1.000000082740370870e-10,1.000000041370184609e-05
1.735446067759769950e-01,5.704649573964000187e-01,5.704649573360467407e-01,9.999978622943216195e-11,9.999989311465895916e-06
9.898148506181310147e-01,0.000000000000000000e+00,-5.084999088467156980e-11,9.999978622943216195e-11,9.999989311465895916e-06
3.445280904027939739e-01,1.266757415041879775e-01,1.266757417444686062e-01,1.000004523632469500e-10,1.000002261813676836e-05
4.955558377938969715e-03,1.000000000000000000e+00,9.999999998802471257e-01,9.999889805101247475e-11,9.999944902398836690e-06
6.885480377047009659e-01,1.040294415136400197e-02,1.040294455773693727e-02,1.000008964524567871e-10,1.000004482252238654e-05
