"","x","y","yp","yv","ysd"
"1",0.419686762383208,0.534311938738611,0.534311938484212,8.43942971062717e-11,9.1866368768049e-06
"2",0.265591804714253,0.537099517366276,0.537099516959182,8.43946024176034e-11,9.18665349393366e-06
"3",0.990410282858647,-0.462900482633724,-0.462900482491935,8.43947411954815e-11,9.18666104716406e-06
"4",0.771336605927596,-0.296765131854887,-0.296765131951172,8.43946856843303e-11,9.18665802587264e-06
"5",0.0977329693268985,-0.338368368382673,-0.33836836802341,8.43947411954815e-11,9.18666104716406e-06
"6",0.545790160307661,0.0266225267663961,0.0266225270231237,8.43947411954815e-11,9.18666104716406e-06
