"","x","y","yp","yv","ysd"
"1",0.41964928767023,-0.408019280964905,-0.400715117327667,0.0055219688953716,0.0743099515231413
"2",0.27964165507971,0.10802308694192,0.105419667277589,0.00551143181108551,0.0742390181177359
"3",0.857871303218417,0.26316833816743,0.267158806418669,0.00547680092284973,0.0740054114430136
"4",0.783421007489475,0.389937410058498,0.376587832831049,0.0054693290355283,0.073954912179843
"5",0.159665422475276,0.25695303573856,0.253363644961129,0.00551707812883366,0.0742770363492894
"6",0.638104176498018,-0.610062589941502,-0.596308024859801,0.00552141967556495,0.0743062559651941
