"","x","y","yp","yv","ysd"
"1",0.558849949312086,0.496618170473297,0.496618170473297,0,0
"2",0.112228847186392,-0.503381829526703,-0.503381829526703,0,0
"3",0.808594707671242,0.0878671811033461,0.087867181103346,0,0
"4",0.432559672355031,0.153374390327357,0.153374390327357,2.77555756156289e-17,5.26835606386175e-09
"5",0.89182098597909,-0.0675906486629105,-0.0675906486629106,0,0
"6",0.236603136989288,-0.166887263714386,-0.166887263714386,0,0
