"","x","y","yp","yv","ysd"
"1",0.495175942662172,0.123628317336624,0.123628317336624,4.16333634234434e-17,6.45239206987946e-09
"2",0.763997996614004,0.0436954726205312,0.0436954726205313,6.93889390390723e-17,8.33000234328132e-09
"3",0.327034104072178,-0.176940072037359,-0.176940072037359,1.38777878078145e-17,3.72529029846191e-09
"4",0.126950400532223,0.124712869027172,0.124712869027172,1.38777878078145e-17,3.72529029846191e-09
"5",0.952418089223405,-0.557548293473484,-0.557548293473484,0,0
"6",0.666102142810511,0.442451706526516,0.442451706526516,0,0
