"","x","y","yp","yv","ysd"
"1",0.866352660038198,-0.550072915232597,-0.550072284156015,3.08932194055927e-07,0.000555816691055538
"2",0.507367174567965,0.444747429118276,0.444748488817532,3.08927019609659e-07,0.000555812036222372
"3",0.416820388675357,0.449927084767403,0.449924799182739,3.08926769196993e-07,0.000555811810954924
"4",0.0231304769792284,-0.144783246612821,-0.144783506466534,3.08932321354463e-07,0.000555816805570381
"5",0.682322451417955,-0.135165967676887,-0.135166173555631,3.08931332651444e-07,0.0005558159161552
"6",0.258708959096111,-0.0646523843633748,-0.0646510222798597,3.08931454890965e-07,0.000555816026119223
