"","x","y","yp","yv","ysd"
"1",0.254218861499491,-0.561190528014974,-0.208888794603987,0.0938183159207209,0.306297756963254
"2",0.547030708325716,0.209660304834926,-0.0741132819091499,0.0938183159207209,0.306297756963254
"3",0.916507532820106,0.179390807360569,0.4088206540147,0.0938183159207209,0.306297756963254
"4",0.438970850508971,-0.286216712485014,-0.149377195112222,0.0938183159207209,0.306297756963254
"5",0.00189994116468976,0.0195466563194676,-0.149160425809299,0.0938183159207209,0.306297756963254
"6",0.767976093765659,0.438809471985026,0.172719043419959,0.0938183159207209,0.306297756963254
