x,y,yp,yv,ysd
5.588499493120859807e-01,4.966181704732969826e-01,4.966180704517760280e-01,1.660847933143297691e-08,1.288738892539251864e-04
1.122288471863920056e-01,-5.033818295267029619e-01,-5.033817331997906264e-01,1.660848006695573072e-08,1.288738921075782912e-04
8.085947076712419745e-01,8.786718110334609810e-02,8.786717315968455011e-02,1.660847659750877877e-08,1.288738786469499273e-04
4.325596723550310108e-01,1.533743903273570020e-01,1.533744570471110014e-01,1.660847874856588898e-08,1.288738869925396902e-04
8.918209859790899863e-01,-6.759064866291049356e-02,-6.759061883856497255e-02,1.660847736078710820e-08,1.288738816082882958e-04
2.366031369892880043e-01,-1.668872637143860027e-01,-1.668873285207150836e-01,1.660847885958819145e-08,1.288738874232797963e-04
