x.1,y,yp,yv,ysd
0.067006,0.41856,0.41856,4.8499e-16,2.2023e-08
0.49618,-0.46679,-0.46679,4.6984e-16,2.1676e-08
0.72639,-0.22686,-0.22686,5.0015e-16,2.2364e-08
0.58194,-0.2652,-0.2652,4.8499e-16,2.2023e-08
0.98322,0.53321,0.53321,4.8499e-16,2.2023e-08
0.17014,0.0070899,0.0070899,4.8499e-16,2.2023e-08
