"","x","y","yp","yv","ysd"
"1",0.576267858540329,0.621928272393655,0.621927563934984,2.3251648561003e-07,0.000482199632527888
"2",0.256784591202935,-0.0707969165551328,-0.0707966742207356,2.32516289471236e-07,0.0004821994291486
"3",0.777613304982272,-0.378071727606345,-0.378071221243517,2.32516377111563e-07,0.000482199520024194
"4",0.352116489588904,-0.0275531230060349,-0.0275531442089939,2.32516364023597e-07,0.000482199506453083
"5",0.869727861252613,-0.3224050322158,-0.322405042972481,2.32516383926599e-07,0.000482199527090808
"6",0.131306057912298,0.176898526989657,0.176898230810978,2.32516433451774e-07,0.00048219957844421
