x.1,y,yp,yv,ysd
0.16688,-0.077498,-0.077498,3.5205e-16,1.8763e-08
0.54408,-0.18109,-0.18109,3.5205e-16,1.8763e-08
0.71276,-0.077988,-0.077988,3.5205e-16,1.8763e-08
0.086851,0.56763,0.56763,3.5205e-16,1.8763e-08
0.87061,-0.43237,-0.43237,3.5205e-16,1.8763e-08
0.40132,0.20131,0.20131,3.5205e-16,1.8763e-08
