x,y,yp,yv,ysd
7.601109778430930053e-01,8.299762115126519957e-01,8.299762122116476348e-01,9.885070539894513786e-11,9.942369204517861943e-06
3.347840999873979984e-01,7.674246513271569814e-01,7.674246625063716465e-01,1.117701486919031466e-10,1.057214021340537985e-05
3.309561817829190233e-01,7.619457660286502731e-01,7.619457540631202619e-01,1.082103295857450576e-10,1.040241941020189075e-05
5.527641340158879757e-01,8.187572270125560436e-01,8.187572269880121212e-01,1.085851408788585104e-10,1.042041941952714803e-05
1.065748236530150023e-01,0.000000000000000000e+00,6.515108452731510624e-10,1.092113066647471116e-10,1.045042136302393845e-05
8.825372058975820000e-01,1.000000000000000000e+00,9.999999994060146946e-01,1.035331820276041981e-10,1.017512565168628238e-05
