x,y,yp,yv,ysd
7.412406198369959620e-01,5.304908046950289613e-01,4.779137809056438480e-01,1.193302971032513329e-02,1.092384076702197920e-01
1.607778257069490124e-01,-4.695091953049709832e-01,-4.423616157592532017e-01,1.239148846801692641e-02,1.113170627892100251e-01
8.568645121607310067e-01,7.283396412740110459e-02,9.896574470540840662e-02,1.229679585799451150e-02,1.108909187354605308e-01
4.627854188050449791e-01,-1.307963077678870045e-01,-1.203600603257155011e-01,1.231824103009578411e-02,1.109875715118399386e-01
3.006212332208330062e-01,-2.822154172918859838e-01,-2.830407306081857977e-01,1.225596760809529243e-02,1.107066737288014274e-01
6.322243254010879721e-01,2.791961515423149742e-01,2.829752289357972961e-01,1.211905443372188543e-02,1.100865769915746195e-01
