x,y,yp,yv,ysd
1.668836202394839985e-01,-7.749822622722239707e-02,-7.749822621947256851e-02,1.000000082740370870e-10,1.000000041370184609e-05
5.440764772550510386e-01,-1.810918538249330079e-01,-1.810918538068238270e-01,1.000000082740370870e-10,1.000000041370184609e-05
7.127553744940090530e-01,-7.798779607446769402e-02,-7.798779606666890463e-02,1.000000082740370870e-10,1.000000041370184609e-05
8.685117362377539618e-02,5.676318413757740489e-01,5.676318413190107881e-01,1.000000082740370870e-10,1.000000041370184609e-05
8.706148205868280421e-01,-4.323681586242260066e-01,-4.323681585809891481e-01,1.000000082740370870e-10,1.000000041370184609e-05
4.013207918421060061e-01,2.013141933750750012e-01,2.013141933549436047e-01,1.000000082740370870e-10,1.000000041370184609e-05
