x,y,yp,yv,ysd
2.542188614994910223e-01,-5.611905280149740438e-01,-5.611904772155976717e-01,1.451465604545657978e-08,1.204767863343664253e-04
5.470307083257159864e-01,2.096603048349260090e-01,2.096602420168885150e-01,1.451465449114434530e-08,1.204767798836951971e-04
9.165075328201059968e-01,1.793908073605690046e-01,1.793908193517511074e-01,1.451465604545657978e-08,1.204767863343664253e-04
4.389708505089710000e-01,-2.862167124850140132e-01,-2.862166541342457959e-01,1.451465424134416476e-08,1.204767788469801582e-04
1.899941164689759919e-03,1.954665631946760074e-02,1.954663359472761860e-02,1.451465665607924332e-08,1.204767888685585875e-04
7.679760937656590070e-01,4.388094719850260117e-01,4.388094335369068233e-01,1.451465560136736993e-08,1.204767844913175320e-04
