x,y,yp,yv,ysd
3.979209578440829898e-01,3.277439034482009794e-01,3.277437340589450798e-01,1.008637384771686671e-08,1.004309406891963098e-04
1.479782952616610081e-01,-5.571101243881779741e-01,-5.571101372091518122e-01,1.008639088964029471e-08,1.004310255331503294e-04
7.591537589905780203e-01,1.546211465306049915e-01,1.546211063086024851e-01,1.008638561608092774e-08,1.004309992785142367e-04
6.403632308744510171e-01,4.428898756118220259e-01,4.428899290999069871e-01,1.008638200785609770e-08,1.004309813148119066e-04
9.817011857715749468e-01,-2.139226428568569982e-01,-2.139226190658519156e-01,1.008639480317645651e-08,1.004310450168495293e-04
2.867834950642039749e-01,-1.542221583455919975e-01,-1.542220009993839902e-01,1.008636835211289481e-08,1.004309133290785848e-04
