"","x","y","yp","yv","ysd"
"1",0.736799128586426,0.410207841824194,0.410207841824194,0,0
"2",0.362485443629945,-0.400095255627256,-0.400095255627256,9.53627354952359e-17,9.765384554396e-09
"3",0.103020940170002,-0.391233064051545,-0.391233064051545,0,0
"4",0.561925929544183,0.0400277218561131,0.0400277218561133,0,0
"5",0.870410208823159,0.599904744372744,0.599904744372744,1.27150313993648e-16,1.12760948024415e-08
"6",0.226725474388028,-0.258811988374251,-0.258811988374251,0,0
