"","x","y","yp","yv","ysd"
"1",0.419686762383208,0.534311938738611,0.534311443859929,4.39796478397245e-07,0.000663171530146798
"2",0.265591804714253,0.537099517366276,0.537098528361616,4.39797191009156e-07,0.000663172067422291
"3",0.990410282858647,-0.462900482633724,-0.462899995309553,4.39798088335231e-07,0.000663172743962861
"4",0.771336605927596,-0.296765131854887,-0.296765229164794,4.39797951398706e-07,0.000663172640719373
"5",0.0977329693268985,-0.338368368382673,-0.338367354538937,4.39797893855581e-07,0.000663172597334647
"6",0.545790160307661,0.0266225267663961,0.0266231268382048,4.39797175848239e-07,0.000663172055991686
