"","x","y","yp","yv","ysd"
"1",0.495175942662172,0.123628317336624,0.123628536567922,2.521141346531e-07,0.000502109683886997
"2",0.763997996614004,0.0436954726205312,0.0436960770785713,2.52113837633722e-07,0.0005021093881155
"3",0.327034104072178,-0.176940072037359,-0.176939858279565,2.52114232703223e-07,0.00050210978152514
"4",0.126950400532223,0.124712869027172,0.124712654118219,2.52114315386656e-07,0.000502109863861143
"5",0.952418089223405,-0.557548293473484,-0.557547839025534,2.52114285297052e-07,0.000502109833897975
"6",0.666102142810511,0.442451706526516,0.442450594862179,2.52113745321616e-07,0.000502109296191194
