"","x","y","yp","yv","ysd"
"1",0.254218861499491,-0.561190528014974,-0.561190527909603,9.81001391231473e-11,9.90455143472673e-06
"2",0.547030708325716,0.209660304834926,0.209660303732911,9.81004166789035e-11,9.90456544624263e-06
"3",0.916507532820106,0.179390807360569,0.179390807340631,9.81001113675717e-11,9.90455003357405e-06
"4",0.438970850508971,-0.286216712485014,-0.286216711402555,9.81004166789035e-11,9.90456544624263e-06
"5",0.00189994116468976,0.0195466563194676,0.0195466562148026,9.81001946342985e-11,9.9045542370315e-06
"6",0.767976093765659,0.438809471985026,0.438809472023816,9.81000836119961e-11,9.90454863242117e-06
