x,y,yp,yv,ysd
3.078853230302530108e-01,2.764215424709089985e-01,2.764215368804414652e-01,1.000621807634160958e-10,1.000310855501509053e-05
9.480857752108330372e-01,7.884861932717489585e-01,7.884861933078433083e-01,1.000088900582340882e-10,1.000044449303300161e-05
6.194542886999749864e-01,9.205893360003639669e-01,9.205893353440330884e-01,1.001154714685981162e-10,1.000577190768398994e-05
3.460259302907309764e-01,3.061425394561639868e-01,3.061425446433432285e-01,9.986678151108206820e-11,9.993336855679491593e-06
1.612732706513879954e-01,0.000000000000000000e+00,8.842846455081598833e-10,9.979306270224698365e-11,9.989647776685971876e-06
8.020164723275230445e-01,1.000000000000000000e+00,1.000000000106343379e+00,9.990941407522767421e-11,9.995469677570317728e-06
