"","x","y","yp","yv","ysd"
"1",0.576267858540329,0.621928272393655,-0.0416193095828019,0.139788720375792,0.373883297802659
"2",0.256784591202935,-0.0707969165551328,0.119947102190984,0.139788720375792,0.373883297802659
"3",0.777613304982272,-0.378071727606345,-0.143442048469034,0.139788720375792,0.373883297802659
"4",0.352116489588904,-0.0275531230060349,0.0717366501126335,0.139788720375792,0.373883297802659
"5",0.869727861252613,-0.3224050322158,-0.190025453142357,0.139788720375792,0.373883297802659
"6",0.131306057912298,0.176898526989657,0.183403058890575,0.139788720375792,0.373883297802659
