x,y,yp,yv,ysd
7.367991285864260442e-01,8.103030974514500162e-01,8.103030976197160840e-01,9.998757377616131108e-11,9.999378669505486339e-06
3.624854436299450033e-01,0.000000000000000000e+00,1.338926303162679687e-09,1.000017846308765131e-10,1.000008923114571570e-05
1.030209401700020039e-01,8.862191575710998137e-03,8.862192166350979505e-03,1.000017846308765131e-10,1.000008923114571570e-05
5.619259295441829671e-01,4.401229774833690933e-01,4.401229769985195439e-01,1.000017846308765131e-10,1.000008923114571570e-05
8.704102088231590040e-01,1.000000000000000000e+00,9.999999998010338231e-01,9.998402106248251058e-11,9.999201021205769834e-06
2.267254743880280088e-01,1.412832672530049960e-01,1.412832657761757815e-01,9.998757377616131108e-11,9.999378669505486339e-06
