x,y,yp,yv,ysd
5.588499493120859807e-01,1.000000000000000000e+00,9.999999989263939071e-01,9.998402106248251058e-11,9.999201021205769834e-06
1.122288471863920056e-01,0.000000000000000000e+00,4.185434221426476142e-10,1.000088900582340882e-10,1.000044449303300161e-05
8.085947076712419745e-01,5.912490106300490877e-01,5.912490110197072823e-01,1.000000082740370870e-10,1.000000041370184609e-05
4.325596723550310108e-01,6.567562198540599638e-01,6.567562208509816202e-01,1.000088900582340882e-10,1.000044449303300161e-05
8.918209859790899863e-01,4.357911808637924822e-01,4.357911807758094724e-01,1.000142191287523148e-10,1.000071093116645952e-05
2.366031369892880043e-01,3.364945658123169592e-01,3.364945651520123704e-01,1.000088900582340882e-10,1.000044449303300161e-05
