"","x","y","yp","yv","ysd"
"1",0.254218861499491,-0.561190528014974,-0.561190528014974,0,0
"2",0.547030708325716,0.209660304834926,0.209660304834926,2.77555756156289e-17,5.26835606386175e-09
"3",0.916507532820106,0.179390807360569,0.179390807360569,0,0
"4",0.438970850508971,-0.286216712485014,-0.286216712485014,2.77555756156289e-17,5.26835606386175e-09
"5",0.00189994116468976,0.0195466563194676,0.0195466563194677,0,0
"6",0.767976093765659,0.438809471985026,0.438809471985026,0,0
