"","x","y","yp","yv","ysd"
"1",0.587573562981561,0.130448838155852,0.130448707707144,2.59621094902749e-07,0.000509530268877865
"2",0.173544606775977,0.202866461154839,0.202866258288581,2.59621094902749e-07,0.000509530268877865
"3",0.989814850618131,-0.367598496241561,-0.367598128643432,2.59621094902749e-07,0.000509530268877865
"4",0.344528090402794,-0.240922754737373,-0.240922513814859,2.59621094902749e-07,0.000509530268877865
"5",0.00495555837793897,0.632401503758439,0.632400871357568,2.59621094902749e-07,0.000509530268877865
"6",0.688548037704701,-0.357195552090197,-0.357195194895002,2.59621094902749e-07,0.000509530268877865
