"","x","y","yp","yv","ysd"
"1",0.307885323030253,-0.272185059395622,-0.264014399251268,0.0414623024876013,0.203622941948105
"2",0.948085775210833,0.239879591405218,0.494255934475579,0.0414623024876013,0.203622941948105
"3",0.619454288699975,0.371982734133833,0.105016117319922,0.0414623024876013,0.203622941948105
"4",0.346025930290731,-0.242464062410367,-0.218839656094745,0.0414623024876013,0.203622941948105
"5",0.161273270651388,-0.548606601866531,-0.437665588510881,0.0414623024876013,0.203622941948105
"6",0.802016472327523,0.451393398133469,0.321247592061392,0.0414623024876013,0.203622941948105
