x,y,yp,yv,ysd
5.875735629815610483e-01,1.304488381558520094e-01,-4.749945022042395548e-02,1.211898397084775758e-01,3.481233110673250808e-01
1.735446067759769950e-01,2.028664611548390007e-01,8.276015973958916749e-02,1.215843881015377659e-01,3.486895296700744939e-01
9.898148506181310147e-01,-3.675984962415609902e-01,-9.806283822829270358e-02,1.243771019657183424e-01,3.526713795670388119e-01
3.445280904027939739e-01,-2.409227547373730127e-01,-6.122643186467140869e-03,1.220844877428666070e-01,3.494059068517110789e-01
4.955558377938969715e-03,6.324015037584389543e-01,1.432943774125876035e-01,1.230568050107695433e-01,3.507945338952269676e-01
6.885480377047009659e-01,-3.571955520901969883e-01,-7.607927533837931244e-02,1.214912127583692991e-01,3.485558961750170881e-01
