"","x","y","yp","yv","ysd"
"1",0.741240619836996,0.530490804695029,0.530490804695029,0,0
"2",0.160777825706949,-0.469509195304971,-0.469509195304971,0,0
"3",0.856864512160731,0.0728339641274011,0.0728339641274011,0,0
"4",0.462785418805045,-0.130796307767887,-0.130796307767887,0,0
"5",0.300621233220833,-0.282215417291886,-0.282215417291886,0,0
"6",0.632224325401088,0.279196151542315,0.279196151542315,0,0
