"","x","y","yp","yv","ysd"
"1",0.576267858540329,0.621928272393655,0.167618468207136,0.104060856607609,0.322584650297576
"2",0.256784591202935,-0.0707969165551328,0.149503836046674,0.104060856607609,0.322584650297576
"3",0.777613304982272,-0.378071727606345,-0.142167218446694,0.104060856607609,0.322584650297576
"4",0.352116489588904,-0.0275531230060349,0.220360852212846,0.104060856607609,0.322584650297576
"5",0.869727861252613,-0.3224050322158,-0.366690415489536,0.104060856607609,0.322584650297576
"6",0.131306057912298,0.176898526989657,-0.0286255225304285,0.104060856607609,0.322584650297576
