x,y,yp,yv,ysd
3.078853230302530108e-01,-2.721850593956219866e-01,-2.970551623408766995e-01,1.677651947545321992e-03,4.095914974148415905e-02
9.480857752108330372e-01,2.398795914052180012e-01,2.470712236541776630e-01,2.155679752114614267e-03,4.642929842367440191e-02
6.194542886999749864e-01,3.719827341338329818e-01,3.692980542743351524e-01,2.116485683694491193e-03,4.600527886769616159e-02
3.460259302907309764e-01,-2.424640624103669984e-01,-2.197953528174443338e-01,1.754623833624485490e-03,4.188823025176028475e-02
1.612732706513879954e-01,-5.486066018665309851e-01,-5.403037222248117111e-01,2.160592251806758846e-03,4.648217133274604868e-02
8.020164723275230445e-01,4.513933981334690149e-01,4.423583821509182723e-01,2.060951084304707415e-03,4.539769910804629383e-02
