"","x","y","yp","yv","ysd"
"1",0.220357879957495,0.65046352879439,0.65046352879439,0,0
"2",0.518178567911188,-0.34953647120561,-0.34953647120561,0,0
"3",0.714877060304085,-0.292732872017979,-0.292732872017979,4.16333634234434e-17,6.45239206987946e-09
"4",0.469909414260959,-0.207809082489803,-0.207809082489803,1.38777878078145e-17,3.72529029846191e-09
"5",0.0819946166981633,0.186821842614395,0.186821842614395,1.38777878078145e-17,3.72529029846191e-09
"6",0.838376081471021,0.012793054304608,0.012793054304608,1.38777878078145e-17,3.72529029846191e-09
