"","x","y","yp","yv","ysd"
"1",0.397920957844083,0.327743903448201,0.327743903448201,0,0
"2",0.147978295261661,-0.557110124388178,-0.557110124388178,5.55111512312578e-17,7.45058059692383e-09
"3",0.759153758990578,0.154621146530605,0.154621146530605,0,0
"4",0.640363230874451,0.442889875611822,0.442889875611822,0,0
"5",0.981701185771575,-0.213922642856857,-0.213922642856857,0,0
"6",0.286783495064204,-0.154222158345592,-0.154222158345592,2.77555756156289e-17,5.26835606386175e-09
