"","x","y","yp","yv","ysd"
"1",0.419686762383208,0.534311938738611,0.534311938738611,2.92379376992855e-16,1.70991045669899e-08
"2",0.265591804714253,0.537099517366276,0.537099517366276,2.92379376992855e-16,1.70991045669899e-08
"3",0.990410282858647,-0.462900482633724,-0.462900482633724,0,0
"4",0.771336605927596,-0.296765131854887,-0.296765131854887,0,0
"5",0.0977329693268985,-0.338368368382673,-0.338368368382673,9.74597923309518e-17,9.87217262465319e-09
"6",0.545790160307661,0.0266225267663961,0.0266225267663963,2.92379376992855e-16,1.70991045669899e-08
