"","x","y","yp","yv","ysd"
"1",0.495175942662172,0.123628317336624,0.123628318325554,6.73244571203213e-10,2.59469568775071e-05
"2",0.763997996614004,0.0436954726205312,0.043695475765688,6.73244460180911e-10,2.59469547380981e-05
"3",0.327034104072178,-0.176940072037359,-0.176940070974362,6.73244543447637e-10,2.59469563426549e-05
"4",0.126950400532223,0.124712869027172,0.124712867629668,6.73244543447637e-10,2.59469563426549e-05
"5",0.952418089223405,-0.557548293473484,-0.557548291217832,6.73244543447637e-10,2.59469563426549e-05
"6",0.666102142810511,0.442451706526516,0.442451700471285,6.73244515692062e-10,2.59469558078026e-05
