x,y,yp,yv,ysd
3.078853230302530108e-01,-2.721850593956219866e-01,-3.009845598633251740e-01,1.525833829824699717e-03,3.906192301749492057e-02
9.480857752108330372e-01,2.398795914052180012e-01,2.497213808792406731e-01,2.011349297427814532e-03,4.484806904904395375e-02
6.194542886999749864e-01,3.719827341338329818e-01,3.728195087581442912e-01,1.862970560706431623e-03,4.316214267974229774e-02
3.460259302907309764e-01,-2.424640624103669984e-01,-2.165856309453544348e-01,1.582399072155335918e-03,3.977937998706535666e-02
1.612732706513879954e-01,-5.486066018665309851e-01,-5.407407125521341840e-01,2.032930853650403036e-03,4.508803448422211979e-02
8.020164723275230445e-01,4.513933981334690149e-01,4.375737245148458854e-01,1.769082916089057423e-03,4.206046737839532618e-02
