x,y,yp,yv,ysd
4.196867623832080119e-01,5.343119387386110475e-01,5.343118829528586966e-01,3.000002059014784935e-08,1.732051401955145460e-04
2.655918047142529770e-01,5.370995173662760358e-01,5.370994452934265695e-01,3.000002136730396659e-08,1.732051424389702385e-04
9.904102828586469620e-01,-4.629004826337240197e-01,-4.629004354064531479e-01,3.000002244977141559e-08,1.732051455637834451e-04
7.713366059275960085e-01,-2.967651318548870099e-01,-2.967651137031364073e-01,3.000002228323796190e-08,1.732051450830429705e-04
9.773296932689849725e-02,-3.383683683826729793e-01,-3.383682942655009684e-01,3.000002214446008382e-08,1.732051446824258768e-04
5.457901603076610320e-01,2.662252676639609988e-02,2.662255848013345139e-02,3.000002122852608851e-08,1.732051420383531447e-04
