"","x","y","yp","yv","ysd"
"1",0.576267858540329,0.621928272393655,0.611757161558236,0.00331452833549239,0.0575719405222057
"2",0.256784591202935,-0.0707969165551328,-0.0674868668374961,0.0032653952030124,0.0571436365924711
"3",0.777613304982272,-0.378071727606345,-0.369948169168104,0.00328930721031875,0.0573524821635363
"4",0.352116489588904,-0.0275531230060349,-0.0272617373786532,0.00328530237137291,0.0573175572697661
"5",0.869727861252613,-0.3224050322158,-0.323546462184101,0.00329181243381978,0.057374318591333
"6",0.131306057912298,0.176898526989657,0.172668252175916,0.00330210967807031,0.0574639859222305
