"","x","y","yp","yv","ysd"
"1",0.307885323030253,-0.272185059395622,-0.302790317746466,0.00234204011312329,0.0483946289697864
"2",0.948085775210833,0.239879591405218,0.250719249631032,0.00306449291426527,0.0553578622624219
"3",0.619454288699975,0.371982734133833,0.37357335183104,0.00292146967452443,0.0540506214073847
"4",0.346025930290731,-0.242464062410367,-0.218689479651418,0.002439638558806,0.0493926974238703
"5",0.161273270651388,-0.548606601866531,-0.534328558211251,0.00309674078035461,0.0556483672748321
"6",0.802016472327523,0.451393398133469,0.434553063354397,0.00276599378790386,0.0525927161107302
