x.1,y,yp,yv,ysd
0.41969,0.53431,0.53431,7.82e-16,2.7964e-08
0.26559,0.5371,0.5371,7.82e-16,2.7964e-08
0.99041,-0.4629,-0.4629,7.5756e-16,2.7524e-08
0.77134,-0.29677,-0.29677,7.82e-16,2.7964e-08
0.097733,-0.33837,-0.33837,7.82e-16,2.7964e-08
0.54579,0.026623,0.026623,7.5756e-16,2.7524e-08
