"","x","y","yp","yv","ysd"
"1",0.226235475235929,0.00591524307419292,0.00591524303309882,9.76064368218843e-11,9.87959699693688e-06
"2",0.598576175708634,-0.285070118324611,-0.285070117942197,9.76064368218843e-11,9.87959699693688e-06
"3",0.477575243373091,-0.503670253177599,-0.503670252872675,9.76064229440965e-11,9.87959629459101e-06
"4",0.94675394333899,0.273007368721286,0.273007368691678,9.76064368218843e-11,9.87959699693688e-06
"5",0.0228444249757255,0.0134880128843304,0.0134880129022679,9.76064229440965e-11,9.87959629459101e-06
"6",0.757824812705318,0.496329746822401,0.496329746187827,9.76064229440965e-11,9.87959629459101e-06
