"","x","y","yp","yv","ysd"
"1",0.175317220351038,0.241615869111083,0.24161586911108,2.99760216648792e-15,5.47503622498329e-08
"2",0.377362944573785,0.385707155496391,0.385707155496391,3.33066907387547e-16,1.82501207499443e-08
"3",0.733131788476991,-0.61429284450361,-0.61429284450361,0,0
"4",0.972689023901088,0.147446012743326,0.147446012743326,2.77555756156289e-17,5.26835606386175e-09
"5",0.144120204301241,0.215892443483247,0.215892443483246,7.49400541621981e-16,2.73751811249164e-08
"6",0.602558736146117,-0.376368636330437,-0.376368636330437,0,0
