"","x","y","yp","yv","ysd"
"1",0.220357879957495,0.65046352879439,0.65046352879439,0,0
"2",0.518178567911188,-0.34953647120561,-0.34953647120561,0,0
"3",0.714877060304085,-0.292732872017979,-0.292732872017979,0,0
"4",0.469909414260959,-0.207809082489803,-0.207809082489803,0,0
"5",0.0819946166981633,0.186821842614395,0.186821842614395,0,0
"6",0.838376081471021,0.012793054304608,0.0127930543046079,0,0
