"","x","y","yp","yv","ysd"
"1",0.685241525565895,0.137963326994964,0.13796314709266,2.45790583580177e-07,0.000495772713630124
"2",0.450614726481338,0.31723781420193,0.317237157446332,2.45790509219677e-07,0.000495772638635572
"3",0.149581377394497,-0.47790975089657,-0.477910949522747,2.4578686627832e-07,0.000495768964617916
"4",0.546622092292334,0.055082209772548,0.0550826840677006,2.45790446838722e-07,0.000495772575722702
"5",0.871366980213982,0.483813199963564,0.483812752964897,2.45790634445488e-07,0.000495772764929144
"6",0.169221648752379,-0.516186800036436,-0.516185081857703,2.45786860288548e-07,0.000495768958577025
