x,y,yp,yv,ysd
1.668836202394839985e-01,-7.749822622722239707e-02,7.307766960551062563e-03,9.905453008698525408e-02,3.147292965184290692e-01
5.440764772550510386e-01,-1.810918538249330079e-01,-2.453971864837401883e-03,9.905011481066748613e-02,3.147222820371438079e-01
7.127553744940090530e-01,-7.798779607446769402e-02,-6.579053446528839583e-03,9.905277107386785407e-02,3.147265020201950869e-01
8.685117362377539618e-02,5.676318413757740489e-01,7.683799659006435197e-03,9.905994754870667274e-02,3.147379029426018437e-01
8.706148205868280421e-01,-4.323681586242260066e-01,-7.573411373562171159e-03,9.906516547948421292e-02,3.147461921604202684e-01
4.013207918421060061e-01,2.013141933750750012e-01,2.042154015997737441e-03,9.905200748220835405e-02,3.147252889143297705e-01
