"","x","y","yp","yv","ysd"
"1",0.232919006142765,0.169027821523354,0.0721748170482335,0.0115441885407309,0.107443885543715
"2",0.761279638080547,-0.126533666553072,-0.126788395080707,0.0115441885407309,0.107443885543715
"3",0.571227686014026,-0.508113883388357,-0.374689841534995,0.0115441885407309,0.107443885543715
"4",0.473040301818401,-0.257195045118133,-0.362142727087517,0.0115441885407309,0.107443885543715
"5",0.949665100507749,0.491886116611643,0.473168506002536,0.0115441885407309,0.107443885543715
"6",0.159787356620654,0.230928656924565,0.31827764065245,0.0115441885407309,0.107443885543715
