x,y,yp,yv,ysd
7.412406198369959620e-01,1.000000000000000000e+00,9.999999998999999917e-01,1.000000082740370870e-10,1.000000041370184609e-05
1.607778257069490124e-01,0.000000000000000000e+00,0.000000000000000000e+00,1.000000082740370870e-10,1.000000041370184609e-05
8.568645121607310067e-01,5.423431594323721017e-01,5.423431593781377069e-01,1.000000082740370870e-10,1.000000041370184609e-05
4.627854188050449791e-01,3.387128875370839509e-01,3.387128875032127118e-01,1.000000082740370870e-10,1.000000041370184609e-05
3.006212332208330062e-01,1.872937780130849994e-01,1.872937779943555925e-01,1.000000082740370870e-10,1.000000041370184609e-05
6.322243254010879721e-01,7.487053468472859574e-01,7.487053467724154032e-01,1.000000082740370870e-10,1.000000041370184609e-05
