"","x","y","yp","yv","ysd"
"1",0.266788329269427,0.32385312930875,0.323852760622776,3.2373697611464e-07,0.000568978888988546
"2",0.710301234154031,-0.523799547832574,-0.523797390562533,3.23736676464583e-07,0.000568978625665836
"3",0.607172375118049,-0.0669476945505217,-0.0669494854413624,3.23735507678405e-07,0.000568977598573446
"4",0.421038917847909,0.476200452167426,0.476200615812958,3.23736545886599e-07,0.000568978510918118
"5",0.980192794503334,-0.248547172522209,-0.248547461390668,3.23738243759818e-07,0.000568980002952492
"6",0.101247344515286,0.0392408334291294,0.0392410510644101,3.23737973618301e-07,0.000568979765561396
