x.1,y,yp,yv,ysd
0.25422,-0.56119,-0.56119,5.1646e-16,2.2726e-08
0.54703,0.20966,0.20966,5.1646e-16,2.2726e-08
0.91651,0.17939,0.17939,5.326e-16,2.3078e-08
0.43897,-0.28622,-0.28622,5.1646e-16,2.2726e-08
0.0018999,0.019547,0.019547,5.326e-16,2.3078e-08
0.76798,0.43881,0.43881,5.326e-16,2.3078e-08
