"","x","y","yp","yv","ysd"
"1",0.736799128586426,0.410207841824194,0.410207841824194,0,0
"2",0.362485443629945,-0.400095255627256,-0.400095255627256,0,0
"3",0.103020940170002,-0.391233064051545,-0.391233064051545,0,0
"4",0.561925929544183,0.0400277218561131,0.0400277218561134,0,0
"5",0.870410208823159,0.599904744372744,0.599904744372744,0,0
"6",0.226725474388028,-0.258811988374251,-0.258811988374251,2.77555756156289e-17,5.26835606386175e-09
