x,y,yp,yv,ysd
2.667883292694270270e-01,3.238531293087499874e-01,3.238531292763646707e-01,1.000000082740370870e-10,1.000000041370184609e-05
7.103012341540310137e-01,-5.237995478325739862e-01,-5.237995477801941080e-01,1.000000082740370870e-10,1.000000041370184609e-05
6.071723751180490014e-01,-6.694769455052169971e-02,-6.694769454382691609e-02,1.000000082740370870e-10,1.000000041370184609e-05
4.210389178479089778e-01,4.762004521674260138e-01,4.762004521198059948e-01,1.000000082740370870e-10,1.000000041370184609e-05
9.801927945033339640e-01,-2.485471725222090089e-01,-2.485471724973542795e-01,1.000000082740370870e-10,1.000000041370184609e-05
1.012473445152859974e-01,3.924083342912940142e-02,3.924083342520531814e-02,1.000000082740370870e-10,1.000000041370184609e-05
