"","x","y","yp","yv","ysd"
"1",0.266788329269427,0.32385312930875,0.32385312930875,2.77555756156289e-17,5.26835606386175e-09
"2",0.710301234154031,-0.523799547832574,-0.523799547832573,5.55111512312578e-17,7.45058059692383e-09
"3",0.607172375118049,-0.0669476945505217,-0.0669476945505214,2.77555756156289e-17,5.26835606386175e-09
"4",0.421038917847909,0.476200452167426,0.476200452167426,2.77555756156289e-17,5.26835606386175e-09
"5",0.980192794503334,-0.248547172522209,-0.248547172522209,1.11022302462516e-16,1.05367121277235e-08
"6",0.101247344515286,0.0392408334291294,0.0392408334291294,0,0
