x.1,y,yp,yv,ysd
0.41965,-0.40802,-0.40802,4.812e-16,2.1936e-08
0.27964,0.10802,0.10802,4.9623e-16,2.2276e-08
0.85787,0.26317,0.26317,4.812e-16,2.1936e-08
0.78342,0.38994,0.38994,5.1127e-16,2.2611e-08
0.15967,0.25695,0.25695,4.6616e-16,2.1591e-08
0.6381,-0.61006,-0.61006,4.3608e-16,2.0883e-08
