x,y,yp,yv,ysd
5.588499493120859807e-01,4.966181704732969826e-01,4.966181704236351524e-01,1.000000082740370870e-10,1.000000041370184609e-05
1.122288471863920056e-01,-5.033818295267029619e-01,-5.033818294763647838e-01,1.000000082740370870e-10,1.000000041370184609e-05
8.085947076712419745e-01,8.786718110334609810e-02,8.786718109455937675e-02,1.000000082740370870e-10,1.000000041370184609e-05
4.325596723550310108e-01,1.533743903273570020e-01,1.533743903120195484e-01,1.000000082740370870e-10,1.000000041370184609e-05
8.918209859790899863e-01,-6.759064866291049356e-02,-6.759064865615142803e-02,1.000000082740370870e-10,1.000000041370184609e-05
2.366031369892880043e-01,-1.668872637143860027e-01,-1.668872636976972967e-01,1.000000082740370870e-10,1.000000041370184609e-05
