"","x","y","yp","yv","ysd"
"1",0.41964928767023,-0.408019280964905,-0.403623590335306,0.0625465893012388,0.250093161244443
"2",0.27964165507971,0.10802308694192,-0.100318244444243,0.0625465893012388,0.250093161244443
"3",0.857871303218417,0.26316833816743,0.394244248316083,0.0625465893012388,0.250093161244443
"4",0.783421007489475,0.389937410058498,0.0719494715724549,0.0625465893012388,0.250093161244443
"5",0.159665422475276,0.25695303573856,0.374668156063401,0.0625465893012388,0.250093161244443
"6",0.638104176498018,-0.610062589941502,-0.33692004117238,0.0625465893012388,0.250093161244443
