"","x","y","yp","yv","ysd"
"1",0.413627589315486,-0.583119917869803,-0.566590347427317,0.00614315525908398,0.0783782830832877
"2",0.0551018324137355,0.23640598692259,0.234768316963872,0.00618075120256509,0.0786177537364499
"3",0.692943374820364,0.095142031795025,0.091292544463336,0.0061284736684245,0.0782845685203955
"4",0.580022342231435,-0.386705914180874,-0.383195808040849,0.0061218516947505,0.0782422628427278
"5",0.867285432449232,0.221397731202865,0.218816505997667,0.00617324826849769,0.0785700214362812
"6",0.280061231266397,0.416880082130197,0.401572802170117,0.00615751807598874,0.0784698545684184
