x,y,yp,yv,ysd
1.627330815730000102e-01,4.889347102517507815e-01,4.889347103265411221e-01,1.000017846308765131e-10,1.000008923114571570e-05
7.043042435155559833e-01,1.000000000000000000e+00,9.999999996724540097e-01,9.999645556035829941e-11,9.999822776447505284e-06
4.074682048521939826e-01,0.000000000000000000e+00,6.732054913527463214e-10,9.999467920351891208e-11,9.999733956636991738e-06
5.124965707849089558e-01,3.165804018556659383e-01,3.165804016828115408e-01,1.000017846308765131e-10,1.000008923114571570e-05
9.436497930825380465e-01,6.855515815175430294e-01,6.855515816156687592e-01,9.999334693588933605e-11,9.999667341261375054e-06
2.312582570981860097e-01,3.841185365348722680e-01,3.841185361012753319e-01,9.999467920351891208e-11,9.999733956636991738e-06
