"","x","y","yp","yv","ysd"
"1",0.760110977843093,0.133625568865816,0.133625568865816,0,0
"2",0.334784099987398,0.071074008680321,0.0710740086803064,5.55111512312578e-17,7.45058059692383e-09
"3",0.330956181782919,0.0655951233818143,0.0655951233818201,5.55111512312578e-17,7.45058059692383e-09
"4",0.552764134015888,0.12240658436572,0.122406584365724,0,0
"5",0.106574823653015,-0.696350642646836,-0.69635064264684,0,0
"6",0.882537205897582,0.303649357353164,0.303649357353166,0,0
