x.1,y,yp,yv,ysd
0.26679,0.32385,0.32385,5.8128e-16,2.411e-08
0.7103,-0.5238,-0.5238,5.9944e-16,2.4483e-08
0.60717,-0.066948,-0.066948,5.8128e-16,2.411e-08
0.42104,0.4762,0.4762,5.8128e-16,2.411e-08
0.98019,-0.24855,-0.24855,5.8128e-16,2.411e-08
0.10125,0.039241,0.039241,5.6311e-16,2.373e-08
