"","x","y","yp","yv","ysd"
"1",0.495175942662172,0.123628317336624,0.126768229578457,0.00304353517375893,0.0551682442511898
"2",0.763997996614004,0.0436954726205312,0.0514597150174612,0.00299819506644793,0.0547557765578019
"3",0.327034104072178,-0.176940072037359,-0.174375670495421,0.00306019616935089,0.0553190398448029
"4",0.126950400532223,0.124712869027172,0.122036628810832,0.0030749645731422,0.0554523630979078
"5",0.952418089223405,-0.557548293473484,-0.552248434909891,0.00307036412044947,0.0554108664473807
"6",0.666102142810511,0.442451706526516,0.428256002311343,0.00298182762177734,0.054606113410289
