"","x","y","yp","yv","ysd"
"1",0.232919006142765,0.169027821523354,0.169027821523354,4.81922672458167e-16,2.19527372429537e-08
"2",0.761279638080547,-0.126533666553072,-0.126533666553072,1.80721002171813e-16,1.34432511756573e-08
"3",0.571227686014026,-0.508113883388357,-0.508113883388357,3.61442004343625e-16,1.90116281350027e-08
"4",0.473040301818401,-0.257195045118133,-0.257195045118133,4.51802505429531e-16,2.12556464364068e-08
"5",0.949665100507749,0.491886116611643,0.491886116611643,0,0
"6",0.159787356620654,0.230928656924565,0.230928656924565,3.01201670286354e-17,5.48818431073843e-09
