"","x","y","yp","yv","ysd"
"1",0.0670057455621039,0.418559180693156,-0.00206390138096506,0.199808025538289,0.446998909996757
"2",0.496180470217951,-0.466793168817495,-3.76054723176585e-05,0.199808025538289,0.446998909996757
"3",0.726387668478613,-0.226862609686687,0.00104928962466369,0.199808025538289,0.446998909996757
"4",0.581943424069323,-0.265200144382723,0.000367313812344096,0.199808025538289,0.446998909996757
"5",0.98321659284799,0.533206831182505,0.00226187594155198,0.199808025538289,0.446998909996757
"6",0.170138539086717,0.00708991101124263,-0.00157697252527842,0.199808025538289,0.446998909996757
