"","x","y","yp","yv","ysd"
"1",0.397920957844083,0.327743903448201,0.32774390305315,2.26250129742311e-11,4.75657576143082e-06
"2",0.147978295261661,-0.557110124388178,-0.55711012443067,2.26221819055183e-11,4.75627815686996e-06
"3",0.759153758990578,0.154621146530605,0.154621146443547,2.26229035504844e-11,4.75635401862439e-06
"4",0.640363230874451,0.442889875611822,0.442889875724096,2.26227647726063e-11,4.75633942991943e-06
"5",0.981701185771575,-0.213922642856857,-0.21392264281316,2.26228757949087e-11,4.75635110088697e-06
"6",0.286783495064204,-0.154222158345592,-0.154222157976959,2.26234309064211e-11,4.75640945529514e-06
