"","x","y","yp","yv","ysd"
"1",0.576267858540329,0.621928272393655,0.621928272178198,3.77214509628132e-11,6.14177913660311e-06
"2",0.256784591202935,-0.0707969165551328,-0.0707969164740464,3.77214093294498e-11,6.14177574724524e-06
"3",0.777613304982272,-0.378071727606345,-0.378071727426247,3.77215064739644e-11,6.14178365574403e-06
"4",0.352116489588904,-0.0275531230060349,-0.0275531229912862,3.77214370850254e-11,6.14177800681736e-06
"5",0.869727861252613,-0.3224050322158,-0.322405032200989,3.77214787183888e-11,6.14178139617398e-06
"6",0.131306057912298,0.176898526989657,0.17689852691437,3.77214370850254e-11,6.14177800681736e-06
