x,y,yp,yv,ysd
2.329190061427650060e-01,1.690278215233539938e-01,1.690278447017912189e-01,1.164099814832855920e-08,1.078934573935257698e-04
7.612796380805469942e-01,-1.265336665530719940e-01,-1.265336640699120940e-01,1.164100322759889686e-08,1.078934809318843693e-04
5.712276860140259593e-01,-5.081138833883569461e-01,-5.081137812433510481e-01,1.164099948059618875e-08,1.078934635675219664e-04
4.730403018184010100e-01,-2.571950451181330144e-01,-2.571951101982034027e-01,1.164100009121885230e-08,1.078934663972700938e-04
9.496651005077489938e-01,4.918861166116429984e-01,4.918860648874479602e-01,1.164100436557749710e-08,1.078934862055049937e-04
1.597873566206539919e-01,2.309286569245649900e-01,2.309286226212208804e-01,1.164099964712964245e-08,1.078934643392714655e-04
