"","x","y","yp","yv","ysd"
"1",0.760110977843093,0.133625568865816,0.133625584052438,0,0
"2",0.334784099987398,0.071074008680321,0.0710739958069226,6.45430269230474e-08,0.000254053197033707
"3",0.330956181782919,0.0655951233818143,0.0655950953248392,1.39342868799019e-07,0.000373286577308935
"4",0.552764134015888,0.12240658436572,0.12240661436263,0,0
"5",0.106574823653015,-0.696350642646836,-0.696350657624521,6.81702978511112e-08,0.000261094423247819
"6",0.882537205897582,0.303649357353164,0.303649357094693,8.26534396480838e-10,2.87495112389904e-05
