"","x","y","yp","yv","ysd"
"1",0.307885323030253,-0.272185059395622,-0.272185059395621,2.77555756156289e-17,5.26835606386175e-09
"2",0.948085775210833,0.239879591405218,0.239879591405218,2.77555756156289e-17,5.26835606386175e-09
"3",0.619454288699975,0.371982734133833,0.371982734133834,0,0
"4",0.346025930290731,-0.242464062410367,-0.242464062410367,5.55111512312578e-17,7.45058059692383e-09
"5",0.161273270651388,-0.548606601866531,-0.548606601866531,0,0
"6",0.802016472327523,0.451393398133469,0.451393398133469,0,0
