"","x","y","yp","yv","ysd"
"1",0.685241525565895,0.137963326994964,0.137963326994964,0,0
"2",0.450614726481338,0.31723781420193,0.31723781420193,0,0
"3",0.149581377394497,-0.47790975089657,-0.47790975089657,2.61487319138526e-17,5.11358307978394e-09
"4",0.546622092292334,0.055082209772548,0.0550822097725481,5.22974638277052e-17,7.23169854375202e-09
"5",0.871366980213982,0.483813199963564,0.483813199963564,5.22974638277052e-17,7.23169854375202e-09
"6",0.169221648752379,-0.516186800036436,-0.516186800036436,8.36759421243282e-16,2.89267941750081e-08
