x,y,yp,yv,ysd
4.196867623832080119e-01,5.343119387386110475e-01,5.343119160113039001e-01,1.019821430406503541e-08,1.009862084844511640e-04
2.655918047142529770e-01,5.370995173662760358e-01,5.370994719453479060e-01,1.019821585837726988e-08,1.009862161801167342e-04
9.904102828586469620e-01,-4.629004826337240197e-01,-4.629004602525761958e-01,1.019821769024526051e-08,1.009862252500075416e-04
7.713366059275960085e-01,-2.967651318548870099e-01,-2.967651363222588712e-01,1.019821749595623120e-08,1.009862242880494622e-04
9.773296932689849725e-02,-3.383683683826729793e-01,-3.383683218211567811e-01,1.019821732942277751e-08,1.009862234635139540e-04
5.457901603076610320e-01,2.662252676639609988e-02,2.662255432341498196e-02,1.019821577511054304e-08,1.009862157678489394e-04
