"","x","y","yp","yv","ysd"
"1",0.0670057455621039,0.418559180693156,0.380552490271173,0.00531400237485837,0.0728972041635231
"2",0.496180470217951,-0.466793168817495,-0.400143412995793,0.00531400237485837,0.0728972041635231
"3",0.726387668478613,-0.226862609686687,-0.198368364944595,0.00531400237485837,0.0728972041635231
"4",0.581943424069323,-0.265200144382723,-0.375614823377108,0.00531400237485837,0.0728972041635231
"5",0.98321659284799,0.533206831182505,0.538088347884952,0.00531400237485837,0.0728972041635231
"6",0.170138539086717,0.00708991101124263,0.05548576316137,0.00531400237485837,0.0728972041635231
