x,y,yp,yv,ysd
5.762678585403290255e-01,6.219282723936550017e-01,6.219281342967853954e-01,3.532347913096291574e-08,1.879454152964708954e-04
2.567845912029350086e-01,-7.079691655513280224e-02,-7.079686931780129755e-02,3.532347172022422637e-08,1.879453955813342812e-04
7.776133049822719912e-01,-3.780717276063449983e-01,-3.780716289029844024e-01,3.532347502313772463e-08,1.879454043682306219e-04
3.521164895889040136e-01,-2.755312300603490056e-02,-2.755312713907320105e-02,3.532347456517072697e-08,1.879454031498794912e-04
8.697278612526130326e-01,-3.224050322158000248e-01,-3.224050343127858320e-01,3.532347532844905640e-08,1.879454051804647181e-04
1.313060579122979910e-01,1.768985269896569956e-01,1.768984692567279193e-01,3.532347718807262265e-08,1.879454101277086943e-04
