"","x","y","yp","yv","ysd"
"1",0.162733081573,0.00973717189177879,-0.200629725614048,0.104965273113517,0.323983445739928
"2",0.704304243515556,0.520802461640028,0.127714677683972,0.104965273113517,0.323983445739928
"3",0.407468204852194,-0.479197538359972,-0.0522514262028661,0.104965273113517,0.323983445739928
"4",0.512496570784909,-0.162617136504306,0.0114252954634942,0.104965273113517,0.323983445739928
"5",0.943649793082538,0.206354043157571,0.272825379983411,0.104965273113517,0.323983445739928
"6",0.231258257098186,-0.0950790018250997,-0.159084201313964,0.104965273113517,0.323983445739928
