x,y,yp,yv,ysd
2.262354752359289900e-01,5.915243074192919753e-03,5.915231211552763116e-03,2.266857468340704588e-08,1.505608670385736366e-04
5.985761757086339729e-01,-2.850701183246109882e-01,-2.850700688296515239e-01,2.266857290705020648e-08,1.505608611394415694e-04
4.775752433730909852e-01,-5.036702531775989478e-01,-5.036701914901070554e-01,2.266857355930623345e-08,1.505608633055291370e-04
9.467539433389899894e-01,2.730073687212860034e-01,2.730073538488714813e-01,2.266857465565147026e-08,1.505608669463997010e-04
2.284442497572549899e-02,1.348801288433039945e-02,1.348801309980306520e-02,2.266857472504040930e-08,1.505608671768345400e-04
7.578248127053179850e-01,4.963297468224009967e-01,4.963296487057359263e-01,2.266857401727323110e-08,1.505608648263991284e-04
