x,y,yp,yv,ysd
4.951759426621720195e-01,6.811766108101080519e-01,6.811766111057875328e-01,9.999467920351891208e-11,9.999733956636991738e-06
7.639979966140040268e-01,6.012437660940151973e-01,6.012437667461689728e-01,9.999467920351891208e-11,9.999733956636991738e-06
3.270341040721779780e-01,3.806082214361249938e-01,3.806082215143087311e-01,1.000000082740370870e-10,1.000000041370184609e-05
1.269504005322230067e-01,6.822611625006560487e-01,6.822611623589867058e-01,9.999734373877799953e-11,9.999867186056923094e-06
9.524180892234049844e-01,0.000000000000000000e+00,-5.253619761447225756e-11,1.000035609877158875e-10,1.000017804780074352e-05
6.661021428105110553e-01,1.000000000000000000e+00,9.999999990724171006e-01,1.000017846308765131e-10,1.000008923114571570e-05
