"","x","y","yp","yv","ysd"
"1",0.166883620239484,-0.0774982262272224,0.262169107665383,0.0573693698865625,0.239519038672425
"2",0.544076477255051,-0.181091853824933,-0.0708810810315941,0.0573693698865625,0.239519038672425
"3",0.712755374494009,-0.0779877960744677,-0.21989522929451,0.0573693698865625,0.239519038672425
"4",0.0868511736237754,0.567631841375774,0.332805338407604,0.0573693698865625,0.239519038672425
"5",0.870614820586828,-0.432368158624226,-0.359393618058845,0.0573693698865625,0.239519038672425
"6",0.401320791842106,0.201314193375075,0.0551954823119622,0.0573693698865625,0.239519038672425
