x,y,yp,yv,ysd
5.762678585403290255e-01,1.000000000000000000e+00,9.999999996505369859e-01,1.000002303186420249e-10,1.000001151592547024e-05
2.567845912029350086e-01,3.072748110512121822e-01,3.072748110736509553e-01,9.999778782798786252e-11,9.999889390787673318e-06
7.776133049822719912e-01,0.000000000000000000e+00,4.286093702177140585e-10,1.000023397423888127e-10,1.000011698643514939e-05
3.521164895889040136e-01,3.505186046003100908e-01,3.505186047652641967e-01,9.999601147114844935e-11,9.999800571568837697e-06
8.697278612526130326e-01,5.566669539054497351e-02,5.566669513342811793e-02,1.000025617869937507e-10,1.000012808852935368e-05
1.313060579122979910e-01,5.549702545960020217e-01,5.549702544756212053e-01,9.999734373877799953e-11,9.999867186056923094e-06
