x,y,yp,yv,ysd
8.663526600381979970e-01,-5.500729152325970484e-01,-5.500728713504539069e-01,1.039378793119834982e-08,1.019499285492557375e-04
5.073671745679649847e-01,4.447474291182760275e-01,4.447474012985656588e-01,1.039378543319654441e-08,1.019499162981340708e-04
4.168203886753569787e-01,4.499270847674030072e-01,4.499270405347006729e-01,1.039378523890751510e-08,1.019499153452689918e-04
2.313047697922840026e-02,-1.447832466128209927e-01,-1.447832422945899422e-01,1.039378815324295474e-08,1.019499296382442560e-04
6.823224514179550004e-01,-1.351659676768869889e-01,-1.351659550100302309e-01,1.039378734833126189e-08,1.019499256906608120e-04
2.587089590961110241e-01,-6.465238436337479577e-02,-6.465234675436137834e-02,1.039378748710913997e-08,1.019499263712786598e-04
