"","x","y","yp","yv","ysd"
"1",0.0670057455621039,0.418559180693156,-2.25366456385926e-16,0.159849040421902,0.399811255997005
"2",0.496180470217951,-0.466793168817495,-2.25366456385926e-16,0.159849040421902,0.399811255997005
"3",0.726387668478613,-0.226862609686687,-2.25366456385926e-16,0.159849040421902,0.399811255997005
"4",0.581943424069323,-0.265200144382723,-2.25366456385926e-16,0.159849040421902,0.399811255997005
"5",0.98321659284799,0.533206831182505,-2.25366456385926e-16,0.159849040421902,0.399811255997005
"6",0.170138539086717,0.00708991101124263,-2.25366456385926e-16,0.159849040421902,0.399811255997005
