x,y,yp,yv,ysd
5.875735629815610483e-01,1.304488381558520094e-01,-6.966451517903468615e-02,1.193548085209148735e-01,3.454776527084130744e-01
1.735446067759769950e-01,2.028664611548390007e-01,9.653648163869979482e-02,1.195466220917025257e-01,3.457551475997176493e-01
9.898148506181310147e-01,-3.675984962415609902e-01,-1.099865926489274059e-01,1.238876448519881796e-01,3.519767674889752729e-01
3.445280904027939739e-01,-2.409227547373730127e-01,2.219101493383429657e-02,1.193664193388656314e-01,3.454944563069943797e-01
4.955558377938969715e-03,6.324015037584389543e-01,1.390474448134979835e-01,1.219594144336081931e-01,3.492268810295223735e-01
6.885480377047009659e-01,-3.571955520901969883e-01,-9.395099660691262622e-02,1.198265881140250788e-01,3.461597725242276935e-01
