x,y,yp,yv,ysd
7.367991285864260442e-01,8.103030974514500162e-01,8.103030973704197226e-01,1.000000082740370870e-10,1.000000041370184609e-05
3.624854436299450033e-01,0.000000000000000000e+00,0.000000000000000000e+00,1.000000082740370870e-10,1.000000041370184609e-05
1.030209401700020039e-01,8.862191575710998137e-03,8.862191574824779955e-03,1.000000082740370870e-10,1.000000041370184609e-05
5.619259295441829671e-01,4.401229774833690933e-01,4.401229774393567440e-01,1.000000082740370870e-10,1.000000041370184609e-05
8.704102088231590040e-01,1.000000000000000000e+00,9.999999998999999917e-01,1.000000082740370870e-10,1.000000041370184609e-05
2.267254743880280088e-01,1.412832672530049960e-01,1.412832672388766864e-01,1.000000082740370870e-10,1.000000041370184609e-05
