"","x","y","yp","yv","ysd"
"1",0.41964928767023,-0.408019280964905,1.80411241501588e-16,0.167531741029982,0.409306414596671
"2",0.27964165507971,0.10802308694192,1.80411241501588e-16,0.167531741029982,0.409306414596671
"3",0.857871303218417,0.26316833816743,1.80411241501588e-16,0.167531741029982,0.409306414596671
"4",0.783421007489475,0.389937410058498,1.80411241501588e-16,0.167531741029982,0.409306414596671
"5",0.159665422475276,0.25695303573856,1.80411241501588e-16,0.167531741029982,0.409306414596671
"6",0.638104176498018,-0.610062589941502,1.80411241501588e-16,0.167531741029982,0.409306414596671
