"","x","y","yp","yv","ysd"
"1",0.866352660038198,-0.550072915232597,-1.31838984174237e-16,0.149245365501749,0.386322877269453
"2",0.507367174567965,0.444747429118276,-1.31838984174237e-16,0.149245365501749,0.386322877269453
"3",0.416820388675357,0.449927084767403,-1.31838984174237e-16,0.149245365501749,0.386322877269453
"4",0.0231304769792284,-0.144783246612821,-1.31838984174237e-16,0.149245365501749,0.386322877269453
"5",0.682322451417955,-0.135165967676887,-1.31838984174237e-16,0.149245365501749,0.386322877269453
"6",0.258708959096111,-0.0646523843633748,-1.31838984174237e-16,0.149245365501749,0.386322877269453
