"","x","y","yp","yv","ysd"
"1",0.741240619836996,0.530490804695029,1.780937593579e-16,0.136373574318279,0.369287928747041
"2",0.160777825706949,-0.469509195304971,1.780937593579e-16,0.136373574318279,0.369287928747041
"3",0.856864512160731,0.0728339641274011,1.780937593579e-16,0.136373574318279,0.369287928747041
"4",0.462785418805045,-0.130796307767887,1.780937593579e-16,0.136373574318279,0.369287928747041
"5",0.300621233220833,-0.282215417291886,1.780937593579e-16,0.136373574318279,0.369287928747041
"6",0.632224325401088,0.279196151542315,1.780937593579e-16,0.136373574318279,0.369287928747041
