"","x","y","yp","yv","ysd"
"1",0.419686762383208,0.534311938738611,-1.376245015483e-16,0.198302690278893,0.445311902242566
"2",0.265591804714253,0.537099517366276,-1.376245015483e-16,0.198302690278893,0.445311902242566
"3",0.990410282858647,-0.462900482633724,-1.376245015483e-16,0.198302690278893,0.445311902242566
"4",0.771336605927596,-0.296765131854887,-1.376245015483e-16,0.198302690278893,0.445311902242566
"5",0.0977329693268985,-0.338368368382673,-1.376245015483e-16,0.198302690278893,0.445311902242566
"6",0.545790160307661,0.0266225267663961,-1.376245015483e-16,0.198302690278893,0.445311902242566
