"","x","y","yp","yv","ysd"
"1",0.419686762383208,0.534311938738611,0.293077762079809,0.0984796224358916,0.31381463069126
"2",0.265591804714253,0.537099517366276,0.192083577131097,0.0984796224358916,0.31381463069126
"3",0.990410282858647,-0.462900482633724,-0.629142914924125,0.0984796224358916,0.31381463069126
"4",0.771336605927596,-0.296765131854887,-0.0337432692397931,0.0984796224358916,0.31381463069126
"5",0.0977329693268985,-0.338368368382673,-0.0872792968104218,0.0984796224358916,0.31381463069126
"6",0.545790160307661,0.0266225267663961,0.265004141763431,0.0984796224358916,0.31381463069126
