x,y,yp,yv,ysd
6.196030847107369954e-01,4.604962254335893124e-01,4.604962255650839609e-01,9.999701067187061199e-11,9.999850532476503768e-06
4.986510158050809771e-01,1.000000000000000000e+00,9.999999998747395313e-01,9.999867600640754972e-11,9.999933800101256401e-06
8.966725299057239917e-01,0.000000000000000000e+00,7.572764637586715253e-11,9.999878702871001224e-11,9.999939351251587298e-06
1.295742035532989889e-01,3.491409222541402846e-02,3.491409274854256894e-02,1.000017846308765131e-10,1.000008923114571570e-05
8.224508718509849770e-01,1.192837284248800533e-01,1.192837283313484820e-01,1.000010074747592496e-10,1.000005037361108732e-05
2.020237535471099966e-01,7.697506504338480493e-01,7.697506498934900687e-01,1.000000082740370870e-10,1.000000041370184609e-05
