x,y,yp,yv,ysd
3.979209578440829898e-01,3.277439034482009794e-01,3.277438060888339111e-01,2.300917126071893420e-08,1.516877426185746116e-04
1.479782952616610081e-01,-5.571101243881779741e-01,-5.571100625500677861e-01,2.300917589590006201e-08,1.516877578972675817e-04
7.591537589905780203e-01,1.546211465306049915e-01,1.546211744625314854e-01,2.300917264849771498e-08,1.516877471930337500e-04
6.403632308744510171e-01,4.428898756118220259e-01,4.428898252808222691e-01,2.300917262074213937e-08,1.516877471015445694e-04
9.817011857715749468e-01,-2.139226428568569982e-01,-2.139226155514087346e-01,2.300917817185726249e-08,1.516877653993797402e-04
2.867834950642039749e-01,-1.542221583455919975e-01,-1.542221009322214398e-01,2.300916734718277240e-08,1.516877297185990903e-04
