"","x","y","yp","yv","ysd"
"1",0.266788329269427,0.32385312930875,0.323853129286567,1.0087930490954e-11,3.17615026265352e-06
"2",0.710301234154031,-0.523799547832574,-0.523799547700179,1.00872643571392e-11,3.17604539595064e-06
"3",0.607172375118049,-0.0669476945505217,-0.0669476946604098,1.00873198682905e-11,3.17605413497479e-06
"4",0.421038917847909,0.476200452167426,0.476200452174733,1.00877917130759e-11,3.17612841570928e-06
"5",0.980192794503334,-0.248547172522209,-0.248547172541221,1.00874031350173e-11,3.17606724346594e-06
"6",0.101247344515286,0.0392408334291294,0.0392408334405053,1.00874308905929e-11,3.17607161295096e-06
