x,y,yp,yv,ysd
2.542188614994910223e-01,0.000000000000000000e+00,3.644375823407685278e-23,1.000000082740370870e-10,1.000000041370184609e-05
5.470307083257159864e-01,7.708508328499000806e-01,7.708508327728149645e-01,1.000000082740370870e-10,1.000000041370184609e-05
9.165075328201059968e-01,7.405813353755430484e-01,7.405813353014849554e-01,1.000000082740370870e-10,1.000000041370184609e-05
4.389708505089710000e-01,2.749738155299600306e-01,2.749738155024626929e-01,9.999978622943216195e-11,9.999989311465895916e-06
1.899941164689759919e-03,5.807371843344416584e-01,5.807371842763678904e-01,1.000000082740370870e-10,1.000000041370184609e-05
7.679760937656590070e-01,1.000000000000000000e+00,9.999999999000001027e-01,1.000000082740370870e-10,1.000000041370184609e-05
