"","x","y","yp","yv","ysd"
"1",0.220357879957495,0.65046352879439,0.196731946112908,0.115501962201812,0.339855796186872
"2",0.518178567911188,-0.34953647120561,-0.0343126509281964,0.115501962201812,0.339855796186872
"3",0.714877060304085,-0.292732872017979,-0.18690824200606,0.115501962201812,0.339855796186872
"4",0.469909414260959,-0.207809082489803,0.00313379791073159,0.115501962201812,0.339855796186872
"5",0.0819946166981633,0.186821842614395,0.304071985600075,0.115501962201812,0.339855796186872
"6",0.838376081471021,0.012793054304608,-0.282716836689456,0.115501962201812,0.339855796186872
