"","x","y","yp","yv","ysd"
"1",0.307885323030253,-0.272185059395622,4.63044677832351e-18,0.166702420895035,0.408292077923434
"2",0.948085775210833,0.239879591405218,4.63044677832351e-18,0.166702420895035,0.408292077923434
"3",0.619454288699975,0.371982734133833,4.63044677832351e-18,0.166702420895035,0.408292077923434
"4",0.346025930290731,-0.242464062410367,4.63044677832351e-18,0.166702420895035,0.408292077923434
"5",0.161273270651388,-0.548606601866531,4.63044677832351e-18,0.166702420895035,0.408292077923434
"6",0.802016472327523,0.451393398133469,4.63044677832351e-18,0.166702420895035,0.408292077923434
