x,y,yp,yv,ysd
5.875735629815610483e-01,1.304488381558520094e-01,-5.603990773933412162e-02,1.205095050866362427e-01,3.471447898019445200e-01
1.735446067759769950e-01,2.028664611548390007e-01,8.809620542888735306e-02,1.207814544698717768e-01,3.475362635321266325e-01
9.898148506181310147e-01,-3.675984962415609902e-01,-1.020998813864730098e-01,1.242538634400074254e-01,3.524966147922663495e-01
3.445280904027939739e-01,-2.409227547373730127e-01,1.471040047125914130e-03,1.212858348854993495e-01,3.482611590250904721e-01
4.955558377938969715e-03,6.324015037584389543e-01,1.442193618690388035e-01,1.226295126046061668e-01,3.501849691300387146e-01
6.885480377047009659e-01,-3.571955520901969883e-01,-7.993026165098575386e-02,1.208889142460703447e-01,3.476908314092713170e-01
