x,y,yp,yv,ysd
6.196030847107369954e-01,6.308877601396729873e-02,7.609260648755612165e-07,1.454076066875785167e-01,3.813234934902103856e-01
4.986510158050809771e-01,6.025925505803779725e-01,7.267789039259860232e-06,1.454076066875785167e-01,3.813234934902103856e-01
8.966725299057239917e-01,-3.974074494196220275e-01,-4.795592463031295073e-06,1.454076066875784889e-01,3.813234934902103301e-01
1.295742035532989889e-01,-3.624933571942079991e-01,-4.367844643352182935e-06,1.454076066875784889e-01,3.813234934902103301e-01
8.224508718509849770e-01,-2.781237209947419742e-01,-3.358006377378184988e-06,1.454076066875784889e-01,3.813234934902103301e-01
2.020237535471099966e-01,3.723432010142260218e-01,4.486751748578968890e-06,1.454076066875784889e-01,3.813234934902103301e-01
