"","x","y","yp","yv","ysd"
"1",0.736799128586426,0.410207841824194,0.331565880792661,0.0101360483047949,0.100677943487116
"2",0.362485443629945,-0.400095255627256,-0.252600680538184,0.0101360483047949,0.100677943487116
"3",0.103020940170002,-0.391233064051545,-0.383558932500414,0.0101360483047949,0.100677943487116
"4",0.561925929544183,0.0400277218561131,0.000546247416073731,0.0101360483047949,0.100677943487116
"5",0.870410208823159,0.599904744372744,0.65314954683169,0.0101360483047949,0.100677943487116
"6",0.226725474388028,-0.258811988374251,-0.349102062001827,0.0101360483047949,0.100677943487116
