"","x","y","yp","yv","ysd"
"1",0.232919006142765,0.169027821523354,0.169028801000454,2.74585052277343e-07,0.000524008637598029
"2",0.761279638080547,-0.126533666553072,-0.126533891056142,2.74586306273398e-07,0.000524009834138061
"3",0.571227686014026,-0.508113883388357,-0.508112110206637,2.74585135425898e-07,0.00052400871693694
"4",0.473040301818401,-0.257195045118133,-0.257196423778275,2.74585261330035e-07,0.000524008837072463
"5",0.949665100507749,0.491886116611643,0.491885609515477,2.74586586082385e-07,0.000524010101126291
"6",0.159787356620654,0.230928656924565,0.2309276960246,2.74585483857213e-07,0.000524009049403932
