x,y,yp,yv,ysd
4.196492876702300201e-01,-4.080192809649049734e-01,-4.080192225519806981e-01,3.000007845926648088e-08,1.732053072491327719e-04
2.796416550797100053e-01,1.080230869419200046e-01,1.080230697696243081e-01,3.000007832048860280e-08,1.732053068485160576e-04
8.578713032184169807e-01,2.631683381674300160e-01,2.631683276257764659e-01,3.000007770986593926e-08,1.732053050858025473e-04
7.834210074894749631e-01,3.899374100584980241e-01,3.899373458057779906e-01,3.000007762659921241e-08,1.732053048454325404e-04
1.596654224752759865e-01,2.569530357385599872e-01,2.569530019031797674e-01,3.000007845926648088e-08,1.732053072491327719e-04
6.381041764980179831e-01,-6.100625899415019759e-01,-6.100624952155364600e-01,3.000007845926648088e-08,1.732053072491327719e-04
