x,y,yp,yv,ysd
7.412406198369959620e-01,5.304908046950289613e-01,4.108637163512107726e-01,2.416836838884050404e-02,1.554617907681514755e-01
1.607778257069490124e-01,-4.695091953049709832e-01,-4.075148070865105554e-01,2.649160794727748597e-02,1.627624279349429159e-01
8.568645121607310067e-01,7.283396412740110459e-02,1.335615911534900335e-01,2.604634388913056736e-02,1.613887972850983343e-01
4.627854188050449791e-01,-1.307963077678870045e-01,-1.047698985240007874e-01,2.602806999387218684e-02,1.613321728418488366e-01
3.006212332208330062e-01,-2.822154172918859838e-01,-2.872255207200481997e-01,2.569770763938420549e-02,1.603050455830514476e-01
6.322243254010879721e-01,2.791961515423149742e-01,2.866768764216967580e-01,2.506081658486306735e-02,1.583060851163437255e-01
