"","x","y","yp","yv","ysd"
"1",0.619603084710737,0.0630887760139673,0.0630887760139673,2.77555756156289e-17,5.26835606386175e-09
"2",0.498651015805081,0.602592550580378,0.602592550580378,2.77555756156289e-17,5.26835606386175e-09
"3",0.896672529905724,-0.397407449419622,-0.397407449419622,2.77555756156289e-17,5.26835606386175e-09
"4",0.129574203553299,-0.362493357194208,-0.362493357194208,2.77555756156289e-17,5.26835606386175e-09
"5",0.822450871850985,-0.278123720994742,-0.278123720994742,2.77555756156289e-17,5.26835606386175e-09
"6",0.20202375354711,0.372343201014226,0.372343201014226,2.77555756156289e-17,5.26835606386175e-09
