"","x","y","yp","yv","ysd"
"1",0.166883620239484,-0.0774982262272224,-0.0740828323535358,0.0027449257523463,0.0523920390168802
"2",0.544076477255051,-0.181091853824933,-0.1787507633599,0.00274661168279627,0.0524081261141464
"3",0.712755374494009,-0.0779877960744677,-0.0770636673665148,0.002746618403907,0.052408190236899
"4",0.0868511736237754,0.567631841375774,0.55944073097684,0.00274492575236756,0.0523920390170831
"5",0.870614820586828,-0.432368158624226,-0.426911072797192,0.00274661880294237,0.0524081940438933
"6",0.401320791842106,0.201314193375075,0.198718461801667,0.00274661208181044,0.052408129920943
