x,y,yp,yv,ysd
1.668836202394839985e-01,-7.749822622722239707e-02,-4.508018876231781064e-04,9.909039632070104631e-02,3.147862708580236868e-01
5.440764772550510386e-01,-1.810918538249330079e-01,-1.053405264158480343e-03,9.909039632070104631e-02,3.147862708580236868e-01
7.127553744940090530e-01,-7.798779607446769402e-02,-4.536524045111099647e-04,9.909039632070104631e-02,3.147862708580236868e-01
8.685117362377539618e-02,5.676318413757740489e-01,3.301895089647245794e-03,9.909039632070104631e-02,3.147862708580236868e-01
8.706148205868280421e-01,-4.323681586242260066e-01,-2.515071135060638254e-03,9.909039632070104631e-02,3.147862708580236868e-01
4.013207918421060061e-01,2.013141933750750012e-01,1.171037937775882111e-03,9.909039632070104631e-02,3.147862708580236868e-01
