"","x","y","yp","yv","ysd"
"1",0.866352660038198,-0.550072915232597,-0.550072915232597,0,0
"2",0.507367174567965,0.444747429118276,0.444747429118276,5.80475270047533e-17,7.61889276763712e-09
"3",0.416820388675357,0.449927084767403,0.449927084767403,0,0
"4",0.0231304769792284,-0.144783246612821,-0.144783246612821,0,0
"5",0.682322451417955,-0.135165967676887,-0.135165967676887,0,0
"6",0.258708959096111,-0.0646523843633748,-0.0646523843633745,4.06332689033273e-16,2.01576955288364e-08
