"","x","y","yp","yv","ysd"
"1",0.419686762383208,0.534311938738611,0.534311938738611,0,0
"2",0.265591804714253,0.537099517366276,0.537099517366276,0,0
"3",0.990410282858647,-0.462900482633724,-0.462900482633724,0,0
"4",0.771336605927596,-0.296765131854887,-0.296765131854887,0,0
"5",0.0977329693268985,-0.338368368382673,-0.338368368382673,0,0
"6",0.545790160307661,0.0266225267663961,0.0266225267663961,0,0
