x,y,yp,yv,ysd
4.136275893154859884e-01,-5.831199178698029950e-01,-5.120944580201648721e-02,1.285584714887156033e-01,3.585505145564786278e-01
5.510183241373550062e-02,2.364059869225899890e-01,2.076111483748070349e-02,1.285584714887156033e-01,3.585505145564786278e-01
6.929433748203640553e-01,9.514203179502500607e-02,8.355342066221887326e-03,1.285584714887155755e-01,3.585505145564786278e-01
5.800223422314350064e-01,-3.867059141808740219e-01,-3.396041514835171360e-02,1.285584714887155755e-01,3.585505145564786278e-01
8.672854324492319522e-01,2.213977312028649891e-01,1.944309356160871943e-02,1.285584714887156033e-01,3.585505145564786278e-01
2.800612312663969816e-01,4.168800821301970050e-01,3.661030486227449809e-02,1.285584714887156033e-01,3.585505145564786278e-01
