"","x","y","yp","yv","ysd"
"1",0.558849949312086,0.496618170473297,0.485052116944673,0.00291385513665066,0.0539801365008524
"2",0.112228847186392,-0.503381829526703,-0.491894405742581,0.00292272777527268,0.0540622583256812
"3",0.808594707671242,0.0878671811033461,0.087784096755419,0.00288392952436066,0.0537022301618905
"4",0.432559672355031,0.153374390327357,0.162038686370086,0.00290507054185152,0.0538987063096278
"5",0.89182098597909,-0.0675906486629105,-0.06573484754051,0.00289176114759832,0.05377509783904
"6",0.236603136989288,-0.166887263714386,-0.175483392208592,0.00290806949284469,0.0539265193837382
