"","x","y","yp","yv","ysd"
"1",0.266788329269427,0.32385312930875,0.32385312930875,5.55111512312578e-17,7.45058059692383e-09
"2",0.710301234154031,-0.523799547832574,-0.523799547832574,0,0
"3",0.607172375118049,-0.0669476945505217,-0.0669476945505204,0,0
"4",0.421038917847909,0.476200452167426,0.476200452167424,8.04911692853239e-16,2.8370965666562e-08
"5",0.980192794503334,-0.248547172522209,-0.248547172522209,2.77555756156289e-17,5.26835606386175e-09
"6",0.101247344515286,0.0392408334291294,0.0392408334291299,0,0
