"","x","y","yp","yv","ysd"
"1",0.419686762383208,0.534311938738611,0.060109953344965,0.194479242750807,0.440998007649475
"2",0.265591804714253,0.537099517366276,0.157197872188594,0.194479242750807,0.440998007649475
"3",0.990410282858647,-0.462900482633724,-0.299475848009473,0.194479242750807,0.440998007649475
"4",0.771336605927596,-0.296765131854887,-0.161447922317377,0.194479242750807,0.440998007649475
"5",0.0977329693268985,-0.338368368382673,0.262957757092062,0.194479242750807,0.440998007649475
"6",0.545790160307661,0.0266225267663961,-0.0193418122987701,0.194479242750807,0.440998007649475
