x,y,yp,yv,ysd
4.196867623832080119e-01,5.343119387386110475e-01,5.343119386851797881e-01,1.000000082740370870e-10,1.000000041370184609e-05
2.655918047142529770e-01,5.370995173662760358e-01,5.370995173125661104e-01,1.000000082740370870e-10,1.000000041370184609e-05
9.904102828586469620e-01,-4.629004826337240197e-01,-4.629004825874339368e-01,1.000000082740370870e-10,1.000000041370184609e-05
7.713366059275960085e-01,-2.967651318548870099e-01,-2.967651318252105264e-01,1.000000082740370870e-10,1.000000041370184609e-05
9.773296932689849725e-02,-3.383683683826729793e-01,-3.383683683488361571e-01,1.000000082740370870e-10,1.000000041370184609e-05
5.457901603076610320e-01,2.662252676639609988e-02,2.662252676373384752e-02,1.000000082740370870e-10,1.000000041370184609e-05
