x,y,yp,yv,ysd
4.951759426621720195e-01,1.236283173366239940e-01,1.236283142050570022e-01,3.000068045229528060e-08,1.732070450423286827e-04
7.639979966140040268e-01,4.369547262053120190e-02,4.369551357051476570e-02,3.000067798204905081e-08,1.732070379114227909e-04
3.270341040721779780e-01,-1.769400720373590086e-01,-1.769400248908692685e-01,3.000068084087333922e-08,1.732070461640441961e-04
1.269504005322230067e-01,1.247128690271720047e-01,1.247128347000057424e-01,3.000068139598485153e-08,1.732070477664949257e-04
9.524180892234049844e-01,-5.575482934734840024e-01,-5.575481923015398467e-01,3.000068127108476126e-08,1.732070474059434933e-04
6.661021428105110553e-01,4.424517065265159976e-01,4.424515881573669596e-01,3.000067770449329466e-08,1.732070371101973854e-04
