x.1,y,yp,yv,ysd
0.30789,-0.27219,-0.27219,5.0603e-16,2.2495e-08
0.94809,0.23988,0.23988,5.0603e-16,2.2495e-08
0.61945,0.37198,0.37198,5.2184e-16,2.2844e-08
0.34603,-0.24246,-0.24246,5.0603e-16,2.2495e-08
0.16127,-0.54861,-0.54861,4.9022e-16,2.2141e-08
0.80202,0.45139,0.45139,5.0603e-16,2.2495e-08
