x,y,yp,yv,ysd
5.875735629815610483e-01,1.304488381558520094e-01,1.304488381428071109e-01,1.000000082740370870e-10,1.000000041370184609e-05
1.735446067759769950e-01,2.028664611548390007e-01,2.028664611345523394e-01,1.000000082740370870e-10,1.000000041370184609e-05
9.898148506181310147e-01,-3.675984962415609902e-01,-3.675984962048011728e-01,1.000000082740370870e-10,1.000000041370184609e-05
3.445280904027939739e-01,-2.409227547373730127e-01,-2.409227547132807290e-01,1.000000082740370870e-10,1.000000041370184609e-05
4.955558377938969715e-03,6.324015037584389543e-01,6.324015036951988744e-01,1.000000082740370870e-10,1.000000041370184609e-05
6.885480377047009659e-01,-3.571955520901969883e-01,-3.571955520544774498e-01,1.000000082740370870e-10,1.000000041370184609e-05
