x.1,y,yp,yv,ysd
0.86635,-0.55007,-0.55007,4.965e-16,2.2282e-08
0.50737,0.44475,0.44475,4.965e-16,2.2282e-08
0.41682,0.44993,0.44993,4.965e-16,2.2282e-08
0.02313,-0.14478,-0.14478,5.1201e-16,2.2628e-08
0.68232,-0.13517,-0.13517,4.965e-16,2.2282e-08
0.25871,-0.064652,-0.064652,4.965e-16,2.2282e-08
