x,y,yp,yv,ysd
7.367991285864260442e-01,4.102078418241940083e-01,3.973180044861962523e-01,1.376734448488428630e-02,1.173343278196295192e-01
3.624854436299450033e-01,-4.000952556272560079e-01,-3.006596123557971900e-01,1.403224395999846941e-02,1.184577728981870970e-01
1.030209401700020039e-01,-3.912330640515450098e-01,-3.515449279764242263e-01,1.576619289096528598e-02,1.255635014284218198e-01
5.619259295441829671e-01,4.002772185611309930e-02,2.758952249257839995e-02,1.450854070226442749e-02,1.204514039032523187e-01
8.704102088231590040e-01,5.999047443727439921e-01,5.718362747972755011e-01,1.591358806360126943e-02,1.261490707995951421e-01
2.267254743880280088e-01,-2.588119883742510119e-01,-3.508224335571474839e-01,1.321766529480231100e-02,1.149681055545506980e-01
