"","x","y","yp","yv","ysd"
"1",0.576267858540329,0.621928272393655,0.621928272393655,0,0
"2",0.256784591202935,-0.0707969165551328,-0.0707969165551327,6.93889390390723e-17,8.33000234328132e-09
"3",0.777613304982272,-0.378071727606345,-0.378071727606345,0,0
"4",0.352116489588904,-0.0275531230060349,-0.0275531230060348,4.16333634234434e-17,6.45239206987946e-09
"5",0.869727861252613,-0.3224050322158,-0.3224050322158,0,0
"6",0.131306057912298,0.176898526989657,0.176898526989657,1.38777878078145e-17,3.72529029846191e-09
