x,y,yp,yv,ysd
1.627330815730000102e-01,4.889347102517507815e-01,4.889347105870012200e-01,9.998757377616131108e-11,9.999378669505486339e-06
7.043042435155559833e-01,1.000000000000000000e+00,9.999999998219442077e-01,9.999645556035829941e-11,9.999822776447505284e-06
4.074682048521939826e-01,0.000000000000000000e+00,8.914025073636366869e-10,1.000159954855917022e-10,1.000079974230019795e-05
5.124965707849089558e-01,3.165804018556659383e-01,3.165804014440833924e-01,9.999823191719771258e-11,9.999911595469117753e-06
9.436497930825380465e-01,6.855515815175430294e-01,6.855515815701074267e-01,1.000002303186420249e-10,1.000001151592547024e-05
2.312582570981860097e-01,3.841185365348722680e-01,3.841185357536325284e-01,9.998757377616131108e-11,9.999378669505486339e-06
