x,y,yp,yv,ysd
2.542188614994910223e-01,-5.611905280149740438e-01,-5.611905161652441798e-01,1.282627605148516771e-08,1.132531502938667427e-04
5.470307083257159864e-01,2.096603048349260090e-01,2.096601761105457984e-01,1.282626750276787809e-08,1.132531125522291281e-04
9.165075328201059968e-01,1.793908073605690046e-01,1.793908037571572689e-01,1.282627671761898248e-08,1.132531532347730367e-04
4.389708505089710000e-01,-2.862167124850140132e-01,-2.862165871254163663e-01,1.282626650356715593e-08,1.132531081408680675e-04
1.899941164689759919e-03,1.954665631946760074e-02,1.954664298274006937e-02,1.282627824417564134e-08,1.132531599743496798e-04
7.679760937656590070e-01,4.388094719850260117e-01,4.388094764215907384e-01,1.282627438615063077e-08,1.132531429416006621e-04
