"","x","y","yp","yv","ysd"
"1",0.254218861499491,-0.561190528014974,-0.145363793825267,0.112358742894643,0.335199556823459
"2",0.547030708325716,0.209660304834926,0.0368863444837297,0.112358742894643,0.335199556823459
"3",0.916507532820106,0.179390807360569,0.266853823928077,0.112358742894643,0.335199556823459
"4",0.438970850508971,-0.286216712485014,-0.0303716037387,0.112358742894643,0.335199556823459
"5",0.00189994116468976,0.0195466563194676,-0.302410575324804,0.112358742894643,0.335199556823459
"6",0.767976093765659,0.438809471985026,0.174405804476964,0.112358742894643,0.335199556823459
