"","x","y","yp","yv","ysd"
"1",0.307885323030253,-0.272185059395622,-0.272185059395622,0,0
"2",0.948085775210833,0.239879591405218,0.239879591405218,0,0
"3",0.619454288699975,0.371982734133833,0.371982734133833,0,0
"4",0.346025930290731,-0.242464062410367,-0.242464062410366,0,0
"5",0.161273270651388,-0.548606601866531,-0.54860660186653,0,0
"6",0.802016472327523,0.451393398133469,0.451393398133469,0,0
