"","x","y","yp","yv","ysd"
"1",0.558849949312086,0.496618170473297,0.386147701520912,0.00687005534773144,0.0828857970205477
"2",0.112228847186392,-0.503381829526703,-0.436304015050646,0.00822488968681154,0.0906911775577511
"3",0.808594707671242,0.0878671811033461,0.101324751444621,0.0060041909179617,0.0774867144610074
"4",0.432559672355031,0.153374390327357,0.228277894301232,0.00611465388829482,0.0781962523929045
"5",0.89182098597909,-0.0675906486629105,-0.0530925240593522,0.00723119469631106,0.085036431582652
"6",0.236603136989288,-0.166887263714386,-0.226353808156767,0.00632588297276401,0.079535419611416
