"","x","y","yp","yv","ysd"
"1",0.866352660038198,-0.550072915232597,-0.555677081637817,0.0419078469921728,0.204714061539927
"2",0.507367174567965,0.444747429118276,0.258989312156795,0.0419078469921728,0.204714061539927
"3",0.416820388675357,0.449927084767403,0.306012889065067,0.0419078469921728,0.204714061539927
"4",0.0231304769792284,-0.144783246612821,-0.231690223182003,0.0419078469921728,0.204714061539927
"5",0.682322451417955,-0.135165967676887,-0.012703664605312,0.0419078469921728,0.204714061539927
"6",0.258708959096111,-0.0646523843633748,0.23506876820327,0.0419078469921728,0.204714061539927
