x,y,yp,yv,ysd
2.203578799574950065e-01,6.504635287943899558e-01,6.504634574779660783e-01,1.073411440150910709e-08,1.036055712860515409e-04
5.181785679111879928e-01,-3.495364712056099887e-01,-3.495364323005772933e-01,1.073411040470621844e-08,1.036055519974977951e-04
7.148770603040850435e-01,-2.927328720179789845e-01,-2.927328457338469470e-01,1.073411415170892655e-08,1.036055700805170351e-04
4.699094142609590019e-01,-2.078090824898030098e-01,-2.078090895283666029e-01,1.073411071001755021e-08,1.036055534709291032e-04
8.199461669816329734e-02,1.868218426143949951e-01,1.868218655730456979e-01,1.073411451253140955e-08,1.036055718218446440e-04
8.383760814710210507e-01,1.279305430460800017e-02,1.279303298676551237e-02,1.073411437375353147e-08,1.036055711521032549e-04
