x,y,yp,yv,ysd
4.136275893154859884e-01,-5.831199178698029950e-01,-4.087197355453685982e-02,1.289169439907765502e-01,3.590500577785450398e-01
5.510183241373550062e-02,2.364059869225899890e-01,1.657014102269230987e-02,1.289169439907765502e-01,3.590500577785450398e-01
6.929433748203640553e-01,9.514203179502500607e-02,6.668681386996190390e-03,1.289169439907765224e-01,3.590500577785450398e-01
5.800223422314350064e-01,-3.867059141808740219e-01,-2.710494538974730569e-02,1.289169439907765224e-01,3.590500577785450398e-01
8.672854324492319522e-01,2.213977312028649891e-01,1.551818410311735751e-02,1.289169439907765502e-01,3.590500577785450398e-01
2.800612312663969816e-01,4.168800821301970050e-01,2.921991021876650663e-02,1.289169439907765502e-01,3.590500577785450398e-01
