"","x","y","yp","yv","ysd"
"1",0.166883620239484,-0.0774982262272224,-0.0774982262272224,1.38777878078145e-17,3.72529029846191e-09
"2",0.544076477255051,-0.181091853824933,-0.181091853824933,1.38777878078145e-17,3.72529029846191e-09
"3",0.712755374494009,-0.0779877960744677,-0.0779877960744677,1.38777878078145e-17,3.72529029846191e-09
"4",0.0868511736237754,0.567631841375774,0.567631841375774,1.38777878078145e-17,3.72529029846191e-09
"5",0.870614820586828,-0.432368158624226,-0.432368158624226,1.38777878078145e-17,3.72529029846191e-09
"6",0.401320791842106,0.201314193375075,0.201314193375075,1.38777878078145e-17,3.72529029846191e-09
