"","x","y","yp","yv","ysd"
"1",0.307885323030253,-0.272185059395622,-0.272189918239609,2.85337202096035e-07,0.000534169637939143
"2",0.948085775210833,0.239879591405218,0.239879500322067,2.85347301141529e-07,0.000534179090887625
"3",0.619454288699975,0.371982734133833,0.371982114346432,2.85347266230224e-07,0.000534179058210095
"4",0.346025930290731,-0.242464062410367,-0.242459751571115,2.85339180207983e-07,0.000534171489512482
"5",0.161273270651388,-0.548606601866531,-0.548605071654639,2.85346995382487e-07,0.000534178804692293
"6",0.802016472327523,0.451393398133469,0.451393306327809,2.85347130909315e-07,0.000534178931547581
