x,y,yp,yv,ysd
4.196867623832080119e-01,9.972124213723350117e-01,9.972124210097483843e-01,9.999467920351891208e-11,9.999733956636991738e-06
2.655918047142529770e-01,1.000000000000000000e+00,9.999999997008974795e-01,1.000053373445553136e-10,1.000026686366695498e-05
9.904102828586469620e-01,0.000000000000000000e+00,5.541950232057502035e-11,9.999912009561741271e-11,9.999956004684090955e-06
7.713366059275960085e-01,1.661353507788370099e-01,1.661353506117699830e-01,1.000053373445553136e-10,1.000026686366695498e-05
9.773296932689849725e-02,1.245321142510510404e-01,1.245321145471708357e-01,9.999645556035829941e-11,9.999822776447505284e-06
5.457901603076610320e-01,4.895230094001201127e-01,4.895230098655156681e-01,1.000053373445553136e-10,1.000026686366695498e-05
