x,y,yp,yv,ysd
4.136275893154859884e-01,-5.831199178698029950e-01,-5.831199178114909731e-01,1.000000082740370870e-10,1.000000041370184609e-05
5.510183241373550062e-02,2.364059869225899890e-01,2.364059868989493995e-01,1.000000082740370870e-10,1.000000041370184609e-05
6.929433748203640553e-01,9.514203179502500607e-02,9.514203178551081108e-02,1.000000082740370870e-10,1.000000041370184609e-05
5.800223422314350064e-01,-3.867059141808740219e-01,-3.867059141422033997e-01,1.000000082740370870e-10,1.000000041370184609e-05
8.672854324492319522e-01,2.213977312028649891e-01,2.213977311807251991e-01,1.000000082740370870e-10,1.000000041370184609e-05
2.800612312663969816e-01,4.168800821301970050e-01,4.168800820885090186e-01,1.000000082740370870e-10,1.000000041370184609e-05
