x.1,y,yp,yv,ysd
0.58295,-0.40678,-0.40678,4.6234e-16,2.1502e-08
0.78627,-0.34957,-0.34957,4.6234e-16,2.1502e-08
0.33198,-0.058549,-0.058549,4.479e-16,2.1164e-08
0.39667,-0.058845,-0.058845,4.7679e-16,2.1836e-08
0.12957,0.59322,0.59322,4.19e-16,2.0469e-08
0.98912,0.28052,0.28052,4.6234e-16,2.1502e-08
