x,y,yp,yv,ysd
4.136275893154859884e-01,0.000000000000000000e+00,3.481082089251685829e-10,1.000017846308765131e-10,1.000008923114571570e-05
5.510183241373550062e-02,8.195259047923929563e-01,8.195259048151621872e-01,1.000002303186420249e-10,1.000001151592547024e-05
6.929433748203640553e-01,6.782619496648280011e-01,6.782619495441503110e-01,9.999867600640754972e-11,9.999933800101256401e-06
5.800223422314350064e-01,1.964140036889289731e-01,1.964140036973518466e-01,9.999889805101247475e-11,9.999944902398836690e-06
8.672854324492319522e-01,8.045176490726679841e-01,8.045176490366652278e-01,1.000008964524567871e-10,1.000004482252238654e-05
2.800612312663969816e-01,1.000000000000000000e+00,9.999999996402815228e-01,1.000008964524567871e-10,1.000004482252238654e-05
