"","x","y","yp","yv","ysd"
"1",0.41964928767023,-0.408019280964905,-0.408019280964905,0,0
"2",0.27964165507971,0.10802308694192,0.10802308694192,0,0
"3",0.857871303218417,0.26316833816743,0.26316833816743,0,0
"4",0.783421007489475,0.389937410058498,0.389937410058498,0,0
"5",0.159665422475276,0.25695303573856,0.25695303573856,0,0
"6",0.638104176498018,-0.610062589941502,-0.610062589941502,5.98289912365025e-17,7.73492024758514e-09
