"","x","y","yp","yv","ysd"
"1",0.736799128586426,0.410207841824194,0.410208095271353,2.86258177708081e-07,0.000535031006305318
"2",0.362485443629945,-0.400095255627256,-0.400094177398041,2.86258122965154e-07,0.000535030955146667
"3",0.103020940170002,-0.391233064051545,-0.391232149669045,2.86258217577459e-07,0.000535031043564258
"4",0.561925929544183,0.0400277218561131,0.0400272754107405,2.86258282251976e-07,0.000535031104004222
"5",0.870410208823159,0.599904744372744,0.599904024233137,2.86258304085585e-07,0.000535031124408277
"6",0.226725474388028,-0.258811988374251,-0.258813055846371,2.86257879760365e-07,0.000535030727865573
