"","x","y","yp","yv","ysd"
"1",0.0670057455621039,0.418559180693156,0.418559180693156,0,0
"2",0.496180470217951,-0.466793168817495,-0.466793168817495,0,0
"3",0.726387668478613,-0.226862609686687,-0.226862609686687,0,0
"4",0.581943424069323,-0.265200144382723,-0.265200144382723,2.77555756156289e-17,5.26835606386175e-09
"5",0.98321659284799,0.533206831182505,0.533206831182505,0,0
"6",0.170138539086717,0.00708991101124263,0.00708991101124265,2.77555756156289e-17,5.26835606386175e-09
