"","x","y","yp","yv","ysd"
"1",0.760110977843093,0.133625568865816,0.133625568865816,5.55111512312578e-17,7.45058059692383e-09
"2",0.334784099987398,0.071074008680321,0.0710740086803073,0,0
"3",0.330956181782919,0.0655951233818143,0.0655951233818091,0,0
"4",0.552764134015888,0.12240658436572,0.122406584365728,5.55111512312578e-17,7.45058059692383e-09
"5",0.106574823653015,-0.696350642646836,-0.696350642646828,1.11022302462516e-16,1.05367121277235e-08
"6",0.882537205897582,0.303649357353164,0.303649357353159,5.55111512312578e-17,7.45058059692383e-09
