"","x","y","yp","yv","ysd"
"1",0.760110977843093,0.133625568865816,0.13362556886582,0,0
"2",0.334784099987398,0.071074008680321,0.0710740086799233,0,0
"3",0.330956181782919,0.0655951233818143,0.0655951233813935,8.88178419700125e-16,2.98023223876953e-08
"4",0.552764134015888,0.12240658436572,0.122406584365636,0,0
"5",0.106574823653015,-0.696350642646836,-0.696350642646777,8.88178419700125e-16,2.98023223876953e-08
"6",0.882537205897582,0.303649357353164,0.303649357353032,0,0
