x,y,yp,yv,ysd
7.367991285864260442e-01,4.102078418241940083e-01,4.102078417831732660e-01,1.000000082740370870e-10,1.000000041370184609e-05
3.624854436299450033e-01,-4.000952556272560079e-01,-4.000952555872464567e-01,1.000000082740370870e-10,1.000000041370184609e-05
1.030209401700020039e-01,-3.912330640515450098e-01,-3.912330640124217496e-01,1.000000082740370870e-10,1.000000041370184609e-05
5.619259295441829671e-01,4.002772185611309930e-02,4.002772185211032896e-02,1.000000082740370870e-10,1.000000041370184609e-05
8.704102088231590040e-01,5.999047443727439921e-01,5.999047443127535351e-01,1.000000082740370870e-10,1.000000041370184609e-05
2.267254743880280088e-01,-2.588119883742510119e-01,-2.588119883483698258e-01,1.000000082740370870e-10,1.000000041370184609e-05
