"","x","y","yp","yv","ysd"
"1",0.413627589315486,-0.583119917869803,-4.63044677832351e-18,0.155463211560907,0.394288234114217
"2",0.0551018324137355,0.23640598692259,-4.63044677832351e-18,0.155463211560907,0.394288234114217
"3",0.692943374820364,0.095142031795025,-4.63044677832351e-18,0.155463211560907,0.394288234114217
"4",0.580022342231435,-0.386705914180874,-4.63044677832351e-18,0.155463211560907,0.394288234114217
"5",0.867285432449232,0.221397731202865,-4.63044677832351e-18,0.155463211560907,0.394288234114217
"6",0.280061231266397,0.416880082130197,-4.63044677832351e-18,0.155463211560907,0.394288234114217
