"","x","y","yp","yv","ysd"
"1",0.587573562981561,0.130448838155852,-0.108858948934624,0.0666050633380621,0.258079567843063
"2",0.173544606775977,0.202866461154839,0.258327891659621,0.0666050633380621,0.258079567843063
"3",0.989814850618131,-0.367598496241561,-0.465591745880581,0.0666050633380621,0.258079567843063
"4",0.344528090402794,-0.240922754737373,0.106689016634769,0.0666050633380621,0.258079567843063
"5",0.00495555837793897,0.632401503758439,0.407843231377377,0.0666050633380621,0.258079567843063
"6",0.688548037704701,-0.357195552090197,-0.198409444856564,0.0666050633380621,0.258079567843063
