x,y,yp,yv,ysd
2.329190061427650060e-01,1.690278215233539938e-01,1.694888760629025271e-01,1.297233035078848313e-04,1.138961384366848559e-02
7.612796380805469942e-01,-1.265336665530719940e-01,-1.266395436979312339e-01,1.300033710116565728e-04,1.140190207867338920e-02
5.712276860140259593e-01,-5.081138833883569461e-01,-5.072741361819864681e-01,1.297405573444942745e-04,1.139037125577978087e-02
4.730403018184010100e-01,-2.571950451181330144e-01,-2.578475973991590231e-01,1.297691521179044922e-04,1.139162640354328404e-02
9.496651005077489938e-01,4.918861166116429984e-01,4.916453157995495094e-01,1.300664650194249556e-04,1.140466856245392867e-02
1.597873566206539919e-01,2.309286569245649900e-01,2.304764503999483516e-01,1.298201959449029903e-04,1.139386659325546981e-02
