"","x","y","yp","yv","ysd"
"1",0.413627589315486,-0.583119917869803,-0.583119917869803,0,0
"2",0.0551018324137355,0.23640598692259,0.23640598692259,0,0
"3",0.692943374820364,0.095142031795025,0.095142031795025,0,0
"4",0.580022342231435,-0.386705914180874,-0.386705914180874,0,0
"5",0.867285432449232,0.221397731202865,0.221397731202865,0,0
"6",0.280061231266397,0.416880082130197,0.416880082130197,0,0
