x,y,yp,yv,ysd
4.196492876702300201e-01,2.020433089765970025e-01,2.020433089563926643e-01,1.000000082740370870e-10,1.000000041370184609e-05
2.796416550797100053e-01,7.180856768834219528e-01,7.180856768116133937e-01,1.000000082740370870e-10,1.000000041370184609e-05
8.578713032184169807e-01,8.732309281089319919e-01,8.732309280216089542e-01,1.000000082740370870e-10,1.000000041370184609e-05
7.834210074894749631e-01,1.000000000000000000e+00,9.999999998999999917e-01,1.000000082740370870e-10,1.000000041370184609e-05
1.596654224752759865e-01,8.670156256800619632e-01,8.670156255933604283e-01,1.000000082740370870e-10,1.000000041370184609e-05
6.381041764980179831e-01,0.000000000000000000e+00,0.000000000000000000e+00,1.000000082740370870e-10,1.000000041370184609e-05
