"","x","y","yp","yv","ysd"
"1",0.397920957844083,0.327743903448201,0.327743903448201,7.14126971408562e-16,2.67231542189271e-08
"2",0.147978295261661,-0.557110124388178,-0.557110124388178,1.82499114915521e-15,4.27199151351593e-08
"3",0.759153758990578,0.154621146530605,0.154621146530605,1.50760138408474e-15,3.8827842897652e-08
"4",0.640363230874451,0.442889875611822,0.442889875611822,0,0
"5",0.981701185771575,-0.213922642856857,-0.213922642856857,2.77716044436663e-16,1.66648145635246e-08
"6",0.286783495064204,-0.154222158345592,-0.15422215834559,0,0
