"","x","y","yp","yv","ysd"
"1",0.232919006142765,0.169027821523354,0.17896489326686,0.00337287958763638,0.0580764977218529
"2",0.761279638080547,-0.126533666553072,-0.128761460561808,0.00355433503622398,0.0596182441558285
"3",0.571227686014026,-0.508113883388357,-0.485679853578882,0.00336296062999796,0.0579910392215725
"4",0.473040301818401,-0.257195045118133,-0.274149726175485,0.00339276355272878,0.0582474338724787
"5",0.949665100507749,0.491886116611643,0.484569349921985,0.00360703788452611,0.0600586204014554
"6",0.159787356620654,0.230928656924565,0.221033388603929,0.00344374005265023,0.0586833882171968
