x,y,yp,yv,ysd
4.136275893154859884e-01,-5.831199178698029950e-01,-4.585617174067577184e-02,1.287512128802423550e-01,3.588191924636172092e-01
5.510183241373550062e-02,2.364059869225899890e-01,1.859081382062732074e-02,1.287512128802423550e-01,3.588191924636172092e-01
6.929433748203640553e-01,9.514203179502500607e-02,7.481881602231973613e-03,1.287512128802417721e-01,3.588191924636163765e-01
5.800223422314350064e-01,-3.867059141808740219e-01,-3.041029639619351882e-02,1.287512128802417721e-01,3.588191924636163765e-01
8.672854324492319522e-01,2.213977312028649891e-01,1.741057430399824482e-02,1.287512128802423550e-01,3.588191924636172092e-01
2.800612312663969816e-01,4.168800821301970050e-01,3.278317813904993439e-02,1.287512128802423550e-01,3.588191924636172092e-01
