"","x","y","yp","yv","ysd"
"1",0.741240619836996,0.530490804695029,0.391155023017477,0.0086819473245974,0.0931769677795827
"2",0.160777825706949,-0.469509195304971,-0.410136356831344,0.0119713129735817,0.109413495390567
"3",0.856864512160731,0.0728339641274011,0.134144524668469,0.0113842057582768,0.106696793570738
"4",0.462785418805045,-0.130796307767887,-0.111573691911703,0.0112412329692816,0.106024680944022
"5",0.300621233220833,-0.282215417291886,-0.297311899600393,0.0108846966200642,0.104329749448871
"6",0.632224325401088,0.279196151542315,0.293722400657494,0.00985483212366335,0.0992715071088545
