"","x","y","yp","yv","ysd"
"1",0.175317220351038,0.241615869111083,0.241617728740411,2.97331963210942e-07,0.000545281544902211
"2",0.377362944573785,0.385707155496391,0.385706326716821,2.97344254937772e-07,0.000545292815776783
"3",0.733131788476991,-0.61429284450361,-0.614291967712933,2.97344295096781e-07,0.000545292852600125
"4",0.972689023901088,0.147446012743326,0.147445481175295,2.97344783359684e-07,0.000545293300306985
"5",0.144120204301241,0.215892443483247,0.215890754699894,2.97334031457671e-07,0.000545283441393255
"6",0.602558736146117,-0.376368636330437,-0.376368529771714,2.97344139495065e-07,0.000545292709922904
