"","x","y","yp","yv","ysd"
"1",0.58294987368087,-0.406779184644801,-0.398460854097905,0.00506837396304704,0.0711925133918381
"2",0.786269751377404,-0.34956688351971,-0.344129261142503,0.00508234709348943,0.071290582081292
"3",0.331984349138414,-0.0585492590963735,-0.0388688781410775,0.00485320470544169,0.0696649460305661
"4",0.396672529905724,-0.0588451119459444,-0.0765516482887202,0.00483738083820121,0.0695512820744608
"5",0.129574203553299,0.593220815355199,0.579440912169067,0.00508470524372965,0.0713071191658284
"6",0.989117538517651,0.280519623851629,0.27392828374799,0.00509071768539307,0.0713492654860095
