x,y,yp,yv,ysd
6.852415255658950155e-01,6.541501270314000749e-01,6.541501269797134199e-01,9.999645556035829941e-11,9.999822776447505284e-06
4.506147264813379905e-01,8.334246142383660017e-01,8.334246136336691535e-01,9.999467920351891208e-11,9.999733956636991738e-06
1.495813773944970060e-01,3.827704913986601509e-02,3.827704772304230119e-02,1.000159954855917022e-10,1.000079974230019795e-05
5.466220922923340497e-01,5.712690098089839852e-01,5.712690103049267165e-01,9.998757377616131108e-11,9.999378669505486339e-06
8.713669802139819565e-01,1.000000000000000000e+00,9.999999998749080632e-01,1.000000082740370870e-10,1.000000041370184609e-05
1.692216487523789947e-01,0.000000000000000000e+00,1.586874631698265148e-09,1.000159954855917022e-10,1.000079974230019795e-05
