x,y,yp,yv,ysd
2.203578799574950065e-01,1.000000000000000000e+00,9.999999994409165538e-01,9.999401306970412406e-11,9.999700649004655584e-06
5.181785679111879928e-01,0.000000000000000000e+00,1.208064759339322336e-10,9.997025429697713279e-11,9.998512604231547942e-06
7.148770603040850435e-01,5.680359918763100424e-02,5.680359930734257823e-02,9.998402106248251058e-11,9.999201021205769834e-06
4.699094142609590019e-01,1.417273887158069789e-01,1.417273888432064588e-01,9.994871597029941768e-11,9.997435469674181483e-06
8.199461669816329734e-02,5.363583138200049838e-01,5.363583141427844536e-01,9.999512329272873630e-11,9.999756161663580077e-06
8.383760814710210507e-01,3.623295255102179646e-01,3.623295253172404973e-01,9.999201466825978586e-11,9.999600725441980869e-06
