x,y,yp,yv,ysd
8.663526600381979970e-01,-5.500729152325970484e-01,-5.500728717987183325e-01,1.196348832022673762e-08,1.093777322869090147e-04
5.073671745679649847e-01,4.447474291182760275e-01,4.447474107073029481e-01,1.196348240828913149e-08,1.093777052615803032e-04
4.168203886753569787e-01,4.499270847674030072e-01,4.499270208065641041e-01,1.196348199195549726e-08,1.093777033583878829e-04
2.313047697922840026e-02,-1.447832466128209927e-01,-1.447832480157941470e-01,1.196348857002691816e-08,1.093777334288241633e-04
6.823224514179550004e-01,-1.351659676768869889e-01,-1.351659543814401898e-01,1.196348709898141054e-08,1.093777267042125460e-04
2.587089590961110241e-01,-6.465238436337479577e-02,-6.465233117409541208e-02,1.196348726551486423e-08,1.093777274654893569e-04
