x,y,yp,yv,ysd
5.829498736808700343e-01,-4.067791846448010062e-01,-4.067791286066770318e-01,3.000154917642236954e-08,1.732095527862778401e-04
7.862697513774039582e-01,-3.495668835197099922e-01,-3.495668307320311530e-01,3.000154948173370131e-08,1.732095536676129925e-04
3.319843491384140144e-01,-5.854925909637349879e-02,-5.854916387569907704e-02,3.000154048892720185e-08,1.732095277082851519e-04
3.966725299057239917e-01,-5.884511194594439776e-02,-5.884518989303028080e-02,3.000154010034914323e-08,1.732095265865857118e-04
1.295742035532989889e-01,5.932208153551989938e-01,5.932207119292394193e-01,3.000154973153388186e-08,1.732095543887053678e-04
9.891175385176510515e-01,2.805196238516289853e-01,2.805195653386760579e-01,3.000154987031175993e-08,1.732095547893122429e-04
