"","x","y","yp","yv","ysd"
"1",0.413627589315486,-0.583119917869803,-0.583114860588445,1.12357446957478e-06,0.00105998795727819
"2",0.0551018324137355,0.23640598692259,0.236403936621179,1.12357446957478e-06,0.00105998795727819
"3",0.692943374820364,0.095142031795025,0.0951412066473856,1.12357446957478e-06,0.00105998795727819
"4",0.580022342231435,-0.386705914180874,-0.386702560358528,1.12357446957478e-06,0.00105998795727819
"5",0.867285432449232,0.221397731202865,0.221395811065027,1.12357446957478e-06,0.00105998795727819
"6",0.280061231266397,0.416880082130197,0.416876466613383,1.12357446957478e-06,0.00105998795727819
