"","x","y","yp","yv","ysd"
"1",0.226235475235929,0.00591524307419292,6.39046830499164e-17,0.13120837076934,0.362226960301604
"2",0.598576175708634,-0.285070118324611,6.39046830499164e-17,0.13120837076934,0.362226960301604
"3",0.477575243373091,-0.503670253177599,6.39046830499164e-17,0.13120837076934,0.362226960301604
"4",0.94675394333899,0.273007368721286,6.39046830499164e-17,0.13120837076934,0.362226960301604
"5",0.0228444249757255,0.0134880128843304,6.39046830499164e-17,0.13120837076934,0.362226960301604
"6",0.757824812705318,0.496329746822401,6.39046830499164e-17,0.13120837076934,0.362226960301604
