"","x","y","yp","yv","ysd"
"1",0.220357879957495,0.65046352879439,0.650463528526516,3.17645076908235e-11,5.636001037156e-06
"2",0.518178567911188,-0.34953647120561,-0.34953647129435,3.17650350467602e-11,5.6360478215466e-06
"3",0.714877060304085,-0.292732872017979,-0.292732871892724,3.17643689129454e-11,5.63598872540972e-06
"4",0.469909414260959,-0.207809082489803,-0.207809082314248,3.17647019798528e-11,5.63601827355562e-06
"5",0.0819946166981633,0.186821842614395,0.18682184275846,3.17645076908235e-11,5.636001037156e-06
"6",0.838376081471021,0.012793054304608,0.0127930542163521,3.17642856462186e-11,5.63598133834903e-06
