"","x","y","yp","yv","ysd"
"1",0.558849949312086,0.496618170473297,0.34981512335817,0.00967046888909865,0.0983385422359852
"2",0.112228847186392,-0.503381829526703,-0.543834009307841,0.00967046888909865,0.0983385422359852
"3",0.808594707671242,0.0878671811033461,0.123389541259911,0.00967046888909865,0.0983385422359852
"4",0.432559672355031,0.153374390327357,0.266030038629247,0.00967046888909865,0.0983385422359852
"5",0.89182098597909,-0.0675906486629105,-0.0677715019016043,0.00967046888909865,0.0983385422359852
"6",0.236603136989288,-0.166887263714386,-0.127629192037887,0.00967046888909865,0.0983385422359852
