"","x","y","yp","yv","ysd"
"1",0.220357879957495,0.65046352879439,0.16893884134066,0.0918597041554171,0.303083658674329
"2",0.518178567911188,-0.34953647120561,-0.175121339572919,0.0918597041554171,0.303083658674329
"3",0.714877060304085,-0.292732872017979,-0.19161254602712,0.0918597041554171,0.303083658674329
"4",0.469909414260959,-0.207809082489803,-0.14545588685706,0.0918597041554171,0.303083658674329
"5",0.0819946166981633,0.186821842614395,0.459541897231042,0.0918597041554171,0.303083658674329
"6",0.838376081471021,0.012793054304608,-0.1162909661146,0.0918597041554171,0.303083658674329
