"","x","y","yp","yv","ysd"
"1",0.254218861499491,-0.561190528014974,-0.557977983523543,0.00349714496807239,0.0591366634844442
"2",0.547030708325716,0.209660304834926,0.191808783361644,0.00332546589488425,0.0576668526528391
"3",0.916507532820106,0.179390807360569,0.179793080095728,0.00350875519268308,0.0592347464980064
"4",0.438970850508971,-0.286216712485014,-0.269119497671892,0.00330571647502401,0.0574953604652064
"5",0.00189994116468976,0.0195466563194676,0.0168448480040537,0.00354414314897592,0.0595327065483833
"6",0.767976093765659,0.438809471985026,0.438106364624976,0.00345953248527462,0.0588177905507731
