x,y,yp,yv,ysd
6.700574556210389665e-02,8.853523495106510044e-01,8.853523491231478637e-01,1.000088900582340882e-10,1.000044449303300161e-05
4.961804702179509752e-01,0.000000000000000000e+00,6.041227518238656558e-10,1.000159954855917022e-10,1.000079974230019795e-05
7.263876684786130244e-01,2.399305591308079910e-01,2.399305596406637875e-01,1.000157734409867771e-10,1.000078864095161135e-05
5.819434240693229787e-01,2.015930244347720057e-01,2.015930235537028992e-01,1.000159954855917022e-10,1.000079974230019795e-05
9.832165928479900119e-01,1.000000000000000000e+00,9.999999997368962390e-01,1.000133309503326018e-10,1.000066652530383097e-05
1.701385390867170000e-01,4.738830798287376189e-01,4.738830800887976480e-01,1.000106664150735143e-10,1.000053330653288253e-05
