"","x","y","yp","yv","ysd"
"1",0.866352660038198,-0.550072915232597,-0.550072915232598,5.55111512312578e-17,7.45058059692383e-09
"2",0.507367174567965,0.444747429118276,0.444747429118277,0,0
"3",0.416820388675357,0.449927084767403,0.449927084767406,0,0
"4",0.0231304769792284,-0.144783246612821,-0.144783246612821,0,0
"5",0.682322451417955,-0.135165967676887,-0.135165967676887,2.77555756156289e-17,5.26835606386175e-09
"6",0.258708959096111,-0.0646523843633748,-0.0646523843633749,8.32667268468867e-17,9.12506037497214e-09
