"","x","y","yp","yv","ysd"
"1",0.587573562981561,0.130448838155852,0.130442052187698,6.7524230248639e-06,0.00259854248086574
"2",0.173544606775977,0.202866461154839,0.202855908011059,6.7524230248639e-06,0.00259854248086574
"3",0.989814850618131,-0.367598496241561,-0.367579373712573,6.7524230248639e-06,0.00259854248086574
"4",0.344528090402794,-0.240922754737373,-0.240910221899485,6.7524230248639e-06,0.00259854248086574
"5",0.00495555837793897,0.632401503758439,0.632368606137227,6.7524230248639e-06,0.00259854248086574
"6",0.688548037704701,-0.357195552090197,-0.357176970723927,6.7524230248639e-06,0.00259854248086574
