x.1,y,yp,yv,ysd
0.55885,0.49662,0.49662,3.9853e-16,1.9963e-08
0.11223,-0.50338,-0.50338,3.8608e-16,1.9649e-08
0.80859,0.087867,0.087867,3.9853e-16,1.9963e-08
0.43256,0.15337,0.15337,3.9853e-16,1.9963e-08
0.89182,-0.067591,-0.067591,3.9853e-16,1.9963e-08
0.2366,-0.16689,-0.16689,3.9853e-16,1.9963e-08
