x,y,yp,yv,ysd
5.762678585403290255e-01,6.219282723936550017e-01,6.219281502862774591e-01,3.000002986005819966e-08,1.732051669554294680e-04
2.567845912029350086e-01,-7.079691655513280224e-02,-7.079689016998205742e-02,3.000002804206799683e-08,1.732051617073463584e-04
7.776133049822719912e-01,-3.780717276063449983e-01,-3.780716573630823474e-01,3.000002850003499449e-08,1.732051630293825618e-04
3.521164895889040136e-01,-2.755312300603490056e-02,-2.755311581819209002e-02,3.000002862493508476e-08,1.732051633899378974e-04
8.697278612526130326e-01,-3.224050322158000248e-01,-3.224050069073259306e-01,3.000002859717950914e-08,1.732051633098144895e-04
1.313060579122979910e-01,1.768985269896569956e-01,1.768984858617188849e-01,3.000002940209120200e-08,1.732051656333932917e-04
