x,y,yp,yv,ysd
4.196492876702300201e-01,2.020433089765970025e-01,2.020433089279825567e-01,1.000008964524567871e-10,1.000004482252238654e-05
2.796416550797100053e-01,7.180856768834219528e-01,7.180856768694083847e-01,9.999978622943216195e-11,9.999989311465895916e-06
8.578713032184169807e-01,8.732309281089319919e-01,8.732309283734176475e-01,1.000040050769257634e-10,1.000020025184124829e-05
7.834210074894749631e-01,1.000000000000000000e+00,9.999999994506985068e-01,1.000037830323208125e-10,1.000018914982715807e-05
1.596654224752759865e-01,8.670156256800619632e-01,8.670156256077183876e-01,9.999945316252480026e-11,9.999972658088861059e-06
6.381041764980179831e-01,0.000000000000000000e+00,3.018301164559034078e-10,1.000008964524567871e-10,1.000004482252238654e-05
