x,y,yp,yv,ysd
5.762678585403290255e-01,6.219282723936550017e-01,6.219281964259499862e-01,1.481222100718160179e-08,1.217054682714856619e-04
2.567845912029350086e-01,-7.079691655513280224e-02,-7.079689777803646611e-02,1.481221995246972840e-08,1.217054639384351013e-04
7.776133049822719912e-01,-3.780717276063449983e-01,-3.780716808947626184e-01,1.481222029941442359e-08,1.217054653637807013e-04
3.521164895889040136e-01,-2.755312300603490056e-02,-2.755311943928233365e-02,1.481222031329221140e-08,1.217054654207945296e-04
8.697278612526130326e-01,-3.224050322158000248e-01,-3.224050220105499354e-01,1.481222035492557482e-08,1.217054655918359875e-04
1.313060579122979910e-01,1.768985269896569956e-01,1.768984997852847685e-01,1.481222075738142125e-08,1.217054672452368602e-04
