x,y,yp,yv,ysd
3.979209578440829898e-01,3.277439034482009794e-01,3.277438166253578977e-01,1.003106101005268980e-08,1.001551846389026973e-04
1.479782952616610081e-01,-5.571101243881779741e-01,-5.571101026305045334e-01,1.003106556196709076e-08,1.001552073632074893e-04
7.591537589905780203e-01,1.546211465306049915e-01,1.546211641466311848e-01,1.003106314723201220e-08,1.001551953082415635e-04
6.403632308744510171e-01,4.428898756118220259e-01,4.428898556553748644e-01,1.003106270314280235e-08,1.001551930912361756e-04
9.817011857715749468e-01,-2.139226428568569982e-01,-2.139226301398803043e-01,1.003106717179047647e-08,1.001552153998506311e-04
2.867834950642039749e-01,-1.542221583455919975e-01,-1.542220890889949292e-01,1.003105806796167454e-08,1.001551699512395294e-04
