"","x","y","yp","yv","ysd"
"1",0.41964928767023,-0.408019280964905,-0.0109855954152367,0.208299870979312,0.456398806943349
"2",0.27964165507971,0.10802308694192,-0.0258591504882638,0.208299870979312,0.456398806943349
"3",0.857871303218417,0.26316833816743,0.0355684328321506,0.208299870979312,0.456398806943349
"4",0.783421007489475,0.389937410058498,0.0276592885002397,0.208299870979312,0.456398806943349
"5",0.159665422475276,0.25695303573856,-0.0386046920710959,0.208299870979312,0.456398806943349
"6",0.638104176498018,-0.610062589941502,0.0122217166422069,0.208299870979312,0.456398806943349
