"","x","y","yp","yv","ysd"
"1",0.226235475235929,0.00591524307419292,-0.181181020969879,0.0890641643088173,0.298436198053817
"2",0.598576175708634,-0.285070118324611,-0.143563319052297,0.0890641643088173,0.298436198053817
"3",0.477575243373091,-0.503670253177599,-0.221921763460385,0.0890641643088173,0.298436198053817
"4",0.94675394333899,0.273007368721286,0.437143550413959,0.0890641643088173,0.298436198053817
"5",0.0228444249757255,0.0134880128843304,0.0529092380346797,0.0890641643088173,0.298436198053817
"6",0.757824812705318,0.496329746822401,0.0566133150339243,0.0890641643088173,0.298436198053817
