x,y,yp,yv,ysd
8.663526600381979970e-01,0.000000000000000000e+00,1.409961680814286616e-23,1.000000082740370870e-10,1.000000041370184609e-05
5.073671745679649847e-01,9.948203443508730759e-01,9.948203442513915418e-01,1.000000082740370870e-10,1.000000041370184609e-05
4.168203886753569787e-01,1.000000000000000000e+00,9.999999999000006579e-01,9.999978622943216195e-11,9.999989311465895916e-06
2.313047697922840026e-02,4.052896686197760556e-01,4.052896685792470310e-01,1.000000082740370870e-10,1.000000041370184609e-05
6.823224514179550004e-01,4.149069475557100595e-01,4.149069475142193597e-01,1.000000082740370870e-10,1.000000041370184609e-05
2.587089590961110241e-01,4.854205308692222665e-01,4.854205308206802072e-01,1.000000082740370870e-10,1.000000041370184609e-05
