x,y,yp,yv,ysd
7.367991285864260442e-01,4.102078418241940083e-01,4.030631612338541059e-01,1.199460793582940443e-02,1.095198974425624777e-01
3.624854436299450033e-01,-4.000952556272560079e-01,-3.240364661128047885e-01,1.216285693452257011e-02,1.102853432443430814e-01
1.030209401700020039e-01,-3.912330640515450098e-01,-3.583986731515760304e-01,1.311650291806926161e-02,1.145273020640461131e-01
5.619259295441829671e-01,4.002772185611309930e-02,2.921277575028446982e-02,1.251988796049369190e-02,1.118923051889346432e-01
8.704102088231590040e-01,5.999047443727439921e-01,5.748187943239773112e-01,1.322312127596692033e-02,1.149918313445216916e-01
2.267254743880280088e-01,-2.588119883742510119e-01,-3.288766700491292383e-01,1.152556544674948613e-02,1.073571862836833340e-01
