x,y,yp,yv,ysd
7.412406198369959620e-01,1.000000000000000000e+00,9.999999989522265764e-01,1.000017846308765131e-10,1.000008923114571570e-05
1.607778257069490124e-01,0.000000000000000000e+00,8.522071937022701604e-11,9.999645556035829941e-11,9.999822776447505284e-06
8.568645121607310067e-01,5.423431594323721017e-01,5.423431599770021094e-01,1.000017846308765131e-10,1.000008923114571570e-05
4.627854188050449791e-01,3.387128875370839509e-01,3.387128876126848098e-01,9.999823191719771258e-11,9.999911595469117753e-06
3.006212332208330062e-01,1.872937780130849994e-01,1.872937778811394338e-01,9.999645556035829941e-11,9.999822776447505284e-06
6.322243254010879721e-01,7.487053468472859574e-01,7.487053473011959781e-01,1.000088900582340882e-10,1.000044449303300161e-05
