"","x","y","yp","yv","ysd"
"1",0.866352660038198,-0.550072915232597,-0.544117512914778,0.00305245015012974,0.0552489832497372
"2",0.507367174567965,0.444747429118276,0.447252008529847,0.00279148660590501,0.0528345209678767
"3",0.416820388675357,0.449927084767403,0.435358508775729,0.00277757788933481,0.0527027313270841
"4",0.0231304769792284,-0.144783246612821,-0.146272285635892,0.00306211876479413,0.0553364144555294
"5",0.682322451417955,-0.135165967676887,-0.134448937985664,0.00300334018249548,0.054802738822941
"6",0.258708959096111,-0.0646523843633748,-0.0543987562037833,0.00301179090378229,0.0548797859305436
