"","x","y","yp","yv","ysd"
"1",0.741240619836996,0.530490804695029,0.513698429953609,0.00332624365751583,0.0576735958434692
"2",0.160777825706949,-0.469509195304971,-0.462648373604606,0.00338727777202531,0.058200324501031
"3",0.856864512160731,0.0728339641274011,0.0814150561109315,0.00337155630588762,0.0580651040289055
"4",0.462785418805045,-0.130796307767887,-0.12997992829316,0.00338079549102814,0.0581446084433298
"5",0.300621233220833,-0.282215417291886,-0.281954141116693,0.00337814471606658,0.0581218092979441
"6",0.632224325401088,0.279196151542315,0.284255342130686,0.00335113519676147,0.0578889902897042
