"","x","y","yp","yv","ysd"
"1",0.254218861499491,-0.561190528014974,9.48315500200655e-17,0.133185828981091,0.364946337125187
"2",0.547030708325716,0.209660304834926,9.48315500200655e-17,0.133185828981091,0.364946337125187
"3",0.916507532820106,0.179390807360569,9.48315500200655e-17,0.133185828981091,0.364946337125187
"4",0.438970850508971,-0.286216712485014,9.48315500200655e-17,0.133185828981091,0.364946337125187
"5",0.00189994116468976,0.0195466563194676,9.48315500200655e-17,0.133185828981091,0.364946337125187
"6",0.767976093765659,0.438809471985026,9.48315500200655e-17,0.133185828981091,0.364946337125187
