x,y,yp,yv,ysd
3.979209578440829898e-01,3.277439034482009794e-01,3.277439034154266406e-01,1.000000082740370870e-10,1.000000041370184609e-05
1.479782952616610081e-01,-5.571101243881779741e-01,-5.571101243324669827e-01,1.000000082740370870e-10,1.000000041370184609e-05
7.591537589905780203e-01,1.546211465306049915e-01,1.546211465151428599e-01,1.000000082740370870e-10,1.000000041370184609e-05
6.403632308744510171e-01,4.428898756118220259e-01,4.428898755675330090e-01,1.000000082740370870e-10,1.000000041370184609e-05
9.817011857715749468e-01,-2.139226428568569982e-01,-2.139226428354647214e-01,1.000000082740370870e-10,1.000000041370184609e-05
2.867834950642039749e-01,-1.542221583455919975e-01,-1.542221583301697785e-01,1.000000082740370870e-10,1.000000041370184609e-05
