x,y,yp,yv,ysd
2.667883292694270270e-01,3.238531293087499874e-01,3.238531191756078842e-01,1.158416765914813719e-08,1.076297712491675670e-04
7.103012341540310137e-01,-5.237995478325739862e-01,-5.237994641247659677e-01,1.158416724281450295e-08,1.076297693150668331e-04
6.071723751180490014e-01,-6.694769455052169971e-02,-6.694773108311928567e-02,1.158416674321414187e-08,1.076297669941459118e-04
4.210389178479089778e-01,4.762004521674260138e-01,4.762004106446320884e-01,1.158416771465928842e-08,1.076297715070476558e-04
9.801927945033339640e-01,-2.485471725222090089e-01,-2.485471695164169770e-01,1.158416868610443497e-08,1.076297760199492100e-04
1.012473445152859974e-01,3.924083342912940142e-02,3.924084489087409366e-02,1.158416835303752758e-08,1.076297744726687042e-04
