x,y,yp,yv,ysd
2.262354752359289900e-01,5.095854962517918363e-01,5.095854961386061532e-01,1.000024507646912753e-10,1.000012253748379228e-05
5.985761757086339729e-01,2.186001348529879595e-01,2.186001353059812136e-01,1.000000082740370870e-10,1.000000041370184609e-05
4.775752433730909852e-01,0.000000000000000000e+00,-4.456057745017005800e-11,9.999467920351891208e-11,9.999733956636991738e-06
9.467539433389899894e-01,7.766776218988848957e-01,7.766776220547673137e-01,1.000000082740370870e-10,1.000000041370184609e-05
2.284442497572549899e-02,5.171582660619293836e-01,5.171582660672702225e-01,1.000004523632469500e-10,1.000002261813676836e-05
7.578248127053179850e-01,1.000000000000000000e+00,9.999999994512023260e-01,9.999823191719771258e-11,9.999911595469117753e-06
