"","x","y","yp","yv","ysd"
"1",0.254218861499491,-0.561190528014974,-0.561190381097546,2.82983888825693e-07,0.000531962300192122
"2",0.547030708325716,0.209660304834926,0.209658709017559,2.8298256834473e-07,0.000531961059049184
"3",0.916507532820106,0.179390807360569,0.179390762695222,2.82983980690702e-07,0.000531962386537528
"4",0.438970850508971,-0.286216712485014,-0.286215158383331,2.82982426965612e-07,0.00053196092616433
"5",0.00189994116468976,0.0195466563194676,0.0195464909753509,2.82984219322945e-07,0.000531962610831762
"6",0.767976093765659,0.438809471985026,0.438809526973168,2.82983633070868e-07,0.000531962059803957
