"","x","y","yp","yv","ysd"
"1",0.41964928767023,-0.408019280964905,-0.408019269285953,4.29985722028015e-09,6.5573296548825e-05
"2",0.27964165507971,0.10802308694192,0.108023082151458,4.29985722028015e-09,6.5573296548825e-05
"3",0.857871303218417,0.26316833816743,0.263168336418788,4.29985716476899e-09,6.55732961255494e-05
"4",0.783421007489475,0.389937410058498,0.389937394659178,4.29985716476899e-09,6.55732961255494e-05
"5",0.159665422475276,0.25695303573856,0.256953026750777,4.29985719252457e-09,6.55732963371872e-05
"6",0.638104176498018,-0.610062589941502,-0.610062570694248,4.29985724803572e-09,6.55732967604628e-05
