"","x","y","yp","yv","ysd"
"1",0.266788329269427,0.32385312930875,0.179348917839491,0.102291609905874,0.319830595637556
"2",0.710301234154031,-0.523799547832574,-0.141820542465312,0.102291609905874,0.319830595637556
"3",0.607172375118049,-0.0669476945505217,-0.067139874476509,0.102291609905874,0.319830595637556
"4",0.421038917847909,0.476200452167426,0.0676484966345232,0.102291609905874,0.319830595637556
"5",0.980192794503334,-0.248547172522209,-0.337262266535911,0.102291609905874,0.319830595637556
"6",0.101247344515286,0.0392408334291294,0.299225269003718,0.102291609905874,0.319830595637556
