"","x","y","yp","yv","ysd"
"1",0.760110977843093,0.133625568865816,0.134128639225777,0.000349496652899452,0.0186948295766357
"2",0.334784099987398,0.071074008680321,0.0731035637933211,0.000265597288664397,0.0162971558458645
"3",0.330956181782919,0.0655951233818143,0.0628869177225429,0.000266199940034043,0.0163156348339267
"4",0.552764134015888,0.12240658436572,0.122383275353422,0.000350044410323597,0.018709473812045
"5",0.106574823653015,-0.696350642646836,-0.695131721704994,0.000350372903495988,0.0187182505458172
"6",0.882537205897582,0.303649357353164,0.302877911472517,0.000349869669745127,0.0187048033869679
