x.1,y,yp,yv,ysd
0.17532,0.24162,0.24162,5.4782e-16,2.3405e-08
0.37736,0.38571,0.38571,5.4782e-16,2.3405e-08
0.73313,-0.61429,-0.61429,5.307e-16,2.3037e-08
0.97269,0.14745,0.14745,5.4782e-16,2.3405e-08
0.14412,0.21589,0.21589,5.4782e-16,2.3405e-08
0.60256,-0.37637,-0.37637,5.307e-16,2.3037e-08
