x.1,y,yp,yv,ysd
0.7368,0.41021,0.41021,5.0815e-16,2.2542e-08
0.36249,-0.4001,-0.4001,5.2403e-16,2.2892e-08
0.10302,-0.39123,-0.39123,5.3991e-16,2.3236e-08
0.56193,0.040028,0.040028,5.0815e-16,2.2542e-08
0.87041,0.5999,0.5999,5.2403e-16,2.2892e-08
0.22673,-0.25881,-0.25881,5.0815e-16,2.2542e-08
