x,y,yp,yv,ysd
2.203578799574950065e-01,6.504635287943899558e-01,6.504634432737104177e-01,1.002910305738673008e-08,1.001454095672224466e-04
5.181785679111879928e-01,-3.495364712056099887e-01,-3.495365036164433947e-01,1.002908307337228683e-08,1.001453097921829115e-04
7.148770603040850435e-01,-2.927328720179789845e-01,-2.927328320673552864e-01,1.002910128102989068e-08,1.001454006983340755e-04
4.699094142609590019e-01,-2.078090824898030098e-01,-2.078090248333969714e-01,1.002908571015197031e-08,1.001453229569507713e-04
8.199461669816329734e-02,1.868218426143949951e-01,1.868218869107907132e-01,1.002910358474266678e-08,1.001454122001735412e-04
8.383760814710210507e-01,1.279305430460800017e-02,1.279302406603155529e-02,1.002910294636442762e-08,1.001454090129169573e-04
