x.1,y,yp,yv,ysd
0.22624,0.0059152,0.0059152,3.9099e-16,1.9774e-08
0.59858,-0.28507,-0.28507,3.9099e-16,1.9774e-08
0.47758,-0.50367,-0.50367,3.6656e-16,1.9146e-08
0.94675,0.27301,0.27301,3.9099e-16,1.9774e-08
0.022844,0.013488,0.013488,3.7878e-16,1.9462e-08
0.75782,0.49633,0.49633,3.9099e-16,1.9774e-08
