"","x","y","yp","yv","ysd"
"1",0.413627589315486,-0.583119917869803,-0.211285858623377,0.12102388219973,0.347884869173309
"2",0.0551018324137355,0.23640598692259,0.371276141114036,0.12102388219973,0.347884869173309
"3",0.692943374820364,0.095142031795025,-0.0959224692039052,0.12102388219973,0.347884869173309
"4",0.580022342231435,-0.386705914180874,-0.202593602798976,0.12102388219973,0.347884869173309
"5",0.867285432449232,0.221397731202865,0.228782261633043,0.12102388219973,0.347884869173309
"6",0.280061231266397,0.416880082130197,-0.0902564721208178,0.12102388219973,0.347884869173309
