"","x","y","yp","yv","ysd"
"1",0.587573562981561,0.130448838155852,-0.212423615038804,0.050951067307861,0.225723431012071
"2",0.173544606775977,0.202866461154839,0.249489308380854,0.050951067307861,0.225723431012071
"3",0.989814850618131,-0.367598496241561,-0.320914740718032,0.050951067307861,0.225723431012071
"4",0.344528090402794,-0.240922754737373,0.0156638387192007,0.050951067307861,0.225723431012071
"5",0.00495555837793897,0.632401503758439,0.539369174609303,0.050951067307861,0.225723431012071
"6",0.688548037704701,-0.357195552090197,-0.27118396595252,0.050951067307861,0.225723431012071
