"","x","y","yp","yv","ysd"
"1",0.220357879957495,0.65046352879439,0.650462240315642,3.01766677615242e-07,0.000549332938767777
"2",0.518178567911188,-0.34953647120561,-0.349536959414603,3.01762130553864e-07,0.000549328800040435
"3",0.714877060304085,-0.292732872017979,-0.292732270126858,3.01766266769402e-07,0.000549332564817891
"4",0.469909414260959,-0.207809082489803,-0.207808213912296,3.01762747978473e-07,0.000549329362021068
"5",0.0819946166981633,0.186821842614395,0.186822509988196,3.01766794741317e-07,0.000549333045375314
"6",0.838376081471021,0.012793054304608,0.0127925987288465,3.0176664933881e-07,0.000549332913030714
