"","x","y","yp","yv","ysd"
"1",0.0670057455621039,0.418559180693156,0.397885706534306,0.00869038519484746,0.0932222355173242
"2",0.496180470217951,-0.466793168817495,-0.436474082083233,0.00840284909157612,0.0916670556501959
"3",0.726387668478613,-0.226862609686687,-0.205006395515871,0.0086879358528642,0.0932090974790776
"4",0.581943424069323,-0.265200144382723,-0.30042258355782,0.00807199734545056,0.0898442950078109
"5",0.98321659284799,0.533206831182505,0.517044081327613,0.00887064727904323,0.094184113729669
"6",0.170138539086717,0.00708991101124263,0.0207979827360962,0.00867324963211154,0.0931302831098002
