"","x","y","yp","yv","ysd"
"1",0.397920957844083,0.327743903448201,-0.054615348435518,0.157543824770938,0.396917906840871
"2",0.147978295261661,-0.557110124388178,-0.153727998403955,0.157543824770938,0.396917906840871
"3",0.759153758990578,0.154621146530605,0.0886284651945149,0.157543824770938,0.396917906840871
"4",0.640363230874451,0.442889875611822,0.0415230854602449,0.157543824770938,0.396917906840871
"5",0.981701185771575,-0.213922642856857,0.176877765990243,0.157543824770938,0.396917906840871
"6",0.286783495064204,-0.154222158345592,-0.0986859698055291,0.157543824770938,0.396917906840871
