"","x","y","yp","yv","ysd"
"1",0.619603084710737,0.0630887760139673,0.0633867541337469,0.0064806722417194,0.0805026225766552
"2",0.498651015805081,0.602592550580378,0.591277881262848,0.00648067316605904,0.080502628317708
"3",0.896672529905724,-0.397407449419622,-0.391011107171182,0.00646530023686301,0.080407090712592
"4",0.129574203553299,-0.362493357194208,-0.349411938565961,0.00646372353449649,0.0803972856164714
"5",0.822450871850985,-0.278123720994742,-0.275864129103555,0.00646529930625971,0.0804070849257682
"6",0.20202375354711,0.372343201014226,0.359137033548953,0.00646372353449407,0.0803972856164564
