x,y,yp,yv,ysd
7.601109778430930053e-01,1.336255688658160024e-01,1.336256471002528201e-01,9.999520263337721893e-09,9.999760128791950473e-05
3.347840999873979984e-01,7.107400868032100194e-02,7.108790926790753417e-02,8.244083578435088178e-09,9.079693595290034994e-05
3.309561817829190233e-01,6.559512338181429369e-02,6.558119376357218755e-02,8.292269922239079072e-09,9.106190159577758352e-05
5.527641340158879757e-01,1.224065843657199948e-01,1.224064275463483398e-01,9.998521950793978952e-09,9.999260948087103286e-05
1.065748236530150023e-01,-6.963506426468359933e-01,-6.963504864720198029e-01,9.999957247120214355e-09,9.999978623537259990e-05
8.825372058975820000e-01,3.036493573531640067e-01,3.036493122943646483e-01,9.999930601767623351e-09,9.999965300823609657e-05
