x.1,y,yp,yv,ysd
0.23292,0.16903,0.16903,4.5953e-16,2.1437e-08
0.76128,-0.12653,-0.12653,4.7389e-16,2.1769e-08
0.57123,-0.50811,-0.50811,4.5953e-16,2.1437e-08
0.47304,-0.2572,-0.2572,4.5953e-16,2.1437e-08
0.94967,0.49189,0.49189,4.7389e-16,2.1769e-08
0.15979,0.23093,0.23093,4.7389e-16,2.1769e-08
