x,y,yp,yv,ysd
3.979209578440829898e-01,8.848540278363790090e-01,8.848540277478935678e-01,1.000000082740370870e-10,1.000000041370184609e-05
1.479782952616610081e-01,0.000000000000000000e+00,0.000000000000000000e+00,1.000000082740370870e-10,1.000000041370184609e-05
7.591537589905780203e-01,7.117312709187829656e-01,7.117312708476098981e-01,1.000000082740370870e-10,1.000000041370184609e-05
6.403632308744510171e-01,1.000000000000000000e+00,9.999999998999999917e-01,1.000000082740370870e-10,1.000000041370184609e-05
9.817011857715749468e-01,3.431874815313209481e-01,3.431874814970021781e-01,1.000000082740370870e-10,1.000000041370184609e-05
2.867834950642039749e-01,4.028879660425859766e-01,4.028879660022972042e-01,1.000000082740370870e-10,1.000000041370184609e-05
