x,y,yp,yv,ysd
2.329190061427650060e-01,1.690278215233539938e-01,1.690278255282960385e-01,1.082526776658835393e-08,1.040445470295697626e-04
7.612796380805469942e-01,-1.265336665530719940e-01,-1.265336553205873849e-01,1.082527068092379357e-08,1.040445610347979328e-04
5.712276860140259593e-01,-5.081138833883569461e-01,-5.081138072489903568e-01,1.082526879354465170e-08,1.040445519647456200e-04
4.730403018184010100e-01,-2.571950451181330144e-01,-2.571950810943019472e-01,1.082526912661155909e-08,1.040445535653431499e-04
9.496651005077489938e-01,4.918861166116429984e-01,4.918860617123738121e-01,1.082527134705760834e-08,1.040445642359926810e-04
1.597873566206539919e-01,2.309286569245649900e-01,2.309286340052514042e-01,1.082526843272216870e-08,1.040445502307649444e-04
