x,y,yp,yv,ysd
2.262354752359289900e-01,5.915243074192919753e-03,5.915243073601394660e-03,1.000000082740370870e-10,1.000000041370184609e-05
5.985761757086339729e-01,-2.850701183246109882e-01,-2.850701182961040137e-01,1.000000082740370870e-10,1.000000041370184609e-05
4.775752433730909852e-01,-5.036702531775989478e-01,-5.036702531272319039e-01,1.000000082740370870e-10,1.000000041370184609e-05
9.467539433389899894e-01,2.730073687212860034e-01,2.730073686939852862e-01,1.000000082740370870e-10,1.000000041370184609e-05
2.284442497572549899e-02,1.348801288433039945e-02,1.348801288298159644e-02,1.000000082740370870e-10,1.000000041370184609e-05
7.578248127053179850e-01,4.963297468224009967e-01,4.963297467727680323e-01,1.000000082740370870e-10,1.000000041370184609e-05
