x,y,yp,yv,ysd
5.875735629815610483e-01,4.980473343974129996e-01,4.980473339497590857e-01,1.000008964524567871e-10,1.000004482252238654e-05
1.735446067759769950e-01,5.704649573964000187e-01,5.704649573212903224e-01,1.000006744078518750e-10,1.000003372033574046e-05
9.898148506181310147e-01,0.000000000000000000e+00,-5.068412356479257141e-11,1.000000082740370870e-10,1.000000041370184609e-05
3.445280904027939739e-01,1.266757415041879775e-01,1.266757417091133320e-01,9.999978622943216195e-11,9.999989311465895916e-06
4.955558377938969715e-03,1.000000000000000000e+00,9.999999999050440680e-01,1.000006744078518750e-10,1.000003372033574046e-05
6.885480377047009659e-01,1.040294415136400197e-02,1.040294451398082742e-02,9.999912009561741271e-11,9.999956004684090955e-06
