"","x","y","yp","yv","ysd"
"1",0.736799128586426,0.410207841824194,0.352045442284733,0.0233162908938245,0.152696728497452
"2",0.362485443629945,-0.400095255627256,-0.154969142508222,0.0233162908938245,0.152696728497452
"3",0.103020940170002,-0.391233064051545,-0.506418455684009,0.0233162908938245,0.152696728497452
"4",0.561925929544183,0.0400277218561131,0.115176564743889,0.0233162908938245,0.152696728497452
"5",0.870410208823159,0.599904744372744,0.533024041498494,0.0233162908938245,0.152696728497452
"6",0.226725474388028,-0.258811988374251,-0.338858450334885,0.0233162908938245,0.152696728497452
