x,y,yp,yv,ysd
5.588499493120859807e-01,1.000000000000000000e+00,9.999999998999999917e-01,1.000000082740370870e-10,1.000000041370184609e-05
1.122288471863920056e-01,0.000000000000000000e+00,0.000000000000000000e+00,1.000000082740370870e-10,1.000000041370184609e-05
8.085947076712419745e-01,5.912490106300490877e-01,5.912490105709241606e-01,1.000000082740370870e-10,1.000000041370184609e-05
4.325596723550310108e-01,6.567562198540599638e-01,6.567562197883842767e-01,1.000000082740370870e-10,1.000000041370184609e-05
8.918209859790899863e-01,4.357911808637924822e-01,4.357911808202133419e-01,1.000000082740370870e-10,1.000000041370184609e-05
2.366031369892880043e-01,3.364945658123169592e-01,3.364945657786675426e-01,1.000000082740370870e-10,1.000000041370184609e-05
