"","x","y","yp","yv","ysd"
"1",0.232919006142765,0.169027821523354,-0.0223111586602559,0.165375372621127,0.406663709496098
"2",0.761279638080547,-0.126533666553072,0.018096647087294,0.165375372621127,0.406663709496098
"3",0.571227686014026,-0.508113883388357,0.00356191096798567,0.165375372621127,0.406663709496098
"4",0.473040301818401,-0.257195045118133,-0.00394723431576829,0.165375372621127,0.406663709496098
"5",0.949665100507749,0.491886116611643,0.0325039339123978,0.165375372621127,0.406663709496098
"6",0.159787356620654,0.230928656924565,-0.0279040989916531,0.165375372621127,0.406663709496098
