x,y,yp,yv,ysd
4.196492876702300201e-01,-4.080192809649049734e-01,-4.080192464577918066e-01,1.241898286530442511e-08,1.114404902416730390e-04
2.796416550797100053e-01,1.080230869419200046e-01,1.080230781524544881e-01,1.241898280979327388e-08,1.114404899926111866e-04
8.578713032184169807e-01,2.631683381674300160e-01,2.631683344630287302e-01,1.241898250448194211e-08,1.114404886227709509e-04
7.834210074894749631e-01,3.899374100584980241e-01,3.899373751376705721e-01,1.241898244897079088e-08,1.114404883737090849e-04
1.596654224752759865e-01,2.569530357385599872e-01,2.569530160729825985e-01,1.241898278203769826e-08,1.114404898680802536e-04
6.381041764980179831e-01,-6.100625899415019759e-01,-6.100625365327765337e-01,1.241898283754884949e-08,1.114404901171421196e-04
