x,y,yp,yv,ysd
4.196492876702300201e-01,-4.080192809649049734e-01,-4.080192809241030560e-01,1.000000082740370870e-10,1.000000041370184609e-05
2.796416550797100053e-01,1.080230869419200046e-01,1.080230869311177011e-01,1.000000082740370870e-10,1.000000041370184609e-05
8.578713032184169807e-01,2.631683381674300160e-01,2.631683381411131784e-01,1.000000082740370870e-10,1.000000041370184609e-05
7.834210074894749631e-01,3.899374100584980241e-01,3.899374100195043269e-01,1.000000082740370870e-10,1.000000041370184609e-05
1.596654224752759865e-01,2.569530357385599872e-01,2.569530357128646525e-01,1.000000082740370870e-10,1.000000041370184609e-05
6.381041764980179831e-01,-6.100625899415019759e-01,-6.100625898804956648e-01,1.000000082740370870e-10,1.000000041370184609e-05
