x,y,yp,yv,ysd
6.700574556210389665e-02,4.185591806931560077e-01,2.820234944977059732e-01,4.442908946823735661e-02,2.107820900082294779e-01
4.961804702179509752e-01,-4.667931688174949967e-01,-3.708971126150897302e-01,4.271194063938782426e-02,2.066686735801723518e-01
7.263876684786130244e-01,-2.268626096866870057e-01,-1.399872886835066277e-01,4.508883183337537848e-02,2.123413097665533822e-01
5.819434240693229787e-01,-2.652001443827229910e-01,-3.412401301435150636e-01,3.891210947182810465e-02,1.972615255741172191e-01
9.832165928479900119e-01,5.332068311825050033e-01,4.171397871871118657e-01,4.887749727421224211e-02,2.210825575983149383e-01
1.701385390867170000e-01,7.089911011242630047e-03,9.052811079281941620e-02,4.388127960310160558e-02,2.094785898441690608e-01
