x,y,yp,yv,ysd
2.329190061427650060e-01,1.690278215233539938e-01,1.690278215064512368e-01,1.000000082740370870e-10,1.000000041370184609e-05
7.612796380805469942e-01,-1.265336665530719940e-01,-1.265336665404186156e-01,1.000000082740370870e-10,1.000000041370184609e-05
5.712276860140259593e-01,-5.081138833883569461e-01,-5.081138833375455910e-01,1.000000082740370870e-10,1.000000041370184609e-05
4.730403018184010100e-01,-2.571950451181330144e-01,-2.571950450924134768e-01,1.000000082740370870e-10,1.000000041370184609e-05
9.496651005077489938e-01,4.918861166116429984e-01,4.918861165624543452e-01,1.000000082740370870e-10,1.000000041370184609e-05
1.597873566206539919e-01,2.309286569245649900e-01,2.309286569014721291e-01,1.000000082740370870e-10,1.000000041370184609e-05
