x,y,yp,yv,ysd
7.412406198369959620e-01,5.304908046950289613e-01,3.604821470815661733e-01,3.120154481962591694e-02,1.766395901818896275e-01
1.607778257069490124e-01,-4.695091953049709832e-01,-3.769140148437317150e-01,3.582166630580467526e-02,1.892661256162990191e-01
8.568645121607310067e-01,7.283396412740110459e-02,1.605999224161988315e-01,3.505823800095127230e-02,1.872384522499352111e-01
4.627854188050449791e-01,-1.307963077678870045e-01,-8.818605700479968668e-02,3.455143669661576988e-02,1.858801675720564150e-01
3.006212332208330062e-01,-2.822154172918859838e-01,-2.987222627610889858e-01,3.390573221287156158e-02,1.841350922906102583e-01
6.322243254010879721e-01,2.791961515423149742e-01,2.894069153097180713e-01,3.275717451822711401e-02,1.809894320622812414e-01
