"","x","y","yp","yv","ysd"
"1",0.162733081573,0.00973717189177879,0.00973759640650899,2.20791611840444e-07,0.000469884679299554
"2",0.704304243515556,0.520802461640028,0.520801995389239,2.20792352117642e-07,0.000469885467021105
"3",0.407468204852194,-0.479197538359972,-0.479196386303736,2.20791752899903e-07,0.000469884829399613
"4",0.512496570784909,-0.162617136504306,-0.162617564187083,2.20791945399674e-07,0.000469885034236753
"5",0.943649793082538,0.206354043157571,0.206353968162005,2.20792414306859e-07,0.000469885533195968
"6",0.231258257098186,-0.0950790018250997,-0.0950797833118091,2.20791213640708e-07,0.000469884255578656
