x,y,yp,yv,ysd
7.601109778430930053e-01,8.299762115126519957e-01,8.299762125145946356e-01,1.201598820443905166e-10,1.096174630450780541e-05
3.347840999873979984e-01,7.674246513271569814e-01,7.674246871640661993e-01,1.403623883788895651e-10,1.184746337318202365e-05
3.309561817829190233e-01,7.619457660286502731e-01,7.619457295912184236e-01,1.523972059658263137e-10,1.234492632484399670e-05
5.527641340158879757e-01,8.187572270125560436e-01,8.187572265063636223e-01,1.341007305200037081e-10,1.158018698121941859e-05
1.065748236530150023e-01,0.000000000000000000e+00,8.012648322619497776e-10,1.326605492124599292e-10,1.151783613412085050e-05
8.825372058975820000e-01,1.000000000000000000e+00,9.999999992434993601e-01,1.132889337895903607e-10,1.064372743871198376e-05
