x,y,yp,yv,ysd
4.951759426621720195e-01,6.811766108101080519e-01,6.811766107419903182e-01,1.000000082740370870e-10,1.000000041370184609e-05
7.639979966140040268e-01,6.012437660940151973e-01,6.012437660338908474e-01,1.000000082740370870e-10,1.000000041370184609e-05
3.270341040721779780e-01,3.806082214361249938e-01,3.806082213980642170e-01,1.000000082740370870e-10,1.000000041370184609e-05
1.269504005322230067e-01,6.822611625006560487e-01,6.822611624324299573e-01,1.000000082740370870e-10,1.000000041370184609e-05
9.524180892234049844e-01,0.000000000000000000e+00,0.000000000000000000e+00,1.000000082740370870e-10,1.000000041370184609e-05
6.661021428105110553e-01,1.000000000000000000e+00,9.999999998999999917e-01,1.000000082740370870e-10,1.000000041370184609e-05
