x,y,yp,yv,ysd
6.700574556210389665e-02,4.185591806931560077e-01,4.179830992405647594e-01,2.480568410651997702e-04,1.574982035025161015e-02
4.961804702179509752e-01,-4.667931688174949967e-01,-4.662731469341944157e-01,2.480094434364890155e-04,1.574831557457777656e-02
7.263876684786130244e-01,-2.268626096866870057e-01,-2.265743944379511876e-01,2.480906594363032703e-04,1.575089392499052013e-02
5.819434240693229787e-01,-2.652001443827229910e-01,-2.654654777266060584e-01,2.479617883625464614e-04,1.574680248058463530e-02
9.832165928479900119e-01,5.332068311825050033e-01,5.327039568124471991e-01,2.481260874073323375e-04,1.575201851850524873e-02
1.701385390867170000e-01,7.089911011242630047e-03,7.412203520804350187e-03,2.480552895904733013e-04,1.574977109644687054e-02
