x,y,yp,yv,ysd
1.753172203510380001e-01,8.559087136146922292e-01,8.559087141408805444e-01,1.000159954855917022e-10,1.000079974230019795e-05
3.773629445737849974e-01,1.000000000000000000e+00,9.999999996044763861e-01,1.000639571202555219e-10,1.000319734486206768e-05
7.331317884769910087e-01,0.000000000000000000e+00,4.324887115103592805e-10,1.000017846308765131e-10,1.000008923114571570e-05
9.726890239010880235e-01,7.617388572469353525e-01,7.617388569336895898e-01,9.999556738193859928e-11,9.999778366640862628e-06
1.441202043012410061e-01,8.301852879868562018e-01,8.301852875906305940e-01,1.000461935518615193e-10,1.000230941092413494e-05
6.025587361461169911e-01,2.379242081731727798e-01,2.379242081859160862e-01,9.999467920351891208e-11,9.999733956636991738e-06
