"","x","y","yp","yv","ysd"
"1",0.232919006142765,0.169027821523354,0.169027822448688,1.28036026225686e-10,1.13153005362512e-05
"2",0.761279638080547,-0.126533666553072,-0.126533666760557,1.28036109492413e-10,1.1315304215637e-05
"3",0.571227686014026,-0.508113883388357,-0.508113881601274,1.28036359292594e-10,1.13153152537874e-05
"4",0.473040301818401,-0.257195045118133,-0.257195046425245,1.28036248270291e-10,1.13153103479441e-05
"5",0.949665100507749,0.491886116611643,0.491886116219208,1.2803619275914e-10,1.13153078950217e-05
"6",0.159787356620654,0.230928656924565,0.230928656119183,1.28035804181081e-10,1.13152907245497e-05
