x,y,yp,yv,ysd
4.136275893154859884e-01,0.000000000000000000e+00,3.737219422816906444e-10,9.999778782798786252e-11,9.999889390787673318e-06
5.510183241373550062e-02,8.195259047923929563e-01,8.195259048244787348e-01,9.999978622943216195e-11,9.999989311465895916e-06
6.929433748203640553e-01,6.782619496648280011e-01,6.782619495893271733e-01,9.999800987259277463e-11,9.999900493134557700e-06
5.800223422314350064e-01,1.964140036889289731e-01,1.964140036277424173e-01,9.999923111791987522e-11,9.999961555822095829e-06
8.672854324492319522e-01,8.045176490726679841e-01,8.045176490342629272e-01,9.999967520712969944e-11,9.999983760343298571e-06
2.800612312663969816e-01,1.000000000000000000e+00,9.999999996262567414e-01,1.000017846308765131e-10,1.000008923114571570e-05
