x,y,yp,yv,ysd
5.588499493120859807e-01,4.966181704732969826e-01,4.966180883133490820e-01,1.245656303393846777e-08,1.116089738055971333e-04
1.122288471863920056e-01,-5.033818295267029619e-01,-5.033817527343666942e-01,1.245656347802767762e-08,1.116089757950841454e-04
8.085947076712419745e-01,8.786718110334609810e-02,8.786717293905478565e-02,1.245656127145941618e-08,1.116089659098202326e-04
4.325596723550310108e-01,1.533743903273570020e-01,1.533744376839049628e-01,1.245656261760483353e-08,1.116089719404530399e-04
8.918209859790899863e-01,-6.759064866291049356e-02,-6.759061947496321221e-02,1.245656178493756507e-08,1.116089682101647449e-04
2.366031369892880043e-01,-1.668872637143860027e-01,-1.668873087463940141e-01,1.245656264536040915e-08,1.116089720647959723e-04
