"","x","y","yp","yv","ysd"
"1",0.226235475235929,0.00591524307419292,0.00591524307419289,0,0
"2",0.598576175708634,-0.285070118324611,-0.285070118324611,0,0
"3",0.477575243373091,-0.503670253177599,-0.503670253177599,0,0
"4",0.94675394333899,0.273007368721286,0.273007368721286,0,0
"5",0.0228444249757255,0.0134880128843304,0.0134880128843304,1.38777878078145e-17,3.72529029846191e-09
"6",0.757824812705318,0.496329746822401,0.496329746822401,0,0
