x,y,yp,yv,ysd
8.663526600381979970e-01,0.000000000000000000e+00,1.458078102700710588e-11,1.000013405416666501e-10,1.000006702685870232e-05
5.073671745679649847e-01,9.948203443508730759e-01,9.948203441435277128e-01,1.000053373445553136e-10,1.000026686366695498e-05
4.168203886753569787e-01,1.000000000000000000e+00,9.999999994397548164e-01,1.000106664150735143e-10,1.000053330653288253e-05
2.313047697922840026e-02,4.052896686197760556e-01,4.052896684582103504e-01,1.000088900582340882e-10,1.000044449303300161e-05
6.823224514179550004e-01,4.149069475557100595e-01,4.149069478336318006e-01,9.999912009561741271e-11,9.999956004684090955e-06
2.587089590961110241e-01,4.854205308692222665e-01,4.854205314568833529e-01,1.000124427719128887e-10,1.000062211924402669e-05
