"","x","y","yp","yv","ysd"
"1",0.175317220351038,0.241615869111083,0.241615869111083,9.68763263001922e-15,9.8425772184013e-08
"2",0.377362944573785,0.385707155496391,0.385707155496391,0,0
"3",0.733131788476991,-0.61429284450361,-0.61429284450361,0,0
"4",0.972689023901088,0.147446012743326,0.147446012743326,6.72752265973557e-17,8.20214768200108e-09
"5",0.144120204301241,0.215892443483247,0.215892443483247,7.80392628529326e-15,8.83398340800642e-08
"6",0.602558736146117,-0.376368636330437,-0.376368636330437,0,0
