x,y,yp,yv,ysd
2.667883292694270270e-01,8.476526771413239736e-01,8.476526770565586677e-01,1.000000082740370870e-10,1.000000041370184609e-05
7.103012341540310137e-01,0.000000000000000000e+00,0.000000000000000000e+00,1.000000082740370870e-10,1.000000041370184609e-05
6.071723751180490014e-01,4.568518532820523004e-01,4.568518532363670670e-01,1.000000082740370870e-10,1.000000041370184609e-05
4.210389178479089778e-01,1.000000000000000000e+00,9.999999998999999917e-01,1.000000082740370870e-10,1.000000041370184609e-05
9.801927945033339640e-01,2.752523753103649495e-01,2.752523752828397452e-01,1.000000082740370870e-10,1.000000041370184609e-05
1.012473445152859974e-01,5.630403812617034154e-01,5.630403812053993429e-01,1.000000082740370870e-10,1.000000041370184609e-05
