"","x","y","yp","yv","ysd"
"1",0.736799128586426,0.410207841824194,-1.54973148029647e-16,0.181976312728163,0.426586817339874
"2",0.362485443629945,-0.400095255627256,-1.54973148029647e-16,0.181976312728163,0.426586817339874
"3",0.103020940170002,-0.391233064051545,-1.54973148029647e-16,0.181976312728163,0.426586817339874
"4",0.561925929544183,0.0400277218561131,-1.54973148029647e-16,0.181976312728163,0.426586817339874
"5",0.870410208823159,0.599904744372744,-1.54973148029647e-16,0.181976312728163,0.426586817339874
"6",0.226725474388028,-0.258811988374251,-1.54973148029647e-16,0.181976312728163,0.426586817339874
