x,y,yp,yv,ysd
5.588499493120859807e-01,4.966181704732969826e-01,3.903658383047309277e-01,1.992909612670192357e-02,1.411704506145033400e-01
1.122288471863920056e-01,-5.033818295267029619e-01,-4.210823540193696646e-01,2.118097243359786178e-02,1.455368421864300932e-01
8.085947076712419745e-01,8.786718110334609810e-02,9.809976042856913270e-02,1.896037311394064076e-02,1.376966706712280664e-01
4.325596723550310108e-01,1.533743903273570020e-01,2.275202299788849081e-01,1.913188457119647037e-02,1.383180558394184190e-01
8.918209859790899863e-01,-6.759064866291049356e-02,-4.421991841230067666e-02,2.010042609438907404e-02,1.417759714986607800e-01
2.366031369892880043e-01,-1.668872637143860027e-01,-2.280204795561399100e-01,1.935074108868898093e-02,1.391069411952149115e-01
