"","x","y","yp","yv","ysd"
"1",0.397920957844083,0.327743903448201,0.327743903448201,0,0
"2",0.147978295261661,-0.557110124388178,-0.557110124388178,1.01176607837869e-15,3.18082705971055e-08
"3",0.759153758990578,0.154621146530605,0.154621146530605,4.45177074486622e-16,2.10992197601386e-08
"4",0.640363230874451,0.442889875611822,0.442889875611822,0,0
"5",0.981701185771575,-0.213922642856857,-0.213922642856857,1.6188257254059e-16,1.27233082388422e-08
"6",0.286783495064204,-0.154222158345592,-0.154222158345592,0,0
