"","x","y","yp","yv","ysd"
"1",0.266788329269427,0.32385312930875,1.17961196366423e-16,0.134762244019953,0.367099773930676
"2",0.710301234154031,-0.523799547832574,1.17961196366423e-16,0.134762244019953,0.367099773930676
"3",0.607172375118049,-0.0669476945505217,1.17961196366423e-16,0.134762244019953,0.367099773930676
"4",0.421038917847909,0.476200452167426,1.17961196366423e-16,0.134762244019953,0.367099773930676
"5",0.980192794503334,-0.248547172522209,1.17961196366423e-16,0.134762244019953,0.367099773930676
"6",0.101247344515286,0.0392408334291294,1.17961196366423e-16,0.134762244019953,0.367099773930676
