"","x","y","yp","yv","ysd"
"1",0.397920957844083,0.327743903448201,0.327740805750781,3.67334410024319e-07,0.000606081190950782
"2",0.147978295261661,-0.557110124388178,-0.557110358802114,3.6734009437945e-07,0.000606085880366347
"3",0.759153758990578,0.154621146530605,0.15462041102716,3.67338358444767e-07,0.000606084448278263
"4",0.640363230874451,0.442889875611822,0.442890853713903,3.67337115272466e-07,0.000606083422700593
"5",0.981701185771575,-0.213922642856857,-0.21392220778662,3.67341408086205e-07,0.000606086964128255
"6",0.286783495064204,-0.154222158345592,-0.154219280908924,3.67332547192871e-07,0.000606079654165087
