"","x","y","yp","yv","ysd"
"1",0.558849949312086,0.496618170473297,0.496618170473297,0,0
"2",0.112228847186392,-0.503381829526703,-0.503381829526703,1.28632281287613e-16,1.13416172254054e-08
"3",0.808594707671242,0.0878671811033461,0.0878671811033461,0,0
"4",0.432559672355031,0.153374390327357,0.153374390327357,5.14529125150454e-17,7.1730685564161e-09
"5",0.89182098597909,-0.0675906486629105,-0.0675906486629105,7.7179368772568e-17,8.78517892661089e-09
"6",0.236603136989288,-0.166887263714386,-0.166887263714386,2.57264562575227e-17,5.07212541815782e-09
