"","x","y","yp","yv","ysd"
"1",0.413627589315486,-0.583119917869803,-0.583119334750468,2.59104963939805e-07,0.0005090235396716
"2",0.0551018324137355,0.23640598692259,0.236405750516839,2.59104963939805e-07,0.0005090235396716
"3",0.692943374820364,0.095142031795025,0.0951419366530883,2.59104963939805e-07,0.0005090235396716
"4",0.580022342231435,-0.386705914180874,-0.386705527475347,2.59104963939805e-07,0.0005090235396716
"5",0.867285432449232,0.221397731202865,0.221397509805355,2.59104963939805e-07,0.0005090235396716
"6",0.280061231266397,0.416880082130197,0.416879665250532,2.59104963939805e-07,0.0005090235396716
