"","x","y","yp","yv","ysd"
"1",0.576267858540329,0.621928272393655,0.621928272393655,0,0
"2",0.256784591202935,-0.0707969165551328,-0.0707969165551328,7.46182229651483e-17,8.63818400852565e-09
"3",0.777613304982272,-0.378071727606345,-0.378071727606345,0,0
"4",0.352116489588904,-0.0275531230060349,-0.0275531230060349,7.46182229651483e-17,8.63818400852565e-09
"5",0.869727861252613,-0.3224050322158,-0.3224050322158,0,0
"6",0.131306057912298,0.176898526989657,0.176898526989657,4.97454819767655e-17,7.05304770838575e-09
