x,y,yp,yv,ysd
2.667883292694270270e-01,3.238531293087499874e-01,3.238531192010657977e-01,1.643502384283314480e-08,1.281991569505554272e-04
7.103012341540310137e-01,-5.237995478325739862e-01,-5.237994299713371049e-01,1.643502292689914949e-08,1.281991533782464204e-04
6.071723751180490014e-01,-6.694769455052169971e-02,-6.694775886166957901e-02,1.643502151136479309e-08,1.281991478574050138e-04
4.210389178479089778e-01,4.762004521674260138e-01,4.762004101356123176e-01,1.643502387058872042e-08,1.281991570588072137e-04
9.801927945033339640e-01,-2.485471725222090089e-01,-2.485471760767935523e-01,1.643502645185725267e-08,1.281991671262230003e-04
1.012473445152859974e-01,3.924083342912940142e-02,3.924084694883078761e-02,1.643502561918998420e-08,1.281991638786695968e-04
