"","x","y","yp","yv","ysd"
"1",0.232919006142765,0.169027821523354,4.6281880237975e-18,0.132838035849975,0.364469526641083
"2",0.761279638080547,-0.126533666553072,4.6281880237975e-18,0.132838035849975,0.364469526641083
"3",0.571227686014026,-0.508113883388357,4.6281880237975e-18,0.132838035849975,0.364469526641083
"4",0.473040301818401,-0.257195045118133,4.6281880237975e-18,0.132838035849975,0.364469526641083
"5",0.949665100507749,0.491886116611643,4.6281880237975e-18,0.132838035849975,0.364469526641083
"6",0.159787356620654,0.230928656924565,4.6281880237975e-18,0.132838035849975,0.364469526641083
