"","x","y","yp","yv","ysd"
"1",0.558849949312086,0.496618170473297,0.496617362698141,2.24194918822244e-07,0.000473492258460731
"2",0.112228847186392,-0.503381829526703,-0.503380995600966,2.24194948043884e-07,0.0004734922893183
"3",0.808594707671242,0.0878671811033461,0.0878670749093393,2.2419474239721e-07,0.000473492072158775
"4",0.432559672355031,0.153374390327357,0.153374920824459,2.24194882208076e-07,0.000473492219796773
"5",0.89182098597909,-0.0675906486629105,-0.067590445483653,2.24194770050739e-07,0.000473492101360455
"6",0.236603136989288,-0.166887263714386,-0.166887803316156,2.24194890023744e-07,0.000473492228049991
