"","x","y","yp","yv","ysd"
"1",0.397920957844083,0.327743903448201,0.31060234441775,0.00275165716596907,0.0524562404864195
"2",0.147978295261661,-0.557110124388178,-0.554797071831958,0.00294966346608051,0.0543108043217968
"3",0.759153758990578,0.154621146530605,0.153411802442385,0.00286120366222936,0.0534902202484656
"4",0.640363230874451,0.442889875611822,0.444506872099617,0.00282519874449635,0.0531525986617432
"5",0.981701185771575,-0.213922642856857,-0.211369090188784,0.00300197947795892,0.0547903228495591
"6",0.286783495064204,-0.154222158345592,-0.140090878767802,0.00267152517799713,0.0516867988755072
