"","x","y","yp","yv","ysd"
"1",0.736799128586426,0.410207841824194,0.410961173350246,0.0111599301238119,0.10564057044437
"2",0.362485443629945,-0.400095255627256,-0.309597460278845,0.0113272218797138,0.106429422058535
"3",0.103020940170002,-0.391233064051545,-0.340257448044252,0.0128892908534581,0.113531012738626
"4",0.561925929544183,0.0400277218561131,0.0170429509086759,0.01171446976035,0.108233404087417
"5",0.870410208823159,0.599904744372744,0.578675212512679,0.012990516275448,0.113975946038837
"6",0.226725474388028,-0.258811988374251,-0.360086282962225,0.010648166935358,0.103189955593352
