x,y,yp,yv,ysd
5.762678585403290255e-01,1.000000000000000000e+00,9.999999996222712628e-01,9.999800987259277463e-11,9.999900493134557700e-06
2.567845912029350086e-01,3.072748110512121822e-01,3.072748111271836891e-01,9.999956418482726277e-11,9.999978209217621415e-06
7.776133049822719912e-01,0.000000000000000000e+00,4.265066078090740120e-10,9.999601147114844935e-11,9.999800571568837697e-06
3.521164895889040136e-01,3.505186046003100908e-01,3.505186047552386608e-01,1.000006744078518750e-10,1.000003372033574046e-05
8.697278612526130326e-01,5.566669539054497351e-02,5.566669516442446231e-02,9.999590044884597391e-11,9.999795020341465765e-06
1.313060579122979910e-01,5.549702545960020217e-01,5.549702544521961656e-01,9.999823191719771258e-11,9.999911595469117753e-06
