x,y,yp,yv,ysd
1.753172203510380001e-01,2.416158691110829870e-01,2.416158764998275754e-01,1.025970237815938283e-08,1.012901889531231143e-04
3.773629445737849974e-01,3.857071554963910076e-01,3.857071138801140830e-01,1.025971450734592686e-08,1.012902488265574633e-04
7.331317884769910087e-01,-6.142928445036099916e-01,-6.142927875281726235e-01,1.025971414652344385e-08,1.012902470454260685e-04
9.726890239010880235e-01,1.474460127433259993e-01,1.474459809378148578e-01,1.025971484041283424e-08,1.012902504706787444e-04
1.441202043012410061e-01,2.158924434832469874e-01,2.158924326162181273e-01,1.025970343287125622e-08,1.012901941595101122e-04
6.025587361461169911e-01,-3.763686363304369897e-01,-3.763686244341665210e-01,1.025971409101229262e-08,1.012902467714058415e-04
