x,y,yp,yv,ysd
1.753172203510380001e-01,2.416158691110829870e-01,2.416159946712475859e-01,1.007184796244990976e-08,1.003585968537320096e-04
3.773629445737849974e-01,3.857071554963910076e-01,3.857070995456526319e-01,1.007190394544592648e-08,1.003588757681448291e-04
7.331317884769910087e-01,-6.142928445036099916e-01,-6.142927853190328635e-01,1.007190411197938017e-08,1.003588765978345395e-04
9.726890239010880235e-01,1.474460127433259993e-01,1.474459768606433130e-01,1.007190636018100504e-08,1.003588877986449468e-04
1.441202043012410061e-01,2.158924434832469874e-01,2.158923294593640962e-01,1.007185737159004345e-08,1.003586437313201381e-04
6.025587361461169911e-01,-3.763686363304369897e-01,-3.763686291347427826e-01,1.007190344584556540e-08,1.003588732790756569e-04
