"","x","y","yp","yv","ysd"
"1",0.760110977843093,0.133625568865816,0.133631952480006,1.550766416275e-06,0.00124529772194243
"2",0.334784099987398,0.071074008680321,0.0715590664939386,1.22573931412053e-06,0.00110713111875718
"3",0.330956181782919,0.0655951233818143,0.0651065133491208,1.23297913160192e-06,0.00111039593461158
"4",0.552764134015888,0.12240658436572,0.122400443941614,1.5506205083985e-06,0.00124523913703292
"5",0.106574823653015,-0.696350642646836,-0.696342286761567,1.55087969970547e-06,0.00124534320558851
"6",0.882537205897582,0.303649357353164,0.303644877444444,1.55094344550567e-06,0.00124536879899316
