"","x","y","yp","yv","ysd"
"1",0.58294987368087,-0.406779184644801,-0.406779184291632,1.01351677050943e-10,1.00673570042461e-05
"2",0.786269751377404,-0.34956688351971,-0.349566883234836,1.01351732562094e-10,1.0067359761233e-05
"3",0.331984349138414,-0.0585492590963735,-0.0585492586185702,1.01351677050943e-10,1.00673570042461e-05
"4",0.396672529905724,-0.0588451119459444,-0.0588451123306605,1.01351621539791e-10,1.00673542472584e-05
"5",0.129574203553299,0.593220815355199,0.593220814861331,1.01351677050943e-10,1.00673570042461e-05
"6",0.989117538517651,0.280519623851629,0.280519623614366,1.01351732562094e-10,1.0067359761233e-05
