"","x","y","yp","yv","ysd"
"1",0.307885323030253,-0.272185059395622,-0.299906872943512,0.000432903491767112,0.0208063329726098
"2",0.948085775210833,0.239879591405218,0.247777674855136,0.000877816345700943,0.0296279656017916
"3",0.619454288699975,0.371982734133833,0.370989126136637,0.000739916935521445,0.0272014142191439
"4",0.346025930290731,-0.242464062410367,-0.216161177098117,0.000484292501007344,0.0220066467460934
"5",0.161273270651388,-0.548606601866531,-0.542610888320519,0.000897542251908384,0.02995900952816
"6",0.802016472327523,0.451393398133469,0.439912137370332,0.000654966051899741,0.0255923045445255
