"","x","y","yp","yv","ysd"
"1",0.587573562981561,0.130448838155852,0.117405011818555,0.00572966777860155,0.075694569016552
"2",0.173544606775977,0.202866461154839,0.200870687704855,0.00575959484677801,0.0758919946158882
"3",0.989814850618131,-0.367598496241561,-0.361822631082527,0.00577562168612621,0.0759975110521799
"4",0.344528090402794,-0.240922754737373,-0.234600726241571,0.00576661060351223,0.0759382025301641
"5",0.00495555837793897,0.632401503758439,0.622172981374943,0.00576763043383428,0.0759449171033472
"6",0.688548037704701,-0.357195552090197,-0.342481718353089,0.00573105077097955,0.0757037038128225
