"","x","y","yp","yv","ysd"
"1",0.0670057455621039,0.418559180693156,0.418558571651638,2.75953331711686e-07,0.000525312603800524
"2",0.496180470217951,-0.466793168817495,-0.466792556516353,2.75953266745935e-07,0.000525312541965195
"3",0.726387668478613,-0.226862609686687,-0.226862323469934,2.75953371202775e-07,0.000525312641388702
"4",0.581943424069323,-0.265200144382723,-0.265200386558961,2.75953235281739e-07,0.000525312512017122
"5",0.98321659284799,0.533206831182505,0.533206289557073,2.75953396830623e-07,0.00052531266578165
"6",0.170138539086717,0.00708991101124263,0.00709024703666549,2.75953331727005e-07,0.000525312603815105
