x,y,yp,yv,ysd
6.852415255658950155e-01,1.379633269949639973e-01,1.379633269811676444e-01,1.000000082740370870e-10,1.000000041370184609e-05
4.506147264813379905e-01,3.172378142019299796e-01,3.172378141702062448e-01,1.000000082740370870e-10,1.000000041370184609e-05
1.495813773944970060e-01,-4.779097508965700070e-01,-4.779097508487790136e-01,1.000000082740370870e-10,1.000000041370184609e-05
5.466220922923340497e-01,5.508220977254799783e-02,5.508220976703977895e-02,1.000000082740370870e-10,1.000000041370184609e-05
8.713669802139819565e-01,4.838131999635639779e-01,4.838131999151826790e-01,1.000000082740370870e-10,1.000000041370184609e-05
1.692216487523789947e-01,-5.161868000364360221e-01,-5.161867999848173127e-01,1.000000082740370870e-10,1.000000041370184609e-05
