"","x","y","yp","yv","ysd"
"1",0.175317220351038,0.241615869111083,0.246878557663183,0.00196331804168854,0.044309344857361
"2",0.377362944573785,0.385707155496391,0.380797929992501,0.00225240555052505,0.0474595148576663
"3",0.733131788476991,-0.61429284450361,-0.607094560387194,0.00224512310619791,0.0473827300416292
"4",0.972689023901088,0.147446012743326,0.143428089626922,0.00226568539071465,0.0475992162825677
"5",0.144120204301241,0.215892443483247,0.210819527424369,0.00200527504405266,0.0447802974984832
"6",0.602558736146117,-0.376368636330437,-0.37609161046417,0.00224121587915999,0.0473414815902501
