x,y,yp,yv,ysd
3.078853230302530108e-01,-2.721850593956219866e-01,-2.721850593684034259e-01,1.000000082740370870e-10,1.000000041370184609e-05
9.480857752108330372e-01,2.398795914052180012e-01,2.398795913812300229e-01,1.000000082740370870e-10,1.000000041370184609e-05
6.194542886999749864e-01,3.719827341338329818e-01,3.719827340966347373e-01,1.000000082740370870e-10,1.000000041370184609e-05
3.460259302907309764e-01,-2.424640624103669984e-01,-2.424640623861206157e-01,1.000000082740370870e-10,1.000000041370184609e-05
1.612732706513879954e-01,-5.486066018665309851e-01,-5.486066018116704246e-01,1.000000082740370870e-10,1.000000041370184609e-05
8.020164723275230445e-01,4.513933981334690149e-01,4.513933980883296782e-01,1.000000082740370870e-10,1.000000041370184609e-05
