"","x","y","yp","yv","ysd"
"1",0.741240619836996,0.530490804695029,0.259740891728007,0.0377587180828105,0.194316026314894
"2",0.160777825706949,-0.469509195304971,-0.546740389090898,0.0377587180828105,0.194316026314894
"3",0.856864512160731,0.0728339641274011,0.256193327522423,0.0377587180828105,0.194316026314894
"4",0.462785418805045,-0.130796307767887,0.044421820113554,0.0377587180828105,0.194316026314894
"5",0.300621233220833,-0.282215417291886,-0.226741455154597,0.0377587180828105,0.194316026314894
"6",0.632224325401088,0.279196151542315,0.213125804881509,0.0377587180828105,0.194316026314894
