"","x","y","yp","yv","ysd"
"1",0.558849949312086,0.496618170473297,1.04083408558608e-16,0.112737414648396,0.335763926961185
"2",0.112228847186392,-0.503381829526703,1.04083408558608e-16,0.112737414648396,0.335763926961185
"3",0.808594707671242,0.0878671811033461,1.04083408558608e-16,0.112737414648396,0.335763926961185
"4",0.432559672355031,0.153374390327357,1.04083408558608e-16,0.112737414648396,0.335763926961185
"5",0.89182098597909,-0.0675906486629105,1.04083408558608e-16,0.112737414648396,0.335763926961185
"6",0.236603136989288,-0.166887263714386,1.04083408558608e-16,0.112737414648396,0.335763926961185
