x,y,yp,yv,ysd
1.668836202394839985e-01,-7.749822622722239707e-02,1.177042012365408700e-08,9.909311549104705963e-02,3.147905899023143439e-01
5.440764772550510386e-01,-1.810918538249330079e-01,-4.873496471089624306e-09,9.909311549104708738e-02,3.147905899023143994e-01
7.127553744940090530e-01,-7.798779607446769402e-02,-9.475688303598114748e-09,9.909311549104708738e-02,3.147905899023143994e-01
8.685117362377539618e-02,5.676318413757740489e-01,1.771883367509535495e-08,9.909311549104705963e-02,3.147905899023143439e-01
8.706148205868280421e-01,-4.323681586242260066e-01,-1.586031348761219948e-08,9.909311549104710126e-02,3.147905899023143994e-01
4.013207918421060061e-01,2.013141933750750012e-01,4.787065388694553103e-09,9.909311549104710126e-02,3.147905899023143994e-01
