x,y,yp,yv,ysd
1.753172203510380001e-01,2.416158691110829870e-01,2.416158690869214254e-01,1.000000082740370870e-10,1.000000041370184609e-05
3.773629445737849974e-01,3.857071554963910076e-01,3.857071554578203054e-01,1.000000082740370870e-10,1.000000041370184609e-05
7.331317884769910087e-01,-6.142928445036099916e-01,-6.142928444421806855e-01,1.000000082740370870e-10,1.000000041370184609e-05
9.726890239010880235e-01,1.474460127433259993e-01,1.474460127285814048e-01,1.000000082740370870e-10,1.000000041370184609e-05
1.441202043012410061e-01,2.158924434832469874e-01,2.158924434616577570e-01,1.000000082740370870e-10,1.000000041370184609e-05
6.025587361461169911e-01,-3.763686363304369897e-01,-3.763686362928000961e-01,1.000000082740370870e-10,1.000000041370184609e-05
