"","x","y","yp","yv","ysd"
"1",0.760110977843093,0.133625568865816,0.253836272607166,0.0571818318655305,0.239127229452295
"2",0.334784099987398,0.071074008680321,-0.15282120896501,0.0571818318655305,0.239127229452295
"3",0.330956181782919,0.0655951233818143,-0.156481103643065,0.0571818318655305,0.239127229452295
"4",0.552764134015888,0.12240658436572,0.0555907590675341,0.0571818318655305,0.239127229452295
"5",0.106574823653015,-0.696350642646836,-0.371013414577361,0.0571818318655305,0.239127229452295
"6",0.882537205897582,0.303649357353164,0.370888695510734,0.0571818318655305,0.239127229452295
