x,y,yp,yv,ysd
2.667883292694270270e-01,3.238531293087499874e-01,3.238531062433971375e-01,1.025188783154276288e-08,1.012516065627739226e-04
7.103012341540310137e-01,-5.237995478325739862e-01,-5.237994128794462023e-01,1.025188669356416263e-08,1.012516009432155287e-04
6.071723751180490014e-01,-6.694769455052169971e-02,-6.694780658543236784e-02,1.025188208613861044e-08,1.012515781908539426e-04
4.210389178479089778e-01,4.762004521674260138e-01,4.762004624071861092e-01,1.025188616620822594e-08,1.012515983390298221e-04
9.801927945033339640e-01,-2.485471725222090089e-01,-2.485471905932698788e-01,1.025189279979079807e-08,1.012516310969398541e-04
1.012473445152859974e-01,3.924083342912940142e-02,3.924084704422658998e-02,1.025189174507892468e-08,1.012516258885699317e-04
