"","x","y","yp","yv","ysd"
"1",0.760110977843093,0.133625568865816,0.272875565519131,0.020249719474287,0.14230150903728
"2",0.334784099987398,0.071074008680321,-0.0419902046482367,0.020249719474287,0.14230150903728
"3",0.330956181782919,0.0655951233818143,-0.0491820632608941,0.020249719474287,0.14230150903728
"4",0.552764134015888,0.12240658436572,0.239282363879481,0.020249719474287,0.14230150903728
"5",0.106574823653015,-0.696350642646836,-0.606591323020752,0.020249719474287,0.14230150903728
"6",0.882537205897582,0.303649357353164,0.185605661531268,0.020249719474287,0.14230150903728
