"","x","y","yp","yv","ysd"
"1",0.175317220351038,0.241615869111083,0,0.158901432211212,0.39862442500581
"2",0.377362944573785,0.385707155496391,0,0.158901432211212,0.39862442500581
"3",0.733131788476991,-0.61429284450361,0,0.158901432211212,0.39862442500581
"4",0.972689023901088,0.147446012743326,0,0.158901432211212,0.39862442500581
"5",0.144120204301241,0.215892443483247,0,0.158901432211212,0.39862442500581
"6",0.602558736146117,-0.376368636330437,0,0.158901432211212,0.39862442500581
