"","x","y","yp","yv","ysd"
"1",0.220357879957495,0.65046352879439,0.638816469305224,0.00287590332642345,0.0536274493745829
"2",0.518178567911188,-0.34953647120561,-0.349884830870816,0.00264363470285996,0.0514162883030267
"3",0.714877060304085,-0.292732872017979,-0.287957544733034,0.00285219016048108,0.0534059000530941
"4",0.469909414260959,-0.207809082489803,-0.203531633057903,0.00267378507168112,0.0517086556746655
"5",0.0819946166981633,0.186821842614395,0.192463711647873,0.00288214105703293,0.0536855758750237
"6",0.838376081471021,0.012793054304608,0.00900078031496474,0.00287267564652661,0.0535973473833044
