"","x","y","yp","yv","ysd"
"1",0.558849949312086,0.496618170473297,0.496618170473297,1.00908478633626e-16,1.00453212309824e-08
"2",0.112228847186392,-0.503381829526703,-0.503381829526703,0,0
"3",0.808594707671242,0.0878671811033461,0.0878671811033461,0,0
"4",0.432559672355031,0.153374390327357,0.153374390327357,0,0
"5",0.89182098597909,-0.0675906486629105,-0.0675906486629105,1.26135598292032e-16,1.12310105641493e-08
"6",0.236603136989288,-0.166887263714386,-0.166887263714386,2.52271196584065e-17,5.0226606154912e-09
