x,y,yp,yv,ysd
1.627330815730000102e-01,9.737171891778790764e-03,9.737266549127987503e-03,3.923064768605599562e-08,1.980672807054612754e-04
7.043042435155559833e-01,5.208024616400279694e-01,5.208023576794723608e-01,3.923068447607147414e-08,1.980673735779607883e-04
4.074682048521939826e-01,-4.791975383599719751e-01,-4.791972814812694992e-01,3.923065468046105076e-08,1.980672983620997694e-04
5.124965707849089558e-01,-1.626171365043060091e-01,-1.626172318673116679e-01,3.923066422837906254e-08,1.980673224648100755e-04
9.436497930825380465e-01,2.063540431575709988e-01,2.063540264354742637e-01,3.923068754306257967e-08,1.980673813202531912e-04
2.312582570981860097e-01,-9.507900182509969322e-02,-9.507917607788307635e-02,3.923062786857500606e-08,1.980672306783103423e-04
