x,y,yp,yv,ysd
1.753172203510380001e-01,2.416158691110829870e-01,2.416158972993406318e-01,1.029896322181690185e-08,1.014838076828855564e-04
3.773629445737849974e-01,3.857071554963910076e-01,3.857071119622793587e-01,1.029898470463242834e-08,1.014839135263930853e-04
7.331317884769910087e-01,-6.142928445036099916e-01,-6.142927846461719854e-01,1.029898434380994534e-08,1.014839117486606644e-04
9.726890239010880235e-01,1.474460127433259993e-01,1.474459787930009480e-01,1.029898537076624312e-08,1.014839168083605430e-04
1.441202043012410061e-01,2.158924434832469874e-01,2.158924151852624485e-01,1.029896541450737548e-08,1.014838184860393110e-04
6.025587361461169911e-01,-3.763686363304369897e-01,-3.763686282766602886e-01,1.029898423278764288e-08,1.014839112016660587e-04
