"","x","y","yp","yv","ysd"
"1",0.226235475235929,0.00591524307419292,-0.108395401495073,0.14212865258508,0.376999539237225
"2",0.598576175708634,-0.285070118324611,0.0364028048522556,0.14212865258508,0.376999539237225
"3",0.477575243373091,-0.503670253177599,-0.0106528029453817,0.14212865258508,0.376999539237225
"4",0.94675394333899,0.273007368721286,0.171804377065252,0.14212865258508,0.376999539237225
"5",0.0228444249757255,0.0134880128843304,-0.187491399400722,0.14212865258508,0.376999539237225
"6",0.757824812705318,0.496329746822401,0.0983324219236697,0.14212865258508,0.376999539237225
