x.1,y,yp,yv,ysd
0.57627,0.62193,0.62193,3.9222e-16,1.9805e-08
0.25678,-0.070797,-0.070797,4.0448e-16,2.0112e-08
0.77761,-0.37807,-0.37807,3.7996e-16,1.9493e-08
0.35212,-0.027553,-0.027553,3.7996e-16,1.9493e-08
0.86973,-0.32241,-0.32241,3.9222e-16,1.9805e-08
0.13131,0.1769,0.1769,3.7996e-16,1.9493e-08
