"","x","y","yp","yv","ysd"
"1",0.685241525565895,0.137963326994964,0.269470595718351,0.0398631723483621,0.199657637841286
"2",0.450614726481338,0.31723781420193,-0.0367530837461575,0.0398631723483621,0.199657637841286
"3",0.149581377394497,-0.47790975089657,-0.429647417038725,0.0398631723483621,0.199657637841286
"4",0.546622092292334,0.055082209772548,0.088551139509869,0.0398631723483621,0.199657637841286
"5",0.871366980213982,0.483813199963564,0.51239263952035,0.0398631723483621,0.199657637841286
"6",0.169221648752379,-0.516186800036436,-0.404013873963688,0.0398631723483621,0.199657637841286
