x.1,y,yp,yv,ysd
0.68524,0.13796,0.13796,4.3705e-16,2.0906e-08
0.45061,0.31724,0.31724,4.3705e-16,2.0906e-08
0.14958,-0.47791,-0.47791,4.5071e-16,2.123e-08
0.54662,0.055082,0.055082,4.3705e-16,2.0906e-08
0.87137,0.48381,0.48381,4.3705e-16,2.0906e-08
0.16922,-0.51619,-0.51619,4.234e-16,2.0577e-08
