"","x","y","yp","yv","ysd"
"1",0.307885323030253,-0.272185059395622,-0.272185059395619,3.08086889333481e-15,5.55055753355896e-08
"2",0.948085775210833,0.239879591405218,0.239879591405218,0,0
"3",0.619454288699975,0.371982734133833,0.371982734133833,1.66533453693773e-16,1.29047841397589e-08
"4",0.346025930290731,-0.242464062410367,-0.242464062410364,1.99840144432528e-15,4.4703483581543e-08
"5",0.161273270651388,-0.548606601866531,-0.54860660186653,7.7715611723761e-16,2.78775199262346e-08
"6",0.802016472327523,0.451393398133469,0.451393398133469,2.77555756156289e-17,5.26835606386175e-09
