"","x","y","yp","yv","ysd"
"1",0.175317220351038,0.241615869111083,0.241615869136826,2.08344452801157e-12,1.44341419142655e-06
"2",0.377362944573785,0.385707155496391,0.385707155484964,2.08552619618274e-12,1.44413510316131e-06
"3",0.733131788476991,-0.61429284450361,-0.614292844490971,2.08630335229998e-12,1.44440415130253e-06
"4",0.972689023901088,0.147446012743326,0.147446012736562,2.08602579654382e-12,1.44430806843409e-06
"5",0.144120204301241,0.215892443483247,0.215892443461019,2.08369432819211e-12,1.44350071984468e-06
"6",0.602558736146117,-0.376368636330437,-0.376368636328395,2.0861645744219e-12,1.44435611066728e-06
