x,y,yp,yv,ysd
2.203578799574950065e-01,6.504635287943899558e-01,6.504635287293435431e-01,1.000000082740370870e-10,1.000000041370184609e-05
5.181785679111879928e-01,-3.495364712056099887e-01,-3.495364711706563932e-01,1.000000082740370870e-10,1.000000041370184609e-05
7.148770603040850435e-01,-2.927328720179789845e-01,-2.927328719887057340e-01,1.000000082740370870e-10,1.000000041370184609e-05
4.699094142609590019e-01,-2.078090824898030098e-01,-2.078090824690220773e-01,1.000000082740370870e-10,1.000000041370184609e-05
8.199461669816329734e-02,1.868218426143949951e-01,1.868218425957128281e-01,1.000000082740370870e-10,1.000000041370184609e-05
8.383760814710210507e-01,1.279305430460800017e-02,1.279305430332869364e-02,1.000000082740370870e-10,1.000000041370184609e-05
