"","x","y","yp","yv","ysd"
"1",0.307885323030253,-0.272185059395622,-0.218279619209148,0.00982365228173502,0.0991143394354975
"2",0.948085775210833,0.239879591405218,0.307009109865314,0.00982365228173502,0.0991143394354975
"3",0.619454288699975,0.371982734133833,0.301902655092096,0.00982365228173502,0.0991143394354975
"4",0.346025930290731,-0.242464062410367,-0.127658084774799,0.00982365228173502,0.0991143394354975
"5",0.161273270651388,-0.548606601866531,-0.636609506483094,0.00982365228173502,0.0991143394354975
"6",0.802016472327523,0.451393398133469,0.373635445509628,0.00982365228173502,0.0991143394354975
