x,y,yp,yv,ysd
1.627330815730000102e-01,9.737171891778790764e-03,9.737163086027525449e-03,1.108377430876539907e-08,1.052795056445716705e-04
7.043042435155559833e-01,5.208024616400279694e-01,5.208024016794943201e-01,1.108377669574490201e-08,1.052795169809631179e-04
4.074682048521939826e-01,-4.791975383599719751e-01,-4.791974688431331342e-01,1.108377533572169684e-08,1.052795105218565122e-04
5.124965707849089558e-01,-1.626171365043060091e-01,-1.626171410073091461e-01,1.108377551613293835e-08,1.052795113786767964e-04
9.436497930825380465e-01,2.063540431575709988e-01,2.063540405508313413e-01,1.108377698717844597e-08,1.052795183650573460e-04
2.312582570981860097e-01,-9.507900182509969322e-02,-9.507901423534426133e-02,1.108377357324264525e-08,1.052795021513810433e-04
