x,y,yp,yv,ysd
5.829498736808700343e-01,-4.067791846448010062e-01,-4.067791029112944323e-01,4.149832941596541420e-08,2.037113875461197903e-04
7.862697513774039582e-01,-3.495668835197099922e-01,-3.495668164406863787e-01,4.149832991556577528e-08,2.037113887723653494e-04
3.319843491384140144e-01,-5.854925909637349879e-02,-5.854915814124412449e-02,4.149831584348893816e-08,2.037113542331132215e-04
3.966725299057239917e-01,-5.884511194594439776e-02,-5.884519747139862339e-02,4.149831542715530392e-08,2.037113532112417777e-04
1.295742035532989889e-01,5.932208153551989938e-01,5.932206839311302549e-01,4.149832988781019967e-08,2.037113887042405901e-04
9.891175385176510515e-01,2.805196238516289853e-01,2.805195562727207381e-01,4.149833013761038021e-08,2.037113893173633425e-04
