x,y,yp,yv,ysd
4.196492876702300201e-01,-4.080192809649049734e-01,-4.080192436398410449e-01,1.528808976005152390e-08,1.236450151039318037e-04
2.796416550797100053e-01,1.080230869419200046e-01,1.080230762422334512e-01,1.528808967678479705e-08,1.236450147672149297e-04
8.578713032184169807e-01,2.631683381674300160e-01,2.631683336234448278e-01,1.528808934371788966e-08,1.236450134203474066e-04
7.834210074894749631e-01,3.899374100584980241e-01,3.899373687385436771e-01,1.528808931596231405e-08,1.236450133081084396e-04
1.596654224752759865e-01,2.569530357385599872e-01,2.569530144592223619e-01,1.528808967678479705e-08,1.236450147672149297e-04
6.381041764980179831e-01,-6.100625899415019759e-01,-6.100625297786625989e-01,1.528808967678479705e-08,1.236450147672149297e-04
