"","x","y","yp","yv","ysd"
"1",0.419686762383208,0.534311938738611,0.52564196759831,0.00716546480446727,0.0846490685386867
"2",0.265591804714253,0.537099517366276,0.520250909688814,0.00731838084024875,0.0855475355591776
"3",0.990410282858647,-0.462900482633724,-0.454436880595115,0.0075236388247694,0.0867389118260623
"4",0.771336605927596,-0.296765131854887,-0.297965253671773,0.00749041601665666,0.0865471895364411
"5",0.0977329693268985,-0.338368368382673,-0.32106550958212,0.00747702254034506,0.086469778190678
"6",0.545790160307661,0.0266225267663961,0.0365633863989319,0.0073167571464083,0.0855380450233012
