"","x","y","yp","yv","ysd"
"1",0.0670057455621039,0.418559180693156,0.315790441365577,0.0123744562522078,0.11124053331501
"2",0.496180470217951,-0.466793168817495,-0.392197504014423,0.00984881842344995,0.0992412133312061
"3",0.726387668478613,-0.226862609686687,-0.125475939656387,0.0108468878763176,0.104148393536903
"4",0.581943424069323,-0.265200144382723,-0.355254150056596,0.007406709736926,0.0860622433877133
"5",0.98321659284799,0.533206831182505,0.461482641726692,0.0160953660103458,0.126867513613004
"6",0.170138539086717,0.00708991101124263,0.0956545106351351,0.0104948221223597,0.102444239088197
