"","x","y","yp","yv","ysd"
"1",0.266788329269427,0.32385312930875,0.32385312930875,0,0
"2",0.710301234154031,-0.523799547832574,-0.523799547832574,0,0
"3",0.607172375118049,-0.0669476945505217,-0.0669476945505214,2.60693309585452e-16,1.6145999801358e-08
"4",0.421038917847909,0.476200452167426,0.476200452167426,5.86559946567268e-16,2.4218999702037e-08
"5",0.980192794503334,-0.248547172522209,-0.248547172522209,6.51733273963631e-17,8.072999900679e-09
"6",0.101247344515286,0.0392408334291294,0.0392408334291294,0,0
