"","x","y","yp","yv","ysd"
"1",0.741240619836996,0.530490804695029,0.249471237138039,0.0514298661740598,0.226781538433048
"2",0.160777825706949,-0.469509195304971,-0.42253171229595,0.0514298661740598,0.226781538433048
"3",0.856864512160731,0.0728339641274011,0.383329250868339,0.0514298661740598,0.226781538433048
"4",0.462785418805045,-0.130796307767887,-0.0728969116408169,0.0514298661740598,0.226781538433048
"5",0.300621233220833,-0.282215417291886,-0.26063471690097,0.0514298661740598,0.226781538433048
"6",0.632224325401088,0.279196151542315,0.123262852831359,0.0514298661740598,0.226781538433048
