x,y,yp,yv,ysd
2.203578799574950065e-01,1.000000000000000000e+00,9.999999998999999917e-01,1.000000082740370870e-10,1.000000041370184609e-05
5.181785679111879928e-01,0.000000000000000000e+00,1.408177093653191648e-15,1.000000082740370870e-10,1.000000041370184609e-05
7.148770603040850435e-01,5.680359918763100424e-02,5.680359918195064528e-02,1.000000082740370870e-10,1.000000041370184609e-05
4.699094142609590019e-01,1.417273887158069789e-01,1.417273887016342604e-01,9.999978622943216195e-11,9.999989311465895916e-06
8.199461669816329734e-02,5.363583138200049838e-01,5.363583137663692213e-01,1.000000082740370870e-10,1.000000041370184609e-05
8.383760814710210507e-01,3.623295255102179646e-01,3.623295254739850590e-01,1.000000082740370870e-10,1.000000041370184609e-05
