x,y,yp,yv,ysd
3.078853230302530108e-01,2.764215424709089985e-01,2.764215382904211538e-01,1.003002125798957422e-10,1.001499937992488058e-05
9.480857752108330372e-01,7.884861932717489585e-01,7.884861936204217159e-01,1.000159954855917022e-10,1.000079974230019795e-05
6.194542886999749864e-01,9.205893360003639669e-01,9.205893354971195208e-01,1.001154714685981162e-10,1.000577190768398994e-05
3.460259302907309764e-01,3.061425394561639868e-01,3.061425434204636531e-01,1.001367877506709321e-10,1.000683705027072612e-05
1.612732706513879954e-01,0.000000000000000000e+00,7.019664849394757766e-10,1.000870497591677122e-10,1.000435154116286131e-05
8.020164723275230445e-01,1.000000000000000000e+00,9.999999996475921193e-01,1.000870497591677122e-10,1.000435154116286131e-05
