"","x","y","yp","yv","ysd"
"1",0.397920957844083,0.327743903448201,0.327743903448203,8.60422844084496e-16,2.93329651430689e-08
"2",0.147978295261661,-0.557110124388178,-0.557110124388178,2.4980018054066e-16,1.58050681915853e-08
"3",0.759153758990578,0.154621146530605,0.154621146530606,1.38777878078145e-16,1.17804022884681e-08
"4",0.640363230874451,0.442889875611822,0.442889875611819,1.63757896132211e-15,4.04670107781895e-08
"5",0.981701185771575,-0.213922642856857,-0.213922642856858,0,0
"6",0.286783495064204,-0.154222158345592,-0.15422215834559,2.77555756156289e-16,1.66600046865626e-08
