x,y,yp,yv,ysd
2.667883292694270270e-01,8.476526771413239736e-01,8.476526772365380324e-01,1.000080018798143881e-10,1.000040008598727978e-05
7.103012341540310137e-01,0.000000000000000000e+00,7.356844022865516308e-10,9.998712968695144809e-11,9.999356463640619985e-06
6.071723751180490014e-01,4.568518532820523004e-01,4.568518528327967232e-01,9.999145955674749913e-11,9.999572968719589355e-06
4.210389178479089778e-01,1.000000000000000000e+00,9.999999997347344127e-01,9.999423511430904910e-11,9.999711751561094224e-06
9.801927945033339640e-01,2.752523753103649495e-01,2.752523750881232800e-01,9.999889805101247475e-11,9.999944902398836690e-06
1.012473445152859974e-01,5.630403812617034154e-01,5.630403812866375812e-01,9.999734373877799953e-11,9.999867186056923094e-06
