"","x","y","yp","yv","ysd"
"1",0.495175942662172,0.123628317336624,0.0243917164110738,0.124028557146053,0.352176883321511
"2",0.763997996614004,0.0436954726205312,-0.0847033375779894,0.124028557146053,0.352176883321511
"3",0.327034104072178,-0.176940072037359,0.092628093185736,0.124028557146053,0.352176883321511
"4",0.126950400532223,0.124712869027172,0.173827318171698,0.124028557146053,0.352176883321511
"5",0.952418089223405,-0.557548293473484,-0.161169162735066,0.124028557146053,0.352176883321511
"6",0.666102142810511,0.442451706526516,-0.0449746274554518,0.124028557146053,0.352176883321511
