"","x","y","yp","yv","ysd"
"1",0.226235475235929,0.00591524307419292,0.00487191419804235,0.00301438261608092,0.0549033934842003
"2",0.598576175708634,-0.285070118324611,-0.278185205013924,0.0029768460377856,0.0545604805494379
"3",0.477575243373091,-0.503670253177599,-0.499959661851264,0.00299237885182234,0.0547026402637234
"4",0.94675394333899,0.273007368721286,0.273297009133045,0.00301355092940838,0.0548958188700048
"5",0.0228444249757255,0.0134880128843304,0.0136438638016007,0.00301596864505917,0.0549178354003431
"6",0.757824812705318,0.496329746822401,0.485528384717339,0.00299948321057933,0.0547675379269447
