x,y,yp,yv,ysd
5.829498736808700343e-01,0.000000000000000000e+00,2.778364205369143747e-10,1.000111105042833515e-10,1.000055550978461158e-05
7.862697513774039582e-01,5.721230112509101406e-02,5.721230119468501130e-02,1.000040050769257634e-10,1.000020025184124829e-05
3.319843491384140144e-01,3.482299255484275213e-01,3.482299268571651396e-01,1.000068916567897630e-10,1.000034457690282586e-05
3.966725299057239917e-01,3.479340726988566224e-01,3.479340714135261692e-01,9.999634453805583689e-11,9.999817225232461069e-06
1.295742035532989889e-01,1.000000000000000000e+00,9.999999996306856431e-01,9.998601946392682294e-11,9.999300948762709728e-06
9.891175385176510515e-01,6.872988084964299915e-01,6.872988083393645198e-01,1.000017846308765131e-10,1.000008923114571570e-05
