"","beta.1","beta.2","beta.3","beta.4","beta.5","sigma2","delta"
"1",0.448494942040697,0.293955941330927,0.717256120709784,-0.0148128622863972,-0.443751035885376,0.0157710486705482,0
