"","beta.1","beta.2","sigma2","delta"
"1",3.96602555801599,3.39699858647512,0.0283341299851182,0
