"","beta.1","beta.2","sigma2","delta"
"1",5.05222217610677,5.38433768881962,0.0498658909744668,0
