"","beta.1","beta.2","sigma2","delta"
"1",4.96068153802178,5.60608651353579,0.0399672735995522,7.96185722998832e-09
