"","beta.1","beta.2","sigma2","delta"
"1",0.250167586859766,0.206822072255597,0,"1e-06"
