"","beta.1","beta.2","sigma2","delta"
"1",5.37986683252627,4.92691918246668,0.169441145755538,0
