"","beta.1","beta.2","beta.3","beta.4","beta.5","sigma2","delta"
"1",-0.855318526840264,0.444583597220831,-0.225577638404615,-0.517367611840384,0.954601879248834,0.00562335886520039,0
