beta.1,beta.2,sigma2,delta
4.113938665188586197e-01,4.165133311707652775e-01,5.807415243844428476e-02,2.220446049250313081e-15
