"","beta.1","beta.2","sigma2","delta"
"1",5.47793692122714,5.23373409785416,0.0868019460878634,0
