"","beta.1","beta.2","sigma2","delta"
"1",6.76010141654068,5.46280359265764,0.0304179669754176,0
