beta.1,beta.2,sigma2,delta
3.068476122210967993e-01,3.117525063153883114e-01,1.511246617481184218e-01,2.481691896743810908e-16
