beta.1,beta.2,sigma2,delta
9.276816905444570382e-01,9.535116320213945507e-01,3.159521214525637389e-01,2.649923361356650403e-13
