"","beta.1","beta.2","sigma2","delta"
"1",0.456111014365526,0.414352844953784,0.05049575181467,5.04957525733565e-10
