"","beta.1","beta.2","sigma2","delta"
"1",4.56544814916288,4.96779321724932,0.0643000970538128,5.50428337120971e-09
