"","beta.1","beta.2","sigma2","delta"
"1",0.534453288792926,0.594354271978917,0.0676935280529012,6.76935290699801e-10
