beta.1,beta.2,sigma2,delta
1.451850309168583264e+00,1.778925969432236798e+00,6.532291371760027276e-01,1.783978165938781241e-12
