"","beta.1","beta.2","beta.3","beta.4","beta.5","sigma2","delta"
"1",1.8060384713514,-1.95682759886315,1.45216823507106,0.29667594345375,-1.76207277042723,0.00985766511193977,0
