"","beta.1","beta.2","sigma2","delta"
"1",0.641568034931949,0.718254636879013,0.0540464097048923,0
