beta.1,beta.2,sigma2,delta,mu
0.5946,0.54525,0.044136,0,0.27309
