"","beta.1","beta.2","sigma2","delta"
"1",0.745675968133811,0.270425667163798,0.0181388877135152,0
