"","beta.1","beta.2","sigma2","delta"
"1",4.88471280783883,5.00947766677362,0.0577882993303795,2.68918993159139e-17
