"","beta.1","beta.2","sigma2","delta"
"1",0.801234515453397,0.748532204474016,0.089556319951223,0
