"","beta.1","beta.2","sigma2","delta"
"1",-0.646756689764938,0.456389383165954,0.0110003222454488,0
