beta.1,beta.2,sigma2,delta
3.252291764655392270e-01,3.236763479016138700e-01,7.536171554185271126e-02,1.231952283024357041e-15
