"","beta.1","beta.2","sigma2","delta"
"1",0.447289225252172,0.42214657971813,0.0797260827152168,7.9726083913082e-10
