beta.1,beta.2,sigma2,delta
3.001668531490662151e-01,2.983460797435231737e-01,8.011258238433861811e-02,9.981976587486909609e-15
