beta.1,beta.2,sigma2,delta
1.497825083044294292e+00,1.676232262337119749e+00,3.520101352382491999e-01,1.247803966424207692e-12
