"","beta.1","beta.2","sigma2","delta"
"1",0.290145433875643,0.312096473628569,0.0676570270079088,5.47231113942989e-09
