"","beta.1","beta.2","beta.3","beta.4","beta.5","sigma2","delta"
"1",-0.848914591610103,0.446724949449767,-0.3193666996765,-0.348261676553973,0.901448302814994,0.00320063827935297,0
