beta.1,beta.2,sigma2,delta
8.449579942821069389e-01,8.411183421108858749e-01,3.775203566525913157e-01,4.585123568666512107e-13
