beta.1,beta.2,sigma2,delta
4.689070028827572179e-01,4.789341236407459457e-01,7.528395123980591297e-02,2.220446049250313081e-15
