"","beta.1","beta.2","beta.3","beta.4","beta.5","sigma2","delta"
"1",-2.46840690953379,2.65570612826976,-0.815018332218729,-0.24821465393989,0.711806458766942,0.0292022590831873,0
