beta.1,beta.2,sigma2,delta
1.867921433567905742e+00,1.659599218883894833e+00,5.850251026754695882e-01,2.021630043172216326e-12
