"","beta.1","beta.2","sigma2","delta"
"1",0.106108569505807,-0.128280008826841,0.035876381139178,0
