"","beta.1","beta.2","beta.3","beta.4","beta.5","sigma2","delta"
"1",-1.1167628677224,1.84618245447489,0.118092991891603,-0.540772289000341,0.273694432342526,0.00780793770313489,0
