beta.1,beta.2,sigma2,delta
1.559609203624032325e+00,1.582548764839890598e+00,4.100708988182736880e-01,1.449214823128802142e-12
