beta.1,beta.2,sigma2,delta,mu
0.5,0.42045,0.042942,0,-0.83023
