"","beta.1","beta.2","sigma2","delta"
"1",0.479766291730067,0.589119152815378,0.0553083446300943,0
