"","beta.1","beta.2","beta.3","beta.4","beta.5","sigma2","delta"
"1",-1.55089690363931,1.77346791765829,-0.639611383095707,-0.247605060314781,0.660862888690556,0.0150455923460161,0
