"","beta.1","beta.2","sigma2","delta"
"1",5.05221036616483,5.38428712299303,0.0498671306281899,0
