"","beta.1","beta.2","sigma2","delta"
"1",-0.000220996702271496,-0.165447893913133,0.0512343464635882,0
