beta.1,beta.2,sigma2,delta
3.329877507433657846e-01,3.172109274288009706e-01,9.458452556053015270e-02,1.362332531912143978e-14
