"","beta.1","beta.2","sigma2","delta"
"1",0.546667266162117,0.476961592673679,0.0406165645935239,4.0616565203778e-10
