"","beta.1","beta.2","sigma2","delta"
"1",0.191996847106618,0.216885765972385,0,9.58635416251224e-08
