"","beta.1","beta.2","sigma2","delta"
"1",0.801227898140149,0.748527443673474,0.0895541361516001,8.95541374971295e-10
