"","beta.1","beta.2","sigma2","delta"
"1",0.436068424223075,0.434830167551529,0.0462992308943887,0
