"","beta.1","beta.2","sigma2","delta"
"1",0.456108744428918,0.414357989396987,0.0504966130849441,0
