beta.1,beta.2,sigma2,delta
1.073806969512499432e+00,1.041876972007681035e+00,5.509506422267425041e-01,3.555491820463590133e-13
