"","beta.1","beta.2","beta.3","beta.4","beta.5","sigma2","delta"
"1",1.73720274161169,-1.86082831797922,1.37233355607638,0.252562038449643,-1.65367035313725,0.00984269837723509,0
