"","beta.1","beta.2","sigma2","delta"
"1",5.99673875710747,6.70276121523642,0.0305097315164767,0
