"","beta.1","beta.2","sigma2","delta"
"1",0.249683791427435,0.204835082221324,0,8.74100281011224e-07
