"","beta.1","beta.2","sigma2","delta"
"1",0.202319190749354,0.214035689706776,0,2.55778994088595e-08
