"","beta.1","beta.2","sigma2","delta"
"1",0.205842997656288,0.220308437839784,0,8.60507142336538e-08
