"","beta.1","beta.2","sigma2","delta"
"1",4.88476319320075,5.00950018418722,0.0577864616456141,0
