"","beta.1","beta.2","sigma2","delta"
"1",5.59355414905783,5.73264565758327,0.0757319114568434,0
