"","beta.1","beta.2","sigma2","delta"
"1",5.59355293846282,5.7325998764189,0.0757331863761539,0
