"","beta.1","beta.2","sigma2","delta"
"1",0.447293130757316,0.422151250265202,0.0797294313387085,0
