"","beta.1","beta.2","sigma2","delta"
"1",5.05222101464348,5.38434835725026,0.0498657055580869,1.23930271832172e-16
