beta.1,beta.2,sigma2,delta
3.045644363146826628e-01,3.187549094224801927e-01,1.741934756653096272e-01,1.237035194065231735e-15
