beta.1,beta.2,sigma2,delta
3.199528090993145057e-01,3.006442388463769766e-01,4.311015011756601928e-02,2.253832667246453809e-14
