"","beta.1","beta.2","sigma2","delta"
"1",0.186954626647888,0.19296939069812,0,5.99390339026135e-08
