"","beta.1","beta.2","sigma2","delta"
"1",5.47781786973959,5.23372842276876,0.0868061659703932,0
