"","beta.1","beta.2","sigma2","delta"
"1",0.260000758489001,0.216991041311726,0,2.67047146817867e-06
