"","beta.1","beta.2","sigma2","delta"
"1",0.242093378700021,0.216802934754757,0,1.57917896948868e-07
