"","beta.1","beta.2","sigma2","delta"
"1",0.190816613306379,0.2097242148722,0,"1e-06"
