"","beta.1","beta.2","sigma2","delta"
"1",5.62255442057002,4.98560936012401,0.0845370337188535,1.51073693790479e-08
