"","beta.1","beta.2","sigma2","delta"
"1",5.197380938314,5.6915469429833,0.0369502903509157,0
