"","beta.1","beta.2","sigma2","delta"
"1",5.6039967446215,5.68620834078796,0.0753494765636318,2.01790972292369e-09
