"","beta.1","beta.2","sigma2","delta"
"1",0.198538529562792,0.216377226617543,0,"1e-06"
