"","beta.1","beta.2","sigma2","delta"
"1",5.35850473564151,5.04401491852926,0.106093707691764,1.72133530683996e-15
