"","beta.1","beta.2","sigma2","delta"
"1",0.463750307962167,0.0966119394916641,0.028212562482729,0
