"","beta.1","beta.2","sigma2","delta"
"1",0.301915651709024,0.309119805992881,0.0864025993661457,8.6402600664324e-10
