"","beta.1","beta.2","sigma2","delta"
"1",0.43606917396337,0.434830731014203,0.0462994265319223,0
