"","beta.1","beta.2","sigma2","delta"
"1",0.449360372496647,0.484613275483536,0.0784354165839274,0
