"","beta.1","beta.2","sigma2","delta"
"1",5.37987728677694,4.92688994366787,0.169442544609801,2.84546324429041e-17
