"","beta.1","beta.2","sigma2","delta"
"1",5.19741021691548,5.69154206814629,0.0369499225068191,0
