"","beta.1","beta.2","sigma2","delta"
"1",6.16430084061088,5.81369710823238,0.0665792006985662,1.18635769433626e-16
