"","beta.1","beta.2","sigma2","delta"
"1",0.471747279495366,0.110422670545741,0.0318172498475095,0
