"","beta.1","beta.2","beta.3","beta.4","beta.5","sigma2","delta"
"1",0.325353462209283,0.302888252741348,0.602211743032979,0.240226395565942,-0.448334800415115,0.0160875747635734,0
