"","beta.1","beta.2","sigma2","delta"
"1",0.314583399933541,0.304581448558269,0.0496858701814001,4.96858709279184e-10
