"","beta.1","beta.2","sigma2","delta"
"1",6.1643469323211,5.81377083884843,0.0665764778700689,0
