beta.1,beta.2,sigma2,delta
4.498008921556554407e-01,4.232072753097473883e-01,1.022790698820258415e-01,2.220446049250313081e-15
