"","beta.1","beta.2","sigma2","delta"
"1",0.633800490047151,0.604976417295149,0.103406111252616,1.03406112806268e-09
