"","beta.1","beta.2","sigma2","delta"
"1",6.16434500237196,5.81376298943619,0.066576699625858,0
