"","beta.1","beta.2","sigma2","delta"
"1",0.198622311706718,0.194705800479788,0,9.37616249082172e-08
