"","beta.1","beta.2","sigma2","delta"
"1",0.538435819042005,0.589582824915426,0.0675639004025844,0
