"","beta.1","beta.2","sigma2","delta"
"1",5.37985475876064,4.92693131135073,0.169441092576662,0
