"","beta.1","beta.2","sigma2","delta"
"1",5.47765974935029,5.23350312197169,0.0868192873616654,7.50983731102636e-16
