"","beta.1","beta.2","beta.3","beta.4","beta.5","sigma2","delta"
"1",-1.05265668387175,1.75343212059248,0.110223570315478,-0.497866105357219,0.245616469007909,0.0067626621303516,0
