"","beta.1","beta.2","sigma2","delta"
"1",5.82849104517076,5.09044819689311,0.0714970452662121,5.44677290529313e-09
