"","beta.1","beta.2","sigma2","delta"
"1",5.41331703065571,5.12843465060248,0.0995212938317518,1.1501556345508e-08
