beta.1,beta.2,sigma2,delta
3.050717429944000969e-01,3.122272969191898784e-01,1.031008057999041050e-01,2.010414213403693705e-15
