"","beta.1","beta.2","sigma2","delta"
"1",0.633817812160604,0.604992211206025,0.103420937861675,0
