beta.1,beta.2,sigma2,delta
1.325531556083479501e+00,1.218871134725114658e+00,5.448906173681189458e-01,3.287472159507710447e-12
