"","beta.1","beta.2","sigma2","delta"
"1",0.195957095929543,0.191998315785041,0,"1e-06"
