"","beta.1","beta.2","sigma2","delta"
"1",0.217916449190881,0.212312393320396,0,"1e-06"
