beta.1,beta.2,sigma2,delta
8.112243065552484644e-01,7.405305691581772765e-01,4.992610017629467434e-01,1.045937485426987690e-12
