"","beta.1","beta.2","sigma2","delta"
"1",0.186663216280397,0.212688901099586,0,"1e-06"
