"","beta.1","beta.2","sigma2","delta"
"1",0.250278720086008,0.205845652269062,0,"1e-06"
