beta.1,beta.2,sigma2,delta
3.110552818064113989e-01,3.304236678764954083e-01,1.412965533405293461e-01,1.445413564202195485e-17
