beta.1,beta.2,sigma2,delta
3.228098563641724761e-01,3.328090189159575440e-01,2.067953472548186289e-01,6.896216954466061494e-15
