"","beta.1","beta.2","sigma2","delta"
"1",5.35845632728643,5.04391405338179,0.106100203057524,0
