"","beta.1","beta.2","sigma2","delta"
"1",4.64552435965789,6.06436025311215,0.0321331976003031,0
