"","beta.1","beta.2","sigma2","delta"
"1",0.198940407815384,0.21525688449,0,3.86288373191824e-08
