beta.1,beta.2,sigma2,delta
4.452271508510039499e-01,4.082213392136011532e-01,1.755938461254064331e-01,2.220446049250313081e-15
