"","beta.1","beta.2","sigma2","delta"
"1",-0.554606252300541,0.398560956988565,0.00790334560141856,0
