"","beta.1","beta.2","sigma2","delta"
"1",0.643517647544837,0.715895457010142,0.0540228389864237,5.40228397981038e-10
