"","beta.1","beta.2","sigma2","delta"
"1",0.47976938312232,0.589118889188819,0.0553088148913848,5.53088157223865e-10
