"","beta.1","beta.2","sigma2","delta"
"1",4.67951092934462,5.03983439778602,0.0594506240629694,0
