"","beta.1","beta.2","sigma2","delta"
"1",3.72525490915343,3.86433277387906,0.0302818940512781,0
