"","beta.1","beta.2","sigma2","delta"
"1",0.195992788193503,0.203823288275778,0,"1e-06"
