"","beta.1","beta.2","sigma2","delta"
"1",0.546666826240191,0.476966034540004,0.0406170798404184,0
