"","beta.1","beta.2","sigma2","delta"
"1",0.245897951385518,0.216405465419934,0,"1e-06"
