beta.1,beta.2,sigma2,delta
4.317159029380365776e-01,4.731563658845203135e-01,3.699087612226214378e-02,2.220446049250313081e-15
