"","beta.1","beta.2","sigma2","delta"
"1",0.284750320441194,0.293181517995448,0.0662788450547817,6.62788460506054e-10
