"","beta.1","beta.2","sigma2","delta"
"1",0.32908259263551,0.315291550069577,0.0598430715836658,1.86362582324046e-09
