"","beta.1","beta.2","sigma2","delta"
"1",0.0683696595027155,-0.264841232565843,0.073050877205308,0
