"","beta.1","beta.2","sigma2","delta"
"1",4.61703782970012,5.02975230771994,0.0598415683620936,1.86395020374643e-09
