beta.1,beta.2,sigma2,delta
3.488696081358058643e-01,3.299377560608635074e-01,1.115285092374391218e-01,2.251106724524905963e-15
