"","beta.1","beta.2","sigma2","delta"
"1",0.221078659331485,0.213142799875475,0,8.97110543358466e-08
