beta.1,beta.2,sigma2,delta
7.936743573825868481e-01,9.041482681918839859e-01,4.712337721790549327e-01,5.255688507515569919e-13
