"","beta.1","beta.2","sigma2","delta"
"1",0.449353860565403,0.484607954836892,0.0784310412546433,7.84310424330508e-10
