"","beta.1","beta.2","sigma2","delta"
"1",4.88475680108607,5.00945004613929,0.0577878660505391,0
