"","beta.1","beta.2","sigma2","delta"
"1",5.87965252380034,5.35200152875818,0.0684788734532046,0
