"","beta.1","beta.2","sigma2","delta"
"1",0.00457914255392078,-0.158834534319072,0.0467285270428495,0
