"","beta.1","beta.2","sigma2","delta"
"1",0.734455035810451,0.262078431171877,0.0173861991830359,0
