"","beta.1","beta.2","beta.3","beta.4","beta.5","beta.6","beta.7","beta.8","sigma2","delta"
"1",78.4060480322608,1.22120110232179,0.34854702371361,30.7046978384198,-1.12620171184963,-30.3627218080534,-29.5465308191386,14.7291585717947,60.311606795487,0
