"","beta.1","beta.2","beta.3","beta.4","beta.5","beta.6","beta.7","beta.8","sigma2","delta"
"1",0.0942089524538565,4.89788490583842,4.89788490583842,4.89788490583842,4.89788490583842,4.89788490583842,4.89788490583842,4.89788490583842,0,1.45608614213277e-06
