"","beta.1","beta.2","beta.3","beta.4","beta.5","beta.6","beta.7","beta.8","sigma2","delta"
"1",0.078117148858233,64,64,61.6905888375376,13.9774946994748,43.0545686174758,8.94930183875877,2.23894618826382,0,"1e-06"
