"","beta.1","beta.2","beta.3","beta.4","beta.5","beta.6","beta.7","beta.8","sigma2","delta"
"1",0.0874964201378681,5.05661036330465,5.05661036330465,5.05661036330465,5.05661036330465,5.05661036330465,5.05661036330465,5.05661036330465,0,1.67790334618908e-06
