beta.1,beta.2,beta.3,beta.4,beta.5,beta.6,beta.7,beta.8,sigma2,delta
7.458621929795348215e-01,1.000000000000000048e-04,1.000000000000000048e-04,7.243747130190329037e-03,4.332302267358803180e-03,1.275171947161072780e-02,3.092675650245817198e-02,1.883608428094482867e-01,4.149767244447689336e+03,2.220446049250313081e-15
