"","beta.1","beta.2","beta.3","beta.4","beta.5","beta.6","beta.7","beta.8","sigma2","delta"
"1",0.0391142247336732,64,64,63.9999989518072,64,56.9524488095595,8.25709706139964,64,0,"1e-06"
