"","beta.1","beta.2","beta.3","beta.4","beta.5","beta.6","beta.7","beta.8","sigma2","delta"
"1",29.8415644705858,1.06261643309552e-09,0.00285479548763758,0.00307783851103264,2.05313792152938e-06,0.0121165324073868,0.101915388064197,0.00346493863615177,327658.599103974,0
