"","beta.1","beta.2","beta.3","beta.4","beta.5","beta.6","beta.7","beta.8","sigma2","delta"
"1",18.0370411040282,0.0162798239938642,0.000584680770672187,0.0156154480210528,0.0739103300844296,0.0144736720784424,0.208034347431788,0.0175457329933895,16213.5731769863,3.24375110172308e-07
