"","beta.1","beta.2","beta.3","beta.4","beta.5","beta.6","beta.7","beta.8","sigma2","delta"
"1",52.3417849881974,3.66729330910893e-07,1.03520221492271e-08,0.00747141466441357,5.89600882468581e-07,0.00566588884068616,0.0778601086392383,0.0144666061143475,54578.4858091587,2.38938978550671e-07
