"","beta.1","beta.2","beta.3","beta.4","beta.5","beta.6","beta.7","beta.8","sigma2","delta"
"1",14.305234126717,2.28694685156177e-06,0.000153048995709115,0.0036426142546821,0.0178055663874584,0.0645164297419497,0.0610047547224553,0.236102526254723,122450.955318586,0
