beta.1,beta.2,beta.3,beta.4,beta.5,beta.6,beta.7,beta.8,sigma2,delta,mu
1.2419,0.015457,0.0027265,0.0011389,0.0001,0.035975,0.033348,0.00028227,19134,0,1.6795
