beta.1,beta.2,beta.3,beta.4,beta.5,beta.6,beta.7,beta.8,sigma2,delta
1.007901215037662279e+00,8.626743295405010434e-03,1.000000000000000048e-04,1.230959459262650005e-02,9.420565057809202406e-03,3.170856313241028623e-02,8.475757363643541056e-03,2.267089941041490128e-02,3.227978746692831464e+03,2.220446049250313081e-15
