"","beta.1","beta.2","beta.3","beta.4","beta.5","beta.6","beta.7","beta.8","sigma2","delta"
"1",3.33449844537126,8.2613826740933e-07,8.04864135723616e-10,0.00207815355212175,1e-10,0.00531697242961097,0.00912418548931453,0.00227957700922923,177456.55931688,0
