"","beta.1","beta.2","beta.3","beta.4","beta.5","beta.6","beta.7","beta.8","sigma2","delta"
"1",43.740324976575,6.04035293018669e-07,0.00076230444722358,0.0188738126666617,6.00506795314625e-06,0.0479648802465609,0.209204532205442,0.00700077263404239,17683.8200485831,2.47979466583453e-07
