"","beta.1","beta.2","beta.3","beta.4","beta.5","beta.6","beta.7","beta.8","sigma2","delta"
"1",14.960641077021,0.00667999658603115,0.000123909269203043,0.00118468131263712,0.0293508609180732,0.00144402094211073,0.0788511199462822,0.00732914261971031,354551.906575886,0.000965792535100049
