"","beta.1","beta.2","beta.3","beta.4","beta.5","beta.6","beta.7","beta.8","sigma2","delta"
"1",17.6456037802106,4.56254707441206e-06,1e-10,0.0104480620215596,0.0154941811761827,0.0986490535422033,0.149674556448208,0.40737492044287,25244.6139490763,3.48856766751644e-07
