"","beta.1","beta.2","beta.3","beta.4","beta.5","beta.6","beta.7","beta.8","sigma2","delta"
"1",19.6573758477214,9.48306523487267e-08,1.26407439429264e-24,0.0182312565635293,0.23623906113961,0.00562401247051978,0.0645197818442815,0.238071981156454,36167.0245766551,0
