"","beta.1","beta.2","beta.3","beta.4","beta.5","beta.6","beta.7","beta.8","beta.9","beta.10","beta.11","beta.12","beta.13","beta.14","beta.15","beta.16","beta.17","beta.18","beta.19","beta.20","beta.21","beta.22","beta.23","beta.24","beta.25","beta.26","beta.27","beta.28","beta.29","beta.30","beta.31","beta.32","beta.33","beta.34","beta.35","beta.36","beta.37","beta.38","beta.39","beta.40","beta.41","beta.42","beta.43","beta.44","sigma2","delta"
"1",59.6535389616409,29.7307139006079,-0.421070428822376,-0.529348858138653,-2.48520115878883,4.99699494014702,-4.91370761842615,-1.06082876720384,-3.47671122503145,20.2518542996396,35.6014749897096,1.70822619578128,-6.84435328972549,2.13295294852699,2.53066901022581,-1.05575084727559,-0.37507417524414,0.454243225258848,-5.12088662742601,1.30793093711646,-18.6286500570376,-31.5367526066297,3.86904816657699,1.87581517307566,-3.18628599709262,-1.80874231236729,-1.28136393641001,-24.6701987038617,-32.2672535361814,2.5871955797677,2.42351024944204,-9.11218461765812,-1.24727584663212,9.62382476454562,13.8395748397274,14.3489448580413,12.2184149772967,-1.17803014535747,2.90530994963927,3.80176634725419,-0.299806957174878,0.446632664429831,-8.54904900827546,-3.95565985364443,24.1350994582,0
