beta.1,beta.2,beta.3,beta.4,beta.5,beta.6,beta.7,beta.8,sigma2,delta,mu
1.331,0.0077283,0.0012719,0.00021578,0.0001,0.041145,0.0022533,0.00049146,41593,0,2.1142
