"","beta.1","beta.2","beta.3","beta.4","beta.5","beta.6","beta.7","beta.8","sigma2","delta"
"1",0.0543627235781008,56.316167264581,64,64,16.2165191975864,61.0530612491773,5.40441934170839,45.1468787569589,0,"1e-06"
