"","beta.1","beta.2","beta.3","beta.4","beta.5","beta.6","beta.7","beta.8","sigma2","delta"
"1",0.0363428676288108,64,64,26.0118428951466,64,24.6939270132731,10.2065262797926,64,0,"1e-06"
