"","beta.1","beta.2","beta.3","beta.4","beta.5","beta.6","beta.7","beta.8","sigma2","delta"
"1",0.090222100387426,5.17155319180773,5.17155319180773,5.17155319180773,5.17155319180773,5.17155319180773,5.17155319180773,5.17155319180773,0,2.46274196150673e-06
