"","beta.1","beta.2","beta.3","beta.4","beta.5","beta.6","beta.7","beta.8","sigma2","delta"
"1",5.93808565036963,1e-10,1.19300019780131e-06,0.0341521841684339,2.69276168984597e-06,0.0599262470213581,0.0370522888505861,0.0161928345390108,5741.53380741978,0
