beta.1,beta.2,beta.3,beta.4,beta.5,beta.6,beta.7,beta.8,sigma2,delta
6.012467396683323084e-01,1.000000000000000048e-04,1.000000000000000048e-04,8.107364286152440869e-03,3.594711677650425097e-02,2.412750976147640808e-02,1.213624611300914528e-02,2.684175682382116887e-02,7.659310874946938384e+03,2.220446049250313081e-15
