beta.1,beta.2,beta.3,beta.4,beta.5,beta.6,beta.7,beta.8,sigma2,delta,mu
0.81932,0.015457,0.0027265,0.00049574,0.0001,0.00013224,0.033348,0.00028227,95742,0,-0.83498
