beta.1,beta.2,beta.3,beta.4,beta.5,beta.6,beta.7,beta.8,sigma2,delta
8.757553770048553954e-01,1.066429207913274259e-02,1.000000000000000048e-04,7.066581547030569010e-03,1.698167280145517670e-03,1.563795928712623066e-03,8.032919919760371508e-03,4.253538720779956837e-03,2.176882657264464797e+04,2.220446049250313081e-15
