"","beta.1","beta.2","beta.3","beta.4","beta.5","beta.6","beta.7","beta.8","beta.9","beta.10","beta.11","beta.12","beta.13","beta.14","beta.15","beta.16","beta.17","beta.18","beta.19","beta.20","beta.21","beta.22","beta.23","beta.24","beta.25","beta.26","beta.27","beta.28","beta.29","beta.30","beta.31","beta.32","beta.33","beta.34","beta.35","beta.36","beta.37","beta.38","beta.39","beta.40","beta.41","beta.42","beta.43","beta.44","sigma2","delta"
"1",53.2366904523762,29.1990310786586,4.55517974573404,1.68659382560523,-2.69850303910642,-6.45523009030112,4.5766830280495,1.72361937289372,3.21318719419922,21.3251498030477,35.1470207463201,-1.2225827343492,-2.3253005540909,-3.27635707422014,-5.99646609538969,-1.25715992649329,-2.55840489357945,-0.514587523967426,-2.98134942942283,7.90323845509617,-20.9232182905033,-34.6992138061232,0.887691484347671,-0.0967976547651742,1.03075749937612,6.68877023398324,-1.24333759461315,-17.9557434968843,-29.4501799625308,-5.37588935985872,2.3579298278382,-8.68817946126882,-5.02773104655429,11.5736369851169,10.2697337486041,7.02180209133155,15.839770536476,0.605431369024534,0.318539125702276,4.66139968183265,0.327307475371703,-0.502642690911978,-9.1568710665171,1.1678230074071,23.577799982699,0
