beta.1,beta.2,beta.3,beta.4,beta.5,beta.6,beta.7,beta.8,sigma2,delta
8.991109141613431999e-02,3.558357090016553229e+03,4.643422582356356543e+03,6.686906045930995468e+00,4.009800100317107194e+02,4.535295139482653504e+00,2.039113191274480208e+00,4.742318588180378214e+00,3.773008510090118216e+04,1.231952283024357041e-15
