"","beta.1","beta.2","beta.3","beta.4","beta.5","beta.6","beta.7","beta.8","sigma2","delta"
"1",0.10090910364657,4.94048059422285,4.94048059422285,4.94048059422285,4.94048059422285,4.94048059422285,4.15820919108473,3.1226866202193,0,2.27154395557261e-06
