"","beta.1","beta.2","beta.3","beta.4","beta.5","beta.6","beta.7","beta.8","beta.9","beta.10","beta.11","beta.12","beta.13","beta.14","beta.15","beta.16","beta.17","beta.18","beta.19","beta.20","beta.21","beta.22","beta.23","beta.24","beta.25","beta.26","beta.27","beta.28","beta.29","beta.30","beta.31","beta.32","beta.33","beta.34","beta.35","beta.36","beta.37","beta.38","beta.39","beta.40","beta.41","beta.42","beta.43","beta.44","sigma2","delta"
"1",58.9676879066015,33.3934837662262,-6.84568984537334,-9.46653803100475,5.0344599266463,3.59003272623191,-2.20842020656411,-0.964366208644882,-3.49408824039007,26.856508749311,37.4780578122516,-4.62902277203768,-3.66596256464624,-5.04214655210065,-4.46599701007739,-2.05332290876448,7.84218897972627,-1.76220509913539,3.11411621175192,-0.16987772198669,-19.9788342045106,-32.5299803008526,2.90854059797862,3.04803485395014,-3.33299815750292,5.30767273287695,-2.23494068958262,-30.4210444999369,-38.4665538517143,9.20553583738769,-2.05029735181499,-13.3001894547489,-1.38107967529625,15.2947205393899,18.7278677589944,8.00611128352252,20.2457824805124,-4.86670571735557,7.17271663590726,4.82972527898328,-1.26187487281224,-7.30029038577758,-9.13742760920083,2.27873616583297,35.5443425549121,0
