"","beta.1","beta.2","beta.3","beta.4","beta.5","beta.6","beta.7","beta.8","sigma2","delta"
"1",2.72597250279808,6.09462217172858e-07,1e-10,0.0226158214204007,1.16703445329112e-06,0.0169414777007798,0.0392351050523264,0.00774106019500453,13276.1869427741,0
