"","beta.1","beta.2","beta.3","beta.4","beta.5","beta.6","beta.7","beta.8","sigma2","delta"
"1",69.4636277571512,2.18289817944179e-05,1e-10,0.0111460938884789,1.35259521490535e-06,0.0130129908146166,0.148622930925055,0.00760777550685091,24420.57002929,2.05831294793478e-07
