beta.1,beta.2,beta.3,beta.4,beta.5,beta.6,beta.7,beta.8,sigma2,delta
9.510049056074632023e-02,3.835157017401021676e+03,2.046564103119683568e+04,1.067302192084948409e+01,6.038263707726201801e+02,1.123463204203365429e+01,3.442897702931289938e+00,4.561523636108192115e+00,1.875105163311399228e+05,5.662147026688558234e-04
