beta.1,beta.2,beta.3,beta.4,beta.5,beta.6,beta.7,beta.8,sigma2,delta
1.745638286896289970e-01,3.991167787238533492e+03,4.010167688758452186e+03,6.433828819810556432e+00,5.522237244047866866e+00,2.144336105847666207e+00,1.864570134813460012e+00,1.218140436256947901e+00,3.950473174428677885e+04,8.927239369815656351e-09
