"","beta.1","beta.2","beta.3","beta.4","beta.5","beta.6","beta.7","beta.8","sigma2","delta"
"1",0.0402312650809643,64,64,63.9999637845176,64,63.9998816673128,8.04108471798761,64,0,"1e-06"
