"","beta.1","beta.2","beta.3","beta.4","beta.5","beta.6","beta.7","beta.8","sigma2","delta"
"1",78.3025319613413,1.05006545088755,-0.239532042863146,30.631296180067,1.5093787086895,-31.2965509537511,-28.3315348200896,14.4496262996992,61.1709015908399,0
