"","beta.1","beta.2","beta.3","beta.4","beta.5","beta.6","beta.7","beta.8","beta.9","beta.10","beta.11","beta.12","beta.13","beta.14","beta.15","beta.16","beta.17","beta.18","beta.19","beta.20","beta.21","beta.22","beta.23","beta.24","beta.25","beta.26","beta.27","beta.28","beta.29","beta.30","beta.31","beta.32","beta.33","beta.34","beta.35","beta.36","beta.37","beta.38","beta.39","beta.40","beta.41","beta.42","beta.43","beta.44","sigma2","delta"
"1",59.2995248598031,32.1327100992383,6.27720419848205,-0.77782478902241,-5.73637042419412,2.36759006786787,-5.84238083735989,1.03529938819403,-1.6860191266001,23.9708875896961,36.1367587134339,-3.62304468761,3.76606389976721,-5.6146433662289,3.68816193633114,1.74324167546248,-0.521500886074878,-4.86471442695326,-1.28499430488104,-2.14802023162006,-18.1554737556816,-33.6482688584835,-0.0262659852933861,0.728054249666865,-3.14858504367986,-1.61832832614045,0.314570070430138,-26.0525895846904,-33.4369500429269,-1.89248903904295,-0.965307768740184,-12.4885092260922,0.947554033065992,14.318328845315,12.6207029322267,-2.91911716488143,10.0424345655565,3.74956346872474,4.50110395036699,5.46567006121968,3.15293336049862,-2.36605575042205,-2.03645004222159,4.28921493091846,26.4696818718803,0
