"","beta.1","beta.2","beta.3","beta.4","beta.5","beta.6","beta.7","beta.8","sigma2","delta"
"1",37.9934803400897,0.000183432941978285,1.50860765926184e-11,0.00385219000672732,2.99969360761528e-05,0.00193500805844576,0.041017316838449,0.0138518272489389,270458.530063544,0.000885254680661338
