"","beta.1","beta.2","beta.3","beta.4","beta.5","beta.6","beta.7","beta.8","sigma2","delta"
"1",78.1858325008049,-1.2723647033155,-1.59603990257892,30.659019924973,-1.71251576524143,-30.1354732904878,-28.8866652776766,14.0859390499199,58.6223771422658,0
