"","beta.1","beta.2","beta.3","beta.4","beta.5","beta.6","beta.7","beta.8","sigma2","delta"
"1",37.4668312625036,2.69604162633353e-06,2.66124321618266e-07,0.000635915373725449,2.522285594529e-06,0.000670221181033384,0.116935822870559,0.00128790892120799,1516358.65878071,0.00133215172823514
