beta.1,beta.2,beta.3,beta.4,beta.5,beta.6,beta.7,beta.8,sigma2,delta
7.070187449511092237e-02,3.162053498637859593e+05,3.442028294699618709e+05,3.157138615499617273e+01,3.971782734925974510e+05,2.320378940592286199e+01,7.195358139869814096e+00,2.193145796872088127e+01,2.826669913857533131e+06,3.467686866000692369e-02
