beta.1,beta.2,beta.3,beta.4,beta.5,beta.6,beta.7,beta.8,sigma2,delta
1.216480294060632961e+00,9.655244618835013290e-04,1.575831456779338072e-02,1.244144153692423455e-01,8.011403277051899058e-03,3.475039661169036093e-02,2.495840322669197822e-02,2.982315018906492657e-02,5.743346358458181840e+02,2.220446049250313081e-15
