"","beta.1","beta.2","beta.3","beta.4","beta.5","beta.6","beta.7","beta.8","beta.9","beta.10","beta.11","beta.12","beta.13","beta.14","beta.15","beta.16","beta.17","beta.18","beta.19","beta.20","beta.21","beta.22","beta.23","beta.24","beta.25","beta.26","beta.27","beta.28","beta.29","beta.30","beta.31","beta.32","beta.33","beta.34","beta.35","beta.36","beta.37","beta.38","beta.39","beta.40","beta.41","beta.42","beta.43","beta.44","sigma2","delta"
"1",58.5205093477506,28.3611812678656,4.83493160330694,3.35037135575336,-5.71428375098321,6.36188595717326,-5.53689028059498,0.4541097201802,0.170028696185874,13.6138715744841,33.7304933790922,4.49416790288058,-0.353972664798222,-0.638109550255249,0.804423253854406,1.77162875168751,-1.69673514861401,-3.17252482252355,1.31075295104588,0.806156300150674,-17.6959678728828,-38.1482320426071,-0.42454393318355,3.09491323039932,2.81851042182085,-3.24638094944935,0.925586131174151,-21.2133815415366,-26.6404655157278,-3.78899020687447,-5.11819688332905,-10.86650474748,3.07072126945756,10.8290018948693,11.8987647129261,4.20964096444818,14.0841945701523,-0.837019953446262,-2.23674999162003,4.12340154458983,0.702218602672156,-4.13035025610928,-5.3615958984047,6.68985051443034,24.5270951087154,0
