"","beta.1","beta.2","beta.3","beta.4","beta.5","beta.6","beta.7","beta.8","sigma2","delta"
"1",3.61343904710211,4.65743636625372e-07,1e-10,0.00775177132582016,2.27968682571416e-06,0.0117756258356929,0.02405595082759,0.00498166034247769,35405.5269102065,0
