"","beta.1","beta.2","beta.3","beta.4","beta.5","beta.6","beta.7","beta.8","sigma2","delta"
"1",0.110228867728281,5.18516995723037,5.18516995723037,5.18516995723037,5.18516995723037,5.18516995723037,4.16495714433539,5.18516995723037,0,1.78713608465403e-06
