"","beta.1","beta.2","beta.3","beta.4","beta.5","beta.6","beta.7","beta.8","sigma2","delta"
"1",41.9616763239815,6.97100162821508e-06,4.8310592045388e-08,0.00672473158918273,0.000873274012120727,0.00389636438685627,0.0733254107228389,0.00269793325772227,253482.971035147,0
