beta.1,beta.2,beta.3,beta.4,beta.5,beta.6,beta.7,beta.8,sigma2,delta
1.078804262936627761e-01,1.690780498689123306e+03,5.410206016410216279e+01,3.634705686066665109e+00,1.316883951568903512e+03,2.319816749158129188e+00,1.506215132132071588e+00,9.288979924096025798e+00,1.711715500013085330e+04,1.490387102696505653e-08
