beta.1,beta.2,beta.3,beta.4,beta.5,beta.6,beta.7,beta.8,sigma2,delta,mu
1.3195,0.0017003,0.00018502,0.00097656,0.0089742,0.0004,0.015625,0.00097656,25680,0,0.5194
