"","beta.1","beta.2","beta.3","beta.4","beta.5","beta.6","beta.7","beta.8","sigma2","delta"
"1",79.1641548542451,-2.51345928149393,-1.74052954722897,31.463741429171,0.231342039523679,-30.5037150212555,-31.4265395287632,15.8355177676749,83.5715574641616,0
