"","beta.1","beta.2","beta.3","beta.4","beta.5","beta.6","beta.7","beta.8","sigma2","delta"
"1",15.3734267780816,4.35197239396902e-07,2.21381206568267e-07,0.00609604868250014,0.0139280924224807,0.0787314539066117,0.126766251360649,0.285272725451942,75688.0033994315,2.78192101273217e-13
