beta.1,beta.2,beta.3,beta.4,beta.5,beta.6,beta.7,beta.8,sigma2,delta,mu
1.7411,0.0059208,0.00097656,0.0044871,0.0022436,0.015625,0.0029604,0.00064429,9986.8,0,1.6485
