"","beta.1","beta.2","beta.3","beta.4","beta.5","beta.6","beta.7","beta.8","sigma2","delta"
"1",35.0574528920088,4.61161095208496e-08,0.000530799135924629,0.00580806625240043,1.20198652962344e-06,0.0216556409237294,0.108040368793814,0.00202491437543224,189019.761727498,0.000108806321295994
