"","beta.1","beta.2","beta.3","beta.4","beta.5","beta.6","beta.7","beta.8","sigma2","delta"
"1",29.1868251246943,3.10105991569946e-09,1.10515549895841e-07,0.000940040440289036,0.000546575229656726,0.123094958247221,0.0424022883619442,0.0078264051715717,377125.01607251,0
