"","beta.1","beta.2","beta.3","beta.4","beta.5","beta.6","beta.7","beta.8","sigma2","delta"
"1",78.1361575017013,-0.211672387446254,0.490790203959649,30.7671266169045,0.461068715519536,-29.6125495069804,-31.0595316110072,12.4442869680418,66.4746484887124,0
