"","beta.1","beta.2","beta.3","beta.4","beta.5","beta.6","beta.7","beta.8","sigma2","delta"
"1",2.3806391158418,1.5499462121908e-06,1e-10,0.0143648119851194,7.3849955452822e-07,0.0142417059196803,0.0253848908794474,0.00585665602672789,16723.4621471444,0
