"","beta.1","beta.2","beta.3","beta.4","sigma2","delta"
"1",0.0659915909618741,0.882739356053043,3.12900197166627,2.30045750107125,0,2.24355412644674e-07
