"","beta.1","beta.2","beta.3","beta.4","sigma2","delta"
"1",238.464664567629,1.16254250200931e-15,3.12234631330745e-07,0.136680189044322,235703.960601219,3.71980152054555e-05
