beta.1,beta.2,beta.3,beta.4,sigma2,delta,mu
4,0.023411,0.0010962,0.033108,2597.1,0,1.1274
