beta.1,beta.2,beta.3,beta.4,sigma2,delta
3.101380687109626333e+00,1.000000000000000048e-04,1.594911974633427543e-01,2.826361667646768577e-02,3.403858332102901386e+03,2.220446049250313081e-15
