"","beta.1","beta.2","beta.3","beta.4","beta.5","beta.6","beta.7","beta.8","beta.9","beta.10","beta.11","beta.12","beta.13","beta.14","sigma2","delta"
"1",61.0389061978858,28.3689041574498,-4.00664740021882,5.34909459346505,-1.34520809630611,4.91860894171472,-0.2763765346994,4.48638728621815,-4.33990068004272,-31.5128589231181,-27.7852033905131,2.95056623624328,-5.02836594821263,18.1304582783411,22.4164714905711,0
