beta.1,beta.2,beta.3,beta.4,sigma2,delta
1.237295511637585443e+00,1.016332790067465963e-02,1.000000000000000048e-04,5.099405302909033183e-02,2.790450839350628667e+05,2.220446049250313081e-15
