"","beta.1","beta.2","beta.3","beta.4","beta.5","beta.6","beta.7","beta.8","beta.9","beta.10","beta.11","beta.12","beta.13","beta.14","sigma2","delta"
"1",65.7927351688719,28.9857330960901,1.7680944392976,1.53095618580011,-2.3381374121204,-0.408913942614556,-5.58380756095109,-1.05051173757062,1.88029743429977,-32.4307066986508,-29.1005016839799,0.66579935370177,3.74560096697241,13.9597465182327,22.5462347149101,0
