beta.1,beta.2,beta.3,beta.4,sigma2,delta,mu
4,0.003687,0.0010962,0.11798,2005.1,0,0.70904
