beta.1,beta.2,beta.3,beta.4,sigma2,delta
4.190004150100773428e-01,1.926691180447832885e-01,8.154117271401360376e-03,1.913737741698649754e-03,5.651625615577457938e+05,2.220446049250313081e-15
