"","beta.1","beta.2","beta.3","beta.4","sigma2","delta"
"1",0.0326708209243035,3.23272938913126,3.23272938913126,3.23272938913126,0,3.20699702599065e-07
