"","beta.1","beta.2","beta.3","beta.4","sigma2","delta"
"1",121.34567234619,0.00516479831837631,8.2193821592728e-07,0.060854499181344,32275.8297666813,8.05797565626566e-08
