"","beta.1","beta.2","beta.3","beta.4","sigma2","delta"
"1",41.2827198845415,0.0404979262881342,8.6135960432329e-06,0.0376022529987432,78311.5374199635,1.33971725917593e-07
