beta.1,beta.2,beta.3,beta.4,sigma2,delta,mu
1.5874,0.011049,0.078745,0.011049,6999.3,0,2.3141
