"","beta.1","beta.2","beta.3","beta.4","sigma2","delta"
"1",150.667675306222,0.0174382774934785,5.72713410853448e-06,0.16435387134802,4956.16513558611,0
