"","beta.1","beta.2","beta.3","beta.4","sigma2","delta"
"1",77.8218284901412,0.639320231406035,-0.0312115864981942,-27.934332489325,34.7963378352311,0
