"","beta.1","beta.2","beta.3","beta.4","sigma2","delta"
"1",0.0171197645195722,16,16,7.83385912019576,0,"1e-06"
