"","beta.1","beta.2","beta.3","beta.4","sigma2","delta"
"1",33.480734431997,0.00132428497375774,0.000563244277115961,1.44741809798113,38212.501640138,4.31204183728804e-06
