"","beta.1","beta.2","beta.3","beta.4","sigma2","delta"
"1",94.3945769525776,2.97065517756867e-05,0.0104513643357683,0.0484063815647025,60989.9631165447,0
