"","beta.1","beta.2","beta.3","beta.4","sigma2","delta"
"1",2.47489096877316,1e-10,2.001791052017e-07,0.00135301020624232,147600.131309248,0
