beta.1,beta.2,beta.3,beta.4,sigma2,delta
6.788125126261430886e-02,4.722698071134822094e+05,7.633210083614243558e+03,6.081242153059461586e+00,2.684576052397850435e+06,1.303860204981844000e-03
