beta.1,beta.2,beta.3,beta.4,sigma2,delta
4.117131829999663012e-02,8.519295503546456530e+03,5.209756374359172924e+02,1.493217640011463843e+00,4.810573752833170147e+04,1.231952283024357041e-15
