"","beta.1","beta.2","beta.3","beta.4","sigma2","delta"
"1",78.688059453007,1.38373460758145,-1.44153373319606,-29.1142125193567,47.5028789723529,0
