"","beta.1","beta.2","beta.3","beta.4","beta.5","beta.6","beta.7","beta.8","beta.9","beta.10","beta.11","beta.12","beta.13","beta.14","sigma2","delta"
"1",66.526543793737,32.3615144433809,2.28307354439211,-0.188270084303623,-2.76653131245389,-7.15886417124487,0.0755251956395282,4.32596926766361,1.7597187497355,-24.6676937921778,-40.4488841125425,-4.6774869840987,3.59093918172428,14.5313297940996,27.7517898597916,0
