"","beta.1","beta.2","beta.3","beta.4","sigma2","delta"
"1",79.1302431412946,-0.58816316102081,0.030371072058385,-31.686323973626,49.8243041195401,0
