"","beta.1","beta.2","beta.3","beta.4","sigma2","delta"
"1",86.365326657896,3.80514520545503e-09,4.46875936967343e-07,0.0363695107925701,114138.524443842,9.53523075144886e-08
