"","beta.1","beta.2","beta.3","beta.4","sigma2","delta"
"1",2.69395075070702,1e-10,9.03832866681512e-07,0.0130387515188668,12552.0073829886,0
