"","beta.1","beta.2","beta.3","beta.4","sigma2","delta"
"1",0.0302699939331031,7.59199637999183,16,12.8320473485724,0,"1e-06"
