"","beta.1","beta.2","beta.3","beta.4","sigma2","delta"
"1",0.0330027044264724,2.7980814963013,2.7980814963013,2.7980814963013,0,1.02215634202758e-06
