"","beta.1","beta.2","beta.3","beta.4","sigma2","delta"
"1",6.24348439589286,1e-10,3.26714393390035e-06,0.0290308940531637,6919.59927248688,0
