beta.1,beta.2,beta.3,beta.4,sigma2,delta
5.376035945050058884e-02,9.492726023114439158e+04,1.253247504032040069e+03,4.217890387280721853e+00,3.131002254226920777e+05,2.322046993983924060e-04
