"","beta.1","beta.2","beta.3","beta.4","sigma2","delta"
"1",4.6642799993373,0.000106687763636867,1.92820035505957e-06,0.0120897181634934,18893.4091248938,0
