beta.1,beta.2,beta.3,beta.4,sigma2,delta
9.017333353397981588e-01,1.710796832501875614e-02,7.169896567801931813e-04,1.814818522451200691e-02,3.905100566546944901e+05,2.220446049250313081e-15
