"","beta.1","beta.2","beta.3","beta.4","beta.5","beta.6","beta.7","beta.8","beta.9","beta.10","beta.11","beta.12","beta.13","beta.14","sigma2","delta"
"1",64.8635832667494,32.6093438315831,-0.0737849194241657,-2.32491830423244,3.33147498013499,3.86084722278712,6.39618684034351,-5.28209003128171,-1.53060918872193,-25.6878638721855,-41.4544434990082,0.474466816037695,-4.24177871537551,16.6647665031966,28.5554195083798,0
