beta.1,beta.2,beta.3,beta.4,sigma2,delta
9.151420200415920359e-02,1.190683686517577371e+03,6.873440749514860215e+01,2.919166584982714197e-01,5.411205909922663523e+03,2.734896302654127898e-09
