"","beta.1","beta.2","beta.3","beta.4","sigma2","delta"
"1",347.946994856636,8.48795743350629e-10,5.27653057544599e-06,0.407591491061547,9590.43004107659,4.49204153486906e-08
