"","beta.1","beta.2","beta.3","beta.4","sigma2","delta"
"1",29.8547965312221,0.0256332718906195,2.81489845032811e-06,0.018013352574446,595114.726725236,0.00732313762170891
