beta.1,beta.2,beta.3,beta.4,sigma2,delta
4.449769347129227115e-01,2.278820702467270528e-03,2.834240624887093135e-02,3.140209287609771645e-03,4.957016933926747181e+06,2.220446049250313081e-15
