"","beta.1","beta.2","beta.3","beta.4","sigma2","delta"
"1",0.0132880911605689,16,5.33987194644994,16,0,"1e-06"
