"","beta.1","beta.2","beta.3","beta.4","sigma2","delta"
"1",0.0331312169292062,16,16,1.86141210772939,0,"1e-06"
