"","beta.1","beta.2","beta.3","beta.4","sigma2","delta"
"1",109.431085572866,4.79618210962919e-13,9.30529870304586e-09,0.0138911642481643,2452908.77655555,0.00130699481308225
