beta.1,beta.2,beta.3,beta.4,sigma2,delta,mu
2.3784,0.18729,0.0018435,0.046822,2930.4,0,1.2528
