"","beta.1","beta.2","beta.3","beta.4","sigma2","delta"
"1",78.5346032386772,-1.34157630555561,-0.367366297078272,-30.7687178949582,47.8526474678961,0
