beta.1,beta.2,beta.3,beta.4,sigma2,delta,mu
16.469,0.00057858,0.0001,0.15136,541.64,0,0.24933
