"","beta.1","beta.2","beta.3","beta.4","sigma2","delta"
"1",271.153803885509,1.28326471709844e-10,2.57452408604095e-06,0.369704931994401,32019.2924426797,0
