"","beta.1","beta.2","beta.3","beta.4","sigma2","delta"
"1",0.0330510696192696,3.41384688175445,3.41384688175445,3.41384688175445,0,3.29157936413784e-07
