"","beta.1","beta.2","beta.3","beta.4","sigma2","delta"
"1",78.0188360852113,-0.450027865706735,-0.267157101601679,-30.4830907782754,35.6348685557306,0
