"","beta.1","beta.2","beta.3","beta.4","sigma2","delta"
"1",0.0532225473367945,3.11271030627251,3.11271030627251,3.11271030627251,0,6.591192236818e-07
