"","beta.1","beta.2","beta.3","beta.4","sigma2","delta"
"1",20.3547603758292,0.0257816762551041,0.000116973252609376,0.060364308497082,2214.80223419176,0
