"","beta.1","beta.2","beta.3","beta.4","beta.5","beta.6","beta.7","beta.8","beta.9","beta.10","beta.11","beta.12","beta.13","beta.14","sigma2","delta"
"1",62.7668631518266,31.1318804371569,-6.73856074408651,8.11722817503036,8.43165634225489,4.83352917384772,-5.06508242487678,-1.88450278462211,-0.10224721547275,-14.8186591829106,-33.2117582438163,-6.57753652388845,-3.88050541080856,7.29282299673675,32.6018276234076,0
