"","beta.1","beta.2","beta.3","beta.4","sigma2","delta"
"1",0.0286846627712977,16,16,11.5852623714705,0,"1e-06"
