"","beta.1","beta.2","beta.3","beta.4","sigma2","delta"
"1",258.279937367105,1e-10,2.85852751445844e-06,0.0946302909414095,12115.0871404617,5.55132656374074e-08
