"","beta.1","beta.2","beta.3","beta.4","sigma2","delta"
"1",175.912540133888,4.83053759316935e-12,3.48549100573805e-07,0.0291557648625555,280368.145232129,0.000228853165000582
