"","beta.1","beta.2","beta.3","beta.4","sigma2","delta"
"1",33.5703551739922,0.00130286398318093,0.00058778673618942,1.4774896743901,36854.5598589311,0
