"","beta.1","beta.2","beta.3","beta.4","sigma2","delta"
"1",61.5302084818328,0.0367865899203145,0.000316077396995049,0.062945930064702,67050.1291328425,0
