beta.1,beta.2,beta.3,beta.4,sigma2,delta
6.355887845148790183e-02,3.049366796674864872e+03,3.739235463620808986e+01,9.239694408728654773e-01,2.427024852104820093e+04,3.893539867167913871e-04
