"","beta.1","sigma2","delta"
"1",23.3988720145207,0.106366908018519,2.28754370958312e-13
