"","beta.1","sigma2","delta"
"1",37235.081612699,0.14539717080974,6.88820018038063e-06
