"","beta.1","sigma2","delta"
"1",0.136139843876524,0.120181504236866,0
