"","beta.1","sigma2","delta"
"1",1.30515218491366,0.0398631723483621,0
