"","beta.1","sigma2","delta"
"1",0.108133701908103,0.117763559912327,0
