beta.1,sigma2,delta
1.721546173286090664e-01,1.145582095440641213e-01,7.642373825021745262e-09
