"","beta.1","sigma2","delta"
"1",42.7619838250624,0.11776239095203,1.01872298829289e-11
