"","beta.1","sigma2","delta"
"1",39.1426236313248,0.131281390377404,1.01351721980939e-10
