beta.1,sigma2,delta
1.092377387137135891e-01,1.228958478801653875e-01,9.835955310912471722e-12
