"","beta.1","sigma2","delta"
"1",0.12176171273557,0.118157899966598,1.18157901741892e-09
