beta.1,sigma2,delta
1.733548147119121641e-01,1.111833834656353742e-01,5.418890551421932840e-10
