"","beta.1","sigma2","delta"
"1",0.106341931456641,0.100861871219532,0
