"","beta.1","sigma2","delta"
"1",397779.858421953,0.145404059009921,0
