"","beta.1","sigma2","delta"
"1",2.36643012012205,0.0764099159849533,0
