"","beta.1","sigma2","delta"
"1",38.4788958085884,0.11720173848449,0
