"","beta.1","sigma2","delta"
"1",-0.437254686312349,0.194356417764524,0
