"","beta.1","sigma2","delta"
"1",39.1431551425757,0.13128083310917,0
