"","beta.1","sigma2","delta"
"1",-5.33105753161945,0.00725520978542237,0
