"","beta.1","sigma2","delta"
"1",0.00327862509756112,0.0765593273498189,0.0688447316601018
