"","beta.1","sigma2","delta"
"1",-0.691987243383842,0.096589143724025,0
