"","beta.1","sigma2","delta"
"1",33.2034005127069,0.13345115459974,0
