"","beta.1","sigma2","delta"
"1",23.3989429482485,0.106366668910254,0
