"","beta.1","sigma2","delta"
"1",0.170069385763565,0.107307798753466,1.07307800365739e-09
