"","beta.1","sigma2","delta"
"1",0.168585551475738,0.10997378440357,0
