beta.1,sigma2,delta
4.951824598503534562e-03,1.366497374305842283e-01,8.754380363264976234e-03
