"","beta.1","sigma2","delta"
"1",24.1207925403051,0.123470875546255,0
