"","beta.1","sigma2","delta"
"1",0.146180326337233,0.106367407521652,1.06367409119797e-09
