beta.1,sigma2,delta
9.683239199180601608e-02,9.969287303926653576e-02,6.065621060395470248e-09
