"","beta.1","sigma2","delta"
"1",4.73230868306401,0.0609815269321321,0
