"","beta.1","sigma2","delta"
"1",42.7618266673158,0.117762577904299,0
