beta.1,sigma2,delta
1.483034699657220790e-01,1.103964638060599690e-01,1.461534683287468562e-08
