"","beta.1","sigma2","delta"
"1",24.1209253110249,0.123470443061753,6.7324454614964e-10
