"","beta.1","sigma2","delta"
"1",23.3987172105679,0.106367429856364,0
