"","beta.1","sigma2","delta"
"1",0.121761712019875,0.118157905008399,0
