beta.1,sigma2,delta
1.089603883579454147e-01,1.298128219561667240e-01,1.574916769647492660e-08
