"","beta.1","sigma2","delta"
"1",24.1215370360584,0.123468460109928,0
