"","beta.1","sigma2","delta"
"1",0.128359206782432,0.108652983266164,0
