"","beta.1","beta.2","beta.3","beta.4","beta.5","beta.6","beta.7","beta.8","sigma2","delta"
"1",4.67943300133807,2.74525647766259e-09,2.24837894331071e-05,0.0225649925991475,7.22466075732344e-13,0.00950484574935952,0.146915742908999,0.00561930455913702,1.98958953174964,0
