"","beta.1","beta.2","beta.3","beta.4","beta.5","beta.6","beta.7","beta.8","beta.9","beta.10","beta.11","beta.12","beta.13","beta.14","beta.15","beta.16","beta.17","beta.18","beta.19","beta.20","beta.21","beta.22","beta.23","beta.24","beta.25","beta.26","beta.27","beta.28","beta.29","beta.30","beta.31","beta.32","beta.33","beta.34","beta.35","beta.36","beta.37","beta.38","beta.39","beta.40","beta.41","beta.42","beta.43","beta.44","sigma2","delta"
"1",0.650052529650826,0.108832701170692,0.224516039845105,-0.00400023975123263,0.0244741596759595,0.00225756591670227,-0.079019038176754,-0.0541732768372472,-0.018326839332926,0.156605743872069,0.185731345078921,-0.108417839706108,0.129609136539716,-0.029505941652148,-0.117770796430837,0.0373162636435533,-0.137676577237885,0.0180361070672819,0.00502919994495758,0.121697510196609,-0.212375679393161,-0.187169584013668,-0.13181489345542,0.046864964849692,0.0640719117791211,0.0393067500008366,-0.0355779235730033,-0.378497857718488,-0.275324953036145,-0.0677015685681951,-0.0353913479877297,-0.0914174729773647,0.0725798144413123,0.205471108156693,0.229561358563822,0.0527443471072664,0.013649846009287,0.0884091704744265,-0.0264319283174911,-0.0221247971744217,-0.0267352620823618,-0.0482606830618822,-0.0310656141738409,0.132923152686062,0.000535418238520751,0
