"","beta.1","beta.2","beta.3","beta.4","beta.5","beta.6","beta.7","beta.8","sigma2","delta"
"1",0.316846577427436,2.49681482097322,3.6746875,3.03000357336353,3.6746875,3.63525567812845,3.10991293130536,3.6746875,0,0.000710913129593866
