"","beta.1","beta.2","beta.3","beta.4","beta.5","beta.6","beta.7","beta.8","sigma2","delta"
"1",4.23179387127905,1.0016723060419e-07,9.66818257052232e-06,0.0122983538277764,8.31654963269352e-13,0.00857953311774278,0.118920421581001,0.00450049380758477,3.1709680417462,9.28165122304631e-07
