"","beta.1","beta.2","beta.3","beta.4","beta.5","beta.6","beta.7","beta.8","sigma2","delta"
"1",0.636732703642968,1.975,1.975,1.975,1.975,1.975,1.76935887463268,1.975,0.0419269913736958,4.19269920036387e-10
