"","beta.1","beta.2","beta.3","beta.4","beta.5","beta.6","beta.7","beta.8","sigma2","delta"
"1",0.4907229871716,1.975,1.975,1.975,1.975,1.975,1.44351903157937,1.975,0.0854317515767881,0
