"","beta.1","beta.2","beta.3","beta.4","beta.5","beta.6","beta.7","beta.8","sigma2","delta"
"1",3.24424347317782,4.45788744423059e-06,1e-10,0.00442317427568699,1.34403850832181e-06,0.0194468444805093,0.0531805417585905,0.00511075480232212,4.51938642192508,7.25491162429481e-08
