"","beta.1","beta.2","beta.3","beta.4","beta.5","beta.6","beta.7","beta.8","sigma2","delta"
"1",0.388495406014661,4.19265625,4.19265625,3.59771443809785,4.19265625,4.07527317939687,3.19927024219695,3.32263952158411,0,0.000810860173607184
