beta.1,beta.2,beta.3,beta.4,beta.5,beta.6,beta.7,beta.8,sigma2,delta,mu
0.098073,0.010198,0.0010603,0.00011025,0.0001,0.00012126,0.00011637,0.0001042,75.674,0,44.767
