"","beta.1","beta.2","beta.3","beta.4","beta.5","beta.6","beta.7","beta.8","sigma2","delta"
"1",0.31729788139255,64,64,22.8656564818653,64,18.9460597146381,8.66728248182855,41.870572354648,0,"1e-06"
