"","beta.1","beta.2","beta.3","beta.4","beta.5","beta.6","beta.7","beta.8","sigma2","delta"
"1",0.563736913685212,0.0357729682381108,0.0389655153325625,0.215770501188686,-0.0181405755509443,-0.22548559999985,-0.222541034995465,0.120752844427676,0.00168979874727647,0
