"","beta.1","beta.2","beta.3","beta.4","beta.5","beta.6","beta.7","beta.8","sigma2","delta"
"1",0.605601542962506,1.975,1.975,1.8606925815737,1.975,1.77657431170477,1.975,1.975,0.0402931835526952,4.02931841580905e-10
