"","beta.1","beta.2","beta.3","beta.4","beta.5","beta.6","beta.7","beta.8","sigma2","delta"
"1",2.21248329178194,1.68219722367944e-10,3.03962208163647e-11,0.0114462395123168,7.08509425921411e-13,0.0492719867771143,0.0367106727991862,0.0116611027126629,1.41456782386871,4.47703867220228e-05
