"","beta.1","beta.2","beta.3","beta.4","beta.5","beta.6","beta.7","beta.8","sigma2","delta"
"1",0.646413983117342,1.975,1.975,1.975,1.975,1.975,1.53974036556002,1.975,0.0469754067711908,0
