"","beta.1","beta.2","beta.3","beta.4","beta.5","beta.6","beta.7","beta.8","sigma2","delta"
"1",0.627105554481164,1.975,1.975,1.975,1.975,1.975,1.975,1.975,0.022424791199158,2.2424791536085e-10
