beta.1,beta.2,beta.3,beta.4,beta.5,beta.6,beta.7,beta.8,sigma2,delta
3.378812484124771309e-01,5.907943572930666960e+02,1.926935755249323620e+03,6.066507263912804149e+00,7.717017840563929667e+02,6.808979791902487477e+00,3.931454623546294602e+00,1.296834807034793968e+01,3.867449919507184308e+00,2.111070956752421581e-06
