beta.1,beta.2,beta.3,beta.4,beta.5,beta.6,beta.7,beta.8,sigma2,delta
3.631179834853792143e-01,8.863028394795251188e+02,8.965880059215136271e+02,7.323879110777888890e+00,5.190038605227092603e+02,4.416485164313047385e+00,2.403873448774394461e+00,5.096831834866509148e+00,1.739045856528959044e+00,5.562684646268136855e-309
