"","beta.1","beta.2","beta.3","beta.4","beta.5","beta.6","beta.7","beta.8","beta.9","beta.10","beta.11","beta.12","beta.13","beta.14","beta.15","beta.16","beta.17","beta.18","beta.19","beta.20","beta.21","beta.22","beta.23","beta.24","beta.25","beta.26","beta.27","beta.28","beta.29","beta.30","beta.31","beta.32","beta.33","beta.34","beta.35","beta.36","beta.37","beta.38","beta.39","beta.40","beta.41","beta.42","beta.43","beta.44","sigma2","delta"
"1",0.497936609276061,0.139664705061323,0.00213936020018326,-0.0127315263591458,-0.0341491849443126,-0.0153570765245108,0.124809615951966,0.0297762543420187,0.0376571255263825,0.00584314361106553,0.17333095802893,0.112542729066133,0.0613520136364071,0.0354275564120334,-0.0936482487858181,-0.0573481204544325,-0.0413726698666635,-0.127011039129339,0.0968933939538743,0.0782434624512413,-0.197663903733184,-0.160471046615318,-0.0247023065435059,0.0816685740551078,-0.0561618032551076,-0.0936149178581707,0.104971664183849,-0.169967287325621,-0.255372508484632,0.0299210348171489,-0.105315221837944,-0.0474169604666925,0.129959925740814,0.013970425395022,0.116697432143932,0.114536204827464,0.0467635358852743,0.0148762805239895,-0.074957896199784,0.0437689739047037,0.0930344386849788,-0.0743607789042807,-0.0705988765969905,-0.0054708359517546,0.000371475526607486,0
