beta.1,beta.2,beta.3,beta.4,beta.5,beta.6,beta.7,beta.8,sigma2,delta
9.047167081607449646e+00,1.553660828613533871e+06,1.914265020065747434e+06,5.986488137802498954e+01,1.506088619027988287e+06,5.051265928267151395e+01,3.799417575689601989e+01,6.581172181732901549e+01,4.159736030279225361e+01,5.562684646268136855e-309
