"","beta.1","beta.2","beta.3","beta.4","beta.5","beta.6","beta.7","beta.8","sigma2","delta"
"1",0.425266344985308,3.5353125,3.5353125,3.5353125,3.5353125,2.92981116538381,2.02161353149831,2.95384979430751,0,0.000866761281848124
