beta.1,beta.2,beta.3,beta.4,beta.5,beta.6,beta.7,beta.8,sigma2,delta
5.284437901618566080e-01,1.261281794350307464e+05,1.375660914402836934e+05,9.111388197139397960e+00,1.416044914704163384e+05,8.644514281896249486e+00,3.134734401389319913e+00,4.875785076820046804e+00,4.062906818352257865e+00,8.486574241181349154e-06
