"","beta.1","beta.2","beta.3","beta.4","beta.5","beta.6","beta.7","beta.8","sigma2","delta"
"1",0.58736890854318,1.975,1.975,1.975,1.975,1.975,1.975,1.975,0.0321381953344061,3.21381958172748e-10
