"","beta.1","beta.2","beta.3","beta.4","beta.5","beta.6","beta.7","beta.8","sigma2","delta"
"1",0.519093028994105,1.975,1.975,1.975,1.975,1.975,1.5391377634736,1.975,0.0813960004162518,3.76884120919002e-05
