"","beta.1","beta.2","beta.3","beta.4","beta.5","beta.6","beta.7","beta.8","sigma2","delta"
"1",1.63509142405797,6.7413984389311e-11,1.41256756769597e-07,0.0042760188696343,4.66719022754953e-07,0.00513419417442477,0.0294529745237078,0.00973617503087673,8.68548134508726,9.23275534228273e-06
