"","beta.1","beta.2","beta.3","beta.4","beta.5","beta.6","beta.7","beta.8","sigma2","delta"
"1",0.253912436633637,64,64,20.3174489586696,64,37.1779712782065,6.29597354080755,52.0420151880118,0,"1e-06"
