"","beta.1","beta.2","beta.3","beta.4","beta.5","beta.6","beta.7","beta.8","sigma2","delta"
"1",0.702468335063946,1.975,1.975,1.975,1.975,1.975,1.975,1.975,0.0222260502463479,2.2226050580289e-10
