"","beta.1","beta.2","beta.3","beta.4","beta.5","beta.6","beta.7","beta.8","beta.9","beta.10","beta.11","beta.12","beta.13","beta.14","beta.15","beta.16","beta.17","beta.18","beta.19","beta.20","beta.21","beta.22","beta.23","beta.24","beta.25","beta.26","beta.27","beta.28","beta.29","beta.30","beta.31","beta.32","beta.33","beta.34","beta.35","beta.36","beta.37","beta.38","beta.39","beta.40","beta.41","beta.42","beta.43","beta.44","sigma2","delta"
"1",0.374088356151607,0.247019023606624,0.00199501833456788,-0.0336662603323078,-0.00353804128302298,0.00106789695419732,0.0880506918434776,0.0455000875299686,0.0481925730928423,0.0733575881535785,0.22582723418138,0.0623373542892447,-0.100184032557279,0.023935839185569,0.155184316486887,-0.13627255138424,-0.0172909564419829,-0.0990614538690859,-0.0741829949775065,0.0213511934136908,-0.233355915930595,-0.135620247363893,0.00245817078709589,-0.0798613502959582,0.0259776286678445,0.0356356116167096,0.0494657054401983,-0.114764960825645,-0.218989529980023,-0.0642176710747614,0.039958898635309,0.0145505449234276,-0.0151611727185035,0.0174942656012476,0.105053087153421,0.0939420267625305,0.0656573867464455,0.0153127747971215,0.018299438358373,0.0609821432401502,-0.0469013821400933,0.0663191129690213,-0.141248217717664,-0.00149257995465691,0.000626599000027008,0
