"","beta.1","beta.2","beta.3","beta.4","beta.5","beta.6","beta.7","beta.8","sigma2","delta"
"1",0.63673241036447,1.975,1.975,1.975,1.975,1.975,1.76936225034269,1.975,0.041927031677451,0
