"","beta.1","beta.2","beta.3","beta.4","beta.5","beta.6","beta.7","beta.8","sigma2","delta"
"1",2.26583296436282,9.00231545719813e-05,5.32137044642773e-07,0.028136586574621,0.0104331646138631,0.016810112107792,0.11227234352505,0.0296223356109318,0.909704700921852,0
