"","beta.1","beta.2","beta.3","beta.4","beta.5","beta.6","beta.7","beta.8","sigma2","delta"
"1",0.339008913393384,64,48.5757842187649,11.105299315166,64,14.5379178173225,12.0050398071451,64,0,"1e-06"
