"","beta.1","beta.2","beta.3","beta.4","beta.5","beta.6","beta.7","beta.8","sigma2","delta"
"1",0.700433469326664,1.975,1.975,1.975,1.975,1.975,1.83849203880165,1.975,0.0308129217610212,3.08129222239779e-10
