beta.1,beta.2,beta.3,beta.4,beta.5,beta.6,beta.7,beta.8,sigma2,delta
2.108495288767722187e+00,8.571545417221523821e+05,8.262954265890098177e+05,2.911212873284528513e+01,8.478244059939704603e+05,3.325408675007219017e+01,1.473635537836413434e+01,5.011899710870061853e+01,1.040991926479269836e+02,5.562684646268136855e-309
