"","beta.1","beta.2","beta.3","beta.4","beta.5","beta.6","beta.7","beta.8","sigma2","delta"
"1",0.284271048194002,64,64,17.4203840725022,64,14.4554676177601,5.90383427921302,30.5646667897788,0,"1e-06"
