beta.1,beta.2,beta.3,beta.4,beta.5,beta.6,beta.7,beta.8,sigma2,delta
3.279149516561224442e-01,3.836570776750688196e+02,1.199569016458591022e+03,5.148033746013728873e+00,7.546227678043197784e+02,4.258188208658962637e+00,1.895772326042471034e+00,5.708763030803217120e+00,1.140832427034211838e+00,5.562684646268136855e-309
