"","beta.1","beta.2","beta.3","beta.4","beta.5","beta.6","beta.7","beta.8","sigma2","delta"
"1",0.452198282870718,1.975,1.975,1.41584729798883,1.975,1.2673986315517,1.81289339043822,1.975,0.060469756326514,8.57687659070849e-06
