"","beta.1","beta.2","beta.3","beta.4","beta.5","beta.6","beta.7","beta.8","sigma2","delta"
"1",0.751537959840774,1.975,1.975,1.975,1.975,1.86799061501905,1.975,1.975,0.0276295618323391,2.76295622474666e-10
