"","beta.1","beta.2","beta.3","beta.4","beta.5","beta.6","beta.7","beta.8","sigma2","delta"
"1",0.551694625318164,1.975,1.975,1.975,1.975,1.975,1.22332144018914,1.975,0.0913076787589376,2.73803133778292e-05
