"","beta.1","beta.2","beta.3","beta.4","beta.5","beta.6","beta.7","beta.8","sigma2","delta"
"1",0.70043723473451,1.975,1.975,1.975,1.975,1.975,1.83850450547063,1.975,0.0308130896312232,0
