"","beta.1","beta.2","beta.3","beta.4","beta.5","beta.6","beta.7","beta.8","sigma2","delta"
"1",2.17565237245994,3.62681779484368e-06,7.10648577725337e-07,0.0347725921476149,1.52344259212889e-12,0.0179497041414663,0.0290860596864617,0.00137523664938743,2.39978243018922,3.54839147739331e-05
