"","beta.1","beta.2","beta.3","beta.4","beta.5","beta.6","beta.7","beta.8","sigma2","delta"
"1",2.15819670561444,3.39666753503366e-05,3.55688669455629e-06,0.00999666314041061,0.000599134914854496,0.0224148425833281,0.0777969690265991,0.0678653519182806,1.45253062788281,0
