"","beta.1","beta.2","beta.3","beta.4","beta.5","beta.6","beta.7","beta.8","sigma2","delta"
"1",0.580687401590667,0.00890906981032728,-0.00141203290013609,0.226918507195997,-0.014633775381023,-0.251134561489775,-0.226445570910804,0.0792787333346106,0.00182263861911021,0
