"","beta.1","beta.2","beta.3","beta.4","beta.5","beta.6","beta.7","beta.8","sigma2","delta"
"1",4.72555533565891,9.33962092954921e-06,1.69638237736716e-10,0.0169215661431057,1e-10,0.0237769066949911,0.157739177462833,0.0151784624021457,1.12277754737116,0
