beta.1,beta.2,beta.3,beta.4,beta.5,beta.6,beta.7,beta.8,sigma2,delta
3.663728443664893142e-01,2.000743153739608005e+01,1.370729664234834502e+02,4.807018846872422202e+00,3.268601614789579912e+02,8.646524171696359673e+00,2.677822747408414195e+00,1.147907919863525983e+01,2.707797824355720362e+00,2.636687059298408934e-78
