"","beta.1","beta.2","beta.3","beta.4","beta.5","beta.6","beta.7","beta.8","sigma2","delta"
"1",0.32895525847602,3.371875,3.371875,2.141145795713,3.371875,1.92789121285124,2.75864033551003,3.371875,0,0.00104311115537573
