"","beta.1","beta.2","beta.3","beta.4","beta.5","beta.6","beta.7","beta.8","sigma2","delta"
"1",2.39901554278891,0.000226217428844178,9.65871489840269e-05,0.0118082140523291,1.67859327154486e-08,0.0367496954371424,0.16927044387838,0.0170677473579565,1.26128289542196,0
