beta.1,beta.2,beta.3,beta.4,beta.5,beta.6,beta.7,beta.8,sigma2,delta
1.900205256565402845e+00,5.953848265591574091e+03,7.329188807857642132e+03,3.319566967865637253e+01,6.207763615211730212e+03,2.823327222463671049e+01,1.936676501254551042e+01,3.929876891890096147e+01,8.694044655326716509e+01,5.562684646268136855e-309
