beta.1,beta.2,beta.3,beta.4,beta.5,beta.6,beta.7,beta.8,sigma2,delta
2.219210205298264960e+00,1.079012575407644135e+03,5.375860721734737808e+02,2.385388760954319665e+01,2.345585581114274191e+03,1.333659355561305304e+01,1.016382743157376112e+01,2.117807184897610995e+01,2.094172877319503101e+01,5.562684646268136855e-309
