"","beta.1","beta.2","beta.3","beta.4","beta.5","beta.6","beta.7","beta.8","sigma2","delta"
"1",0.848589541936534,1e-10,1.47195158066196e-10,0.032126299648367,1e-10,0.0196203963451728,0.0862225836045847,0.00785176658360484,0.668078941229019,0
