beta.1,beta.2,beta.3,beta.4,beta.5,beta.6,beta.7,beta.8,sigma2,delta
8.544963083505804136e+00,5.709874474432823481e+05,7.084397434170384659e+05,5.598703775009413164e+01,6.499202552245541010e+05,4.678559917440036742e+01,3.066464388883892411e+01,5.562343176774016484e+01,3.278187349370123371e+01,5.562684646268136855e-309
