"","beta.1","beta.2","beta.3","beta.4","beta.5","beta.6","beta.7","beta.8","sigma2","delta"
"1",0.587368704369363,1.975,1.975,1.975,1.975,1.975,1.975,1.975,0.0321382012559437,0
