beta.1,beta.2,beta.3,beta.4,beta.5,beta.6,beta.7,beta.8,sigma2,delta
2.093557636468841299e+00,5.720860448612376786e+03,8.217874485996806470e+03,3.210784601205997291e+01,9.682875955985604378e+03,2.581077340906244189e+01,1.027283527469212210e+01,2.953504750692987457e+01,5.852496268806881830e+01,5.562684646268136855e-309
