"","beta.1","beta.2","beta.3","beta.4","beta.5","beta.6","beta.7","beta.8","sigma2","delta"
"1",4.80858669258768,4.64775044029483e-10,7.6784366714129e-07,0.0324610735775536,3.40384392332111e-17,0.0333310246499956,0.203891304312948,0.00926310222700273,0.842731649265908,0
