"","beta.1","beta.2","beta.3","beta.4","beta.5","beta.6","beta.7","beta.8","beta.9","beta.10","beta.11","beta.12","beta.13","beta.14","beta.15","beta.16","beta.17","beta.18","beta.19","beta.20","beta.21","beta.22","beta.23","beta.24","beta.25","beta.26","beta.27","beta.28","beta.29","beta.30","beta.31","beta.32","beta.33","beta.34","beta.35","beta.36","beta.37","beta.38","beta.39","beta.40","beta.41","beta.42","beta.43","beta.44","sigma2","delta"
"1",0.380160785061887,0.183290080054063,-0.0375986929503,0.0453100141362033,0.040163849138251,-0.00593137587968996,-0.00527922024734376,0.0467436345622999,-0.030821794028561,0.223426110357805,0.118424230599623,0.0223540562571452,0.0470367897716414,0.0208570523146899,0.117004589811405,-0.142780990099416,-0.060480513276682,-0.0289533906557988,-0.0271092018942332,-0.0198924523409887,-0.137164941584881,-0.104198849491045,-0.0339216772248247,0.00661655245388841,-0.124074117204374,0.0892645050455988,0.0175585537781118,-0.0481728102492261,-0.132824425200266,0.0186366054366512,-0.0496084533280824,-0.143979982217227,-0.115615469202478,-0.0318677458773075,0.0352276897421783,-0.0759233666610986,0.233387499837058,0.0147899009975857,0.118757867407227,0.058288776223876,0.021915801592077,-0.0211804488624906,0.0231650906680634,-0.00257076104736259,0.000331015123197601,0
