beta.1,beta.2,beta.3,beta.4,beta.5,beta.6,beta.7,beta.8,sigma2,delta
6.734098283799929696e+00,5.191075123842654284e+05,6.089980943202056224e+05,6.130583726675525469e+01,7.362522209106520750e+05,6.337086637868305417e+01,2.879527815077103270e+01,9.936592210717287799e+01,4.804705002129234259e+01,5.562684646268136855e-309
