beta.1,beta.2,beta.3,beta.4,beta.5,beta.6,beta.7,beta.8,sigma2,delta
6.363275383097150240e+00,4.473621896168672247e+05,4.717492848493588972e+05,6.743565663617945916e+01,4.659132898519834271e+05,4.759816976333230087e+01,3.812096874270667257e+01,8.910590611700692421e+01,3.836714458674961037e+01,5.562684646268136855e-309
