"","beta.1","beta.2","beta.3","beta.4","beta.5","beta.6","beta.7","beta.8","sigma2","delta"
"1",0.553983467089058,1.975,1.975,1.975,1.975,1.975,1.22470823967849,1.975,0.101577297265964,0
