"","beta.1","beta.2","beta.3","beta.4","beta.5","beta.6","beta.7","beta.8","sigma2","delta"
"1",0.548672474253498,-0.00955876720435242,0.00785335375667684,0.218068823351188,-0.0132642772988231,-0.211220887511384,-0.194854143060975,0.10535962340809,0.00250009502318256,0
