"","beta.1","beta.2","beta.3","beta.4","beta.5","beta.6","beta.7","beta.8","sigma2","delta"
"1",0.315926999867552,64,64,22.3705794760559,64,19.4753577793101,9.31904745749405,22.0596423565608,0,"1e-06"
