"","beta.1","beta.2","beta.3","beta.4","beta.5","beta.6","beta.7","beta.8","sigma2","delta"
"1",0.877530628359036,1e-10,1e-10,0.0391348137464902,1e-10,0.0366068806758923,0.0621659496707608,0.016481113511493,0.377345134906645,0
