beta.1,beta.2,beta.3,beta.4,beta.5,beta.6,beta.7,beta.8,sigma2,delta
2.363596056039711346e+00,1.540582315252954459e+03,7.672114896817223780e+03,3.004612816296092603e+01,8.162021334274255651e+02,2.135562423542716459e+01,1.186370650177622643e+01,2.766523593374398260e+01,4.424477447431128496e+01,5.562684646268136855e-309
