"","beta.1","beta.2","beta.3","beta.4","beta.5","beta.6","beta.7","beta.8","sigma2","delta"
"1",0.389692035653507,3.68015625,3.68015625,3.6044090416931,3.68015625,2.72185483784617,2.39776929482835,3.68015625,0,0.00149897142020397
