beta.1,beta.2,beta.3,beta.4,beta.5,beta.6,beta.7,beta.8,sigma2,delta
6.568612988818059328e+00,1.542297462302668253e+06,1.264386331817199010e+06,5.410628423005405807e+01,1.267893570887394017e+06,5.698561544059032968e+01,3.823299629589619997e+01,1.182610270075582122e+02,4.773683974175786915e+01,5.562684646268136855e-309
