"","beta.1","beta.2","beta.3","beta.4","beta.5","beta.6","beta.7","beta.8","sigma2","delta"
"1",0.442501465609942,1.975,1.975,1.4010492855019,1.975,1.28598297782144,1.76423190441597,1.975,0.0604189539551397,0
