"","beta.1","beta.2","beta.3","beta.4","beta.5","beta.6","beta.7","beta.8","sigma2","delta"
"1",3.73195687015503,1.23397299496069e-06,1e-10,0.00770966579427245,2.77008526117822e-07,0.0059563185912813,0.0244553698812737,0.00168194935548079,10.9245555791377,9.85631614539563e-08
