"","beta.1","beta.2","beta.3","beta.4","beta.5","beta.6","beta.7","beta.8","sigma2","delta"
"1",0.478513850736043,1.975,1.975,1.975,1.975,1.975,1.71099824103569,1.94675748651113,0.0681566428442657,0
