"","beta.1","beta.2","beta.3","beta.4","beta.5","beta.6","beta.7","beta.8","sigma2","delta"
"1",1.14704518045917,1.03369185742337e-05,4.91082815443980e-09,0.0268738899584356,6.31898352345302e-07,0.0389289559373483,0.0542805121653971,0.0115600173850109,0.394909072575214,0
