"","beta.1","beta.2","beta.3","beta.4","beta.5","beta.6","beta.7","beta.8","sigma2","delta"
"1",0.790508386250569,1.975,1.975,1.975,1.975,1.975,1.975,1.975,0.0286333089941663,0
