"","beta.1","beta.2","beta.3","beta.4","beta.5","beta.6","beta.7","beta.8","sigma2","delta"
"1",0.605595162013683,1.975,1.975,1.86068780882522,1.975,1.7765216539424,1.975,1.975,0.040292316699041,0
