"","beta.1","beta.2","beta.3","beta.4","beta.5","beta.6","beta.7","beta.8","sigma2","delta"
"1",0.509153927301146,1.975,1.975,1.975,1.975,1.975,1.7415843566903,1.975,0.0646055476746918,2.52401776254534e-05
