"","beta.1","beta.2","beta.3","beta.4","beta.5","beta.6","beta.7","beta.8","sigma2","delta"
"1",1.09059840903623,1.2260842102436e-10,1e-10,0.0344688810281826,1e-10,0.0415222976010104,0.0542684977883852,0.0259146433815945,0.304421174387139,0
