"","beta.1","beta.2","beta.3","beta.4","beta.5","beta.6","beta.7","beta.8","sigma2","delta"
"1",1.42742167174272,2.42233450681581e-05,1e-10,0.045658084873167,1.40160375239786e-10,0.047554681919897,0.0398704636837839,0.00791213385433862,0.371359320992488,0
