"","beta.1","beta.2","beta.3","beta.4","beta.5","beta.6","beta.7","beta.8","sigma2","delta"
"1",3.74785772281855,0.00128058047026779,2.75436637254849e-05,0.0220365718018623,4.51979416736393e-06,0.00679577834147414,0.0695525628774818,0.00393283099011169,2.62275546684804,0
