"","beta.1","beta.2","beta.3","beta.4","beta.5","beta.6","beta.7","beta.8","sigma2","delta"
"1",3.41702210042291,3.75461054786354e-07,4.5607617120065e-07,0.00641946564602262,1.98899404683351e-07,0.014812689111962,0.0487468459548251,0.00577081529194385,3.93854778764413,1.60377034382184e-06
