"","beta.1","beta.2","beta.3","beta.4","beta.5","beta.6","beta.7","beta.8","sigma2","delta"
"1",0.751543933046061,1.975,1.975,1.975,1.975,1.86797539897525,1.975,1.975,0.0276296137709929,0
