"","beta.1","beta.2","beta.3","beta.4","beta.5","beta.6","beta.7","beta.8","sigma2","delta"
"1",5.1610529536518,1.91532592469117e-05,7.14511402023224e-05,0.0764143814575974,6.99636104166847e-09,0.0395650752194688,0.0470605858837498,0.00714933987618774,0.975366620575781,0
