"","beta.1","beta.2","beta.3","beta.4","beta.5","beta.6","beta.7","beta.8","sigma2","delta"
"1",0.475909966321996,1.37797062686016,1.975,1.93437927336369,1.975,1.975,1.97499978742759,1.975,0.0646294714191014,4.92273021895796e-06
