"","beta.1","beta.2","beta.3","beta.4","beta.5","beta.6","beta.7","beta.8","sigma2","delta"
"1",0.597679493815252,6.88386734739144e-05,-0.0191620410043694,0.202563234470763,0.0150915887906001,-0.23478102328348,-0.239079169696523,0.130922189104256,0.0025023592413257,0
