"","beta.1","beta.2","beta.3","beta.4","beta.5","beta.6","beta.7","beta.8","sigma2","delta"
"1",0.646418777915267,1.975,1.975,1.975,1.975,1.975,1.53972804808564,1.975,0.0469754786276206,4.69754793334159e-10
