"","beta.1","beta.2","beta.3","beta.4","beta.5","beta.6","beta.7","beta.8","sigma2","delta"
"1",0.534192824449287,0.0199698756135287,0.0350590168538145,0.212934117701266,0.0112091383017897,-0.220179498693159,-0.18894522423689,0.11421178063022,0.0023374526936634,0
