"","beta.1","beta.2","beta.3","beta.4","beta.5","beta.6","beta.7","beta.8","beta.9","beta.10","beta.11","beta.12","beta.13","beta.14","beta.15","beta.16","beta.17","beta.18","beta.19","beta.20","beta.21","beta.22","beta.23","beta.24","beta.25","beta.26","beta.27","beta.28","beta.29","beta.30","beta.31","beta.32","beta.33","beta.34","beta.35","beta.36","beta.37","beta.38","beta.39","beta.40","beta.41","beta.42","beta.43","beta.44","sigma2","delta"
"1",0.425934729565536,0.15529194199423,-0.019174147429832,0.0322667706506696,0.0712468976129396,-0.0424436787401088,-0.00816283127254415,-0.0462110532728945,0.0661082192133246,0.171607796350589,0.15353433019524,0.035861365668665,0.0126374842963021,-0.0423762267694634,-0.296061714843023,0.147896295927477,0.0268848304236244,-0.0283032061409993,0.140400815601164,0.127699200899148,0.1978726692515,-0.315325218342855,-0.229023431792884,-0.0209464524389985,-0.0620018826154108,-0.0762885274642925,-0.031280488425376,-0.0256886632013217,-0.151380513004368,-0.134766620667849,-0.022954387185311,-0.164676158564607,0.0800473754081314,0.0159929337424781,0.0857354589008568,-0.132999679855387,0.0274063312533298,0.206655596957012,0.0746503664361937,0.0209164914792762,0.0634203070343737,-0.047430993408381,-0.118546056893207,0.0927133974409671,0.000542127869983469,0
