beta.1,beta.2,beta.3,beta.4,sigma2,delta
1.033822854202551544e-01,2.309777630182355210e+02,1.868018710635176092e+02,3.068519529139925428e+00,4.460013198197761085e+04,4.132613212990930718e-13
