beta.1,beta.2,beta.3,beta.4,sigma2,delta
1.403837362799605026e+00,2.215945037869599538e-02,4.519782935398139467e-02,2.031914683554557691e-02,1.165143367660628201e+03,2.220446049250313081e-15
