beta.1,beta.2,beta.3,beta.4,sigma2,delta,mu
0.70711,0.039373,0.088388,0.012402,1738,0,0.56285
