"","beta.1","beta.2","beta.3","beta.4","sigma2","delta"
"1",61.3559460428221,4.75108230879276e-07,9.37055410325044e-07,0.0134980873460597,158060.386406471,0.00346135401900268
