"","beta.1","beta.2","beta.3","beta.4","sigma2","delta"
"1",21.2953855318843,4.45424978845677e-11,0.0160716907245663,0.394243195257514,9875.02631820917,0.00546451468296272
