"","beta.1","beta.2","beta.3","beta.4","sigma2","delta"
"1",0.143822865446543,2.70394913978606,2.70394913978606,2.30811067105462,0,6.73057524936639e-06
