beta.1,beta.2,beta.3,beta.4,sigma2,delta,mu
1.8877,0.0069601,0.0011613,0.015625,3651.6,0,0.98199
