"","beta.1","beta.2","beta.3","beta.4","sigma2","delta"
"1",8.43235736196828,0.000246285980623335,0.116610854096099,0.179625764361793,1388.66230657718,0
