"","beta.1","beta.2","beta.3","beta.4","beta.5","beta.6","beta.7","beta.8","beta.9","beta.10","beta.11","beta.12","beta.13","beta.14","sigma2","delta"
"1",56.8439673067366,35.1147989473758,8.00852922698275,-7.46216343522842,-7.71964858670288,-7.12962890997398,8.89941270088261,0.692438656941667,0.367408103779855,-26.7020280904559,-25.6596558175629,1.57602946252905,7.74066856358963,6.71385181072117,31.5253022059891,0
