beta.1,beta.2,beta.3,beta.4,sigma2,delta,mu
0.21022,0.13243,0.046822,0.016554,4874,0,0.2037
