"","beta.1","beta.2","beta.3","beta.4","sigma2","delta"
"1",33.9298341925376,1.17082739256717e-05,7.30148461095116e-07,0.177059324327496,20975.2007458119,5.69081817888872e-08
