"","beta.1","beta.2","beta.3","beta.4","beta.5","beta.6","beta.7","beta.8","beta.9","beta.10","beta.11","beta.12","beta.13","beta.14","sigma2","delta"
"1",53.2237186195341,31.5543548462683,-10.5064216575918,8.42887155347529,12.5221898412016,-1.18631268788214,1.27307367066718,-14.2489501026605,11.1690482001984,-37.3671246246551,-22.6876455614002,7.25097062033742,-10.443373957397,22.276053125546,27.3640571910388,0
