"","beta.1","beta.2","beta.3","beta.4","beta.5","beta.6","beta.7","beta.8","beta.9","beta.10","beta.11","beta.12","beta.13","beta.14","sigma2","delta"
"1",59.0251875160834,25.6346077956248,-3.0329513653313,18.0301882996696,4.06220723196826,8.36406667984078,4.98000676196528,-11.6118933199584,-9.52327156436877,-19.57631069347,-38.0813306734487,-4.29975746009187,7.63337989992178,8.9993946405696,18.7222185405019,0
