"","beta.1","beta.2","beta.3","beta.4","sigma2","delta"
"1",27.1258409144227,2.69343467071883e-06,2.35947377184389e-07,0.102259803817887,120716.21182322,0.000221006715787779
