"","beta.1","beta.2","beta.3","beta.4","sigma2","delta"
"1",78.0029968352259,4.36910285642305,-0.927519029786825,-28.1694132772221,36.442909598249,0
