"","beta.1","beta.2","beta.3","beta.4","sigma2","delta"
"1",0.0418595857141802,16,16,9.61284392272847,0,"1e-06"
