beta.1,beta.2,beta.3,beta.4,sigma2,delta
1.328538343893669871e-01,3.517055992375573510e+02,1.434442706989838143e+03,1.997312900221425158e+00,7.980403600387994084e+04,2.302252162674711070e-04
