"","beta.1","beta.2","beta.3","beta.4","beta.5","beta.6","beta.7","beta.8","beta.9","beta.10","beta.11","beta.12","beta.13","beta.14","sigma2","delta"
"1",67.3319261834068,32.9022054122703,6.94905597739474,-3.38093085738581,-2.24857926434379,15.4947836398119,3.450892941961,-4.90332623698666,-12.6356597375156,-26.9522091932409,-46.8084491914625,1.98231452485455,-2.60750057502693,20.5256551553706,19.9673317798421,0
