"","beta.1","beta.2","beta.3","beta.4","sigma2","delta"
"1",35.3628510598989,2.57199852308128e-05,0.00113392648681623,0.0868443117481166,37270.386688752,5.33396248204066e-08
