"","beta.1","beta.2","beta.3","beta.4","sigma2","delta"
"1",80.2934216477639,-1.81202742584459,1.8315564743684,-28.7600472380478,46.9030949312193,0
