"","beta.1","beta.2","beta.3","beta.4","sigma2","delta"
"1",6.62459289556411,1.6597690137667e-05,0.00036308332196206,0.0276937552388266,9801.8939850888,0
