"","beta.1","beta.2","beta.3","beta.4","sigma2","delta"
"1",0.122023140243143,16,16,5.36576372042541,0,"1e-06"
