"","beta.1","beta.2","beta.3","beta.4","sigma2","delta"
"1",37.2191796679426,8.12690307169872e-06,9.20395727031358e-07,0.174015723488933,27136.6281538883,0
