"","beta.1","beta.2","beta.3","beta.4","sigma2","delta"
"1",0.0690119315602858,16,16,7.50285404480041,0,"1e-06"
