beta.1,beta.2,beta.3,beta.4,sigma2,delta
9.291234846481959408e-01,1.000000000000000048e-04,1.000000000000000048e-04,1.317300223852715946e-01,6.963312359635179746e+03,2.220446049250313081e-15
