"","beta.1","beta.2","beta.3","beta.4","sigma2","delta"
"1",21.1144023656305,1e-10,0.000134610734710439,0.134622144197087,30163.6752605204,7.14810515162357e-08
