"","beta.1","beta.2","beta.3","beta.4","sigma2","delta"
"1",28.8898097374634,1.14553253727704e-15,0.000330357607482177,0.11477780740136,40151.2536507778,0
