"","beta.1","beta.2","beta.3","beta.4","beta.5","beta.6","beta.7","beta.8","beta.9","beta.10","beta.11","beta.12","beta.13","beta.14","sigma2","delta"
"1",71.0535828429559,33.5625518115852,0.377653862082875,-9.17772218967239,-2.06793863898176,22.8196255682498,8.33745727087956,-11.5726597821082,-19.7071975801508,-34.5166168851732,-49.7510608864545,17.537062710044,-2.09475470353516,22.7503772582068,31.1144911913735,0
