"","beta.1","beta.2","beta.3","beta.4","sigma2","delta"
"1",81.1607424788067,-4.52248005929408,0.481970820223596,-31.2416260273041,61.3284928188229,0
