beta.1,beta.2,beta.3,beta.4,sigma2,delta
7.249055551890570825e-02,2.018980095512606113e+03,3.069763595766601725e+02,2.926007215429487385e+00,2.611860615595211493e+04,1.231952283024357041e-15
