"","beta.1","beta.2","beta.3","beta.4","sigma2","delta"
"1",79.0072316870704,0.224780631094565,0.209372254599853,-31.9503604228158,43.6651041663006,0
