"","beta.1","beta.2","beta.3","beta.4","sigma2","delta"
"1",32.1386048123846,1.82437801485825e-05,0.000596125176610064,0.0566893112153412,97974.8892530018,0
