"","beta.1","beta.2","beta.3","beta.4","sigma2","delta"
"1",0.315173316834764,2.92603936052819,1.19948831772907,2.92603936052819,0,8.3301571014211e-05
