beta.1,beta.2,beta.3,beta.4,sigma2,delta
1.285524337790997784e-01,2.220318046199256212e+00,2.517860813284604262e+02,1.640394985912023929e+00,5.498665686452639420e+03,1.231952283024357041e-15
