"","beta.1","beta.2","beta.3","beta.4","sigma2","delta"
"1",0.156027366093436,2.54049133200051,2.54049133200051,1.84935827130414,0,8.77605080094014e-05
