"","beta.1","beta.2","beta.3","beta.4","sigma2","delta"
"1",29.0789372208162,8.80194553636965e-06,7.08458674747048e-06,0.0347943065912981,155486.927673361,0.000825256314006619
