beta.1,beta.2,beta.3,beta.4,sigma2,delta
1.654212515112691850e-01,1.221524478557082512e+04,7.894132736638306369e+01,2.369801544639964952e+00,9.918809858299435291e+04,1.225990213713620087e-03
