beta.1,beta.2,beta.3,beta.4,sigma2,delta
4.329867528281751698e-01,1.263719774298465159e-01,2.700203428583573123e-03,2.074887389764302689e-02,9.450518103060458088e+03,2.220446049250313081e-15
