"","beta.1","beta.2","beta.3","beta.4","sigma2","delta"
"1",2.46768345034415,1e-10,8.32765583745427e-06,0.0559142713193818,5583.12553176932,0
