"","beta.1","beta.2","beta.3","beta.4","sigma2","delta"
"1",35.563023354911,1.94073748309047e-14,0.00734594793967576,0.150903741182512,16647.933564563,0
