"","beta.1","beta.2","beta.3","beta.4","sigma2","delta"
"1",0.158823137850805,2.71667584607311,2.71667584607311,2.71667584607311,0,3.00610727888526e-05
