"","beta.1","beta.2","beta.3","beta.4","sigma2","delta"
"1",14.2042220232964,0.00317281152226255,0.0833512422995896,0.0649502735430511,13998.2336444359,7.16961481284651e-08
