"","beta.1","beta.2","beta.3","beta.4","sigma2","delta"
"1",33.1577271774651,2.46667593030922e-05,1.91237701896315e-05,0.0499380135218486,44650.1545727015,5.93567383094433e-08
