"","beta.1","beta.2","beta.3","beta.4","sigma2","delta"
"1",79.2910100870987,3.77100761522388,-2.45923952696706,-27.7488129616118,46.4234310466306,0
