beta.1,beta.2,beta.3,beta.4,sigma2,delta,mu
3.1748,0.0034801,0.00097656,0.027841,1441.6,0,0.72603
