beta.1,beta.2,beta.3,beta.4,sigma2,delta,mu
0.56123,0.11136,0.017538,0.055681,1779.2,0,0.079572
