"","beta.1","beta.2","beta.3","beta.4","sigma2","delta"
"1",11.6093987899631,0.00358747851134584,1e-10,0.0587313927140368,2054.74407295714,0
