"","beta.1","beta.2","beta.3","beta.4","sigma2","delta"
"1",18.3192552536593,3.58905453985565e-16,6.82752634621848e-05,0.0867280632509187,100920.048769038,0.0013644818377201
