beta.1,beta.2,beta.3,beta.4,sigma2,delta
3.523864013971516607e-01,1.712547310735206474e-04,5.068999701220480367e-03,4.051858746872141759e-02,1.916175459431923809e+05,2.220446049250313081e-15
