"","beta.1","beta.2","beta.3","beta.4","sigma2","delta"
"1",6.21758509005263,1.22784696976285e-10,1.33227966335782e-10,0.0557459490586446,4637.95682994798,0
