"","beta.1","beta.2","beta.3","beta.4","sigma2","delta"
"1",0.164065423913334,2.88790251442605,2.88790251442605,1.62251171777587,0,1.69179627320719e-05
