"","beta.1","beta.2","beta.3","beta.4","sigma2","delta"
"1",59.679877349388,7.39835057779243e-14,2.98365513444505e-06,0.192461737169259,16818.5093976408,0
