beta.1,beta.2,beta.3,beta.4,sigma2,delta
5.635347518598763372e-01,6.426958102602408317e-04,1.393115452211776684e-02,1.338779286534822269e-02,2.215027688237083566e+04,2.220446049250313081e-15
